# WaveFront *.obj file (generated by Autodesk ATF)

mtllib RC Wheel V1.mtl

g Body1

v 0.000000 0.735000 -0.360267
v -0.312000 0.735000 -0.180133
v -0.302245 0.734039 -0.174502
v -0.292866 0.731194 -0.169086
v -0.284221 0.726573 -0.164095
v -0.276645 0.720355 -0.159721
v -0.270427 0.712779 -0.156131
v -0.265806 0.704134 -0.153463
v -0.262961 0.694755 -0.151820
v -0.262000 0.685000 -0.151266
v 0.000000 0.685000 -0.302532
v 0.000000 0.694755 -0.303641
v 0.000000 0.704134 -0.306926
v 0.000000 0.712779 -0.312262
v 0.000000 0.720355 -0.319442
v 0.000000 0.726573 -0.328191
v 0.000000 0.731194 -0.338172
v 0.000000 0.734039 -0.349003
v -0.143500 0.728301 -0.248549
v -0.149530 0.733296 -0.258993
v -0.138322 0.720355 -0.239581
v -0.134349 0.710000 -0.232700
v -0.131852 0.697941 -0.228374
v -0.312000 0.735000 0.180133
v -0.302245 0.734039 0.174502
v -0.292866 0.731194 0.169086
v -0.284221 0.726573 0.164095
v -0.276645 0.720355 0.159721
v -0.270427 0.712779 0.156131
v -0.265806 0.704134 0.153463
v -0.262961 0.694755 0.151820
v -0.262000 0.685000 0.151266
v -0.287000 0.728301 -0.000000
v -0.299059 0.733296 -0.000000
v -0.276645 0.720355 -0.000000
v -0.268699 0.710000 -0.000000
v -0.263704 0.697941 -0.000000
v -0.000000 0.735000 0.360267
v -0.000000 0.734039 0.349003
v -0.000000 0.731194 0.338172
v -0.000000 0.726573 0.328191
v -0.000000 0.720355 0.319442
v -0.000000 0.712779 0.312262
v -0.000000 0.704134 0.306926
v -0.000000 0.694755 0.303641
v -0.000000 0.685000 0.302532
v -0.143500 0.728301 0.248549
v -0.149530 0.733296 0.258993
v -0.138322 0.720355 0.239581
v -0.134349 0.710000 0.232700
v -0.131852 0.697941 0.228374
v 0.312000 0.735000 0.180133
v 0.302245 0.734039 0.174502
v 0.292866 0.731194 0.169086
v 0.284221 0.726573 0.164095
v 0.276645 0.720355 0.159721
v 0.270427 0.712779 0.156131
v 0.265806 0.704134 0.153463
v 0.262961 0.694755 0.151820
v 0.262000 0.685000 0.151266
v 0.143500 0.728301 0.248549
v 0.149530 0.733296 0.258993
v 0.138322 0.720355 0.239581
v 0.134349 0.710000 0.232700
v 0.131852 0.697941 0.228374
v 0.262000 0.685000 -0.151266
v 0.312000 0.735000 -0.180133
v 0.302245 0.734039 -0.174502
v 0.292866 0.731194 -0.169086
v 0.284221 0.726573 -0.164095
v 0.276645 0.720355 -0.159721
v 0.270427 0.712779 -0.156131
v 0.265806 0.704134 -0.153463
v 0.262961 0.694755 -0.151820
v 0.263704 0.697941 0.000000
v 0.268699 0.710000 0.000000
v 0.276645 0.720355 0.000000
v 0.287000 0.728301 0.000000
v 0.299059 0.733296 0.000000
v 0.131852 0.697941 -0.228374
v 0.134349 0.710000 -0.232700
v 0.138322 0.720355 -0.239581
v 0.143500 0.728301 -0.248549
v 0.149530 0.733296 -0.258993
v 0.262000 0.000000 -0.151266
v 0.262000 0.000000 0.151266
v 0.000000 0.000000 -0.302532
v -0.262000 0.000000 -0.151266
v -0.551500 0.735000 0.000000
v -0.532708 0.735000 0.142739
v -0.477613 0.735000 0.275750
v -0.389969 0.735000 0.389969
v -0.275750 0.735000 0.477613
v -0.142739 0.735000 0.532708
v 0.000000 0.735000 0.551500
v 0.142739 0.735000 0.532708
v 0.275750 0.735000 0.477613
v 0.389969 0.735000 0.389969
v 0.477613 0.735000 0.275750
v 0.532708 0.735000 0.142739
v 0.551500 0.735000 0.000000
v 0.532708 0.735000 -0.142739
v 0.477613 0.735000 -0.275750
v 0.389969 0.735000 -0.389969
v 0.275750 0.735000 -0.477613
v 0.142739 0.735000 -0.532708
v 0.000000 0.735000 -0.551500
v -0.142739 0.735000 -0.532708
v -0.275750 0.735000 -0.477613
v -0.389969 0.735000 -0.389969
v -0.477613 0.735000 -0.275750
v -0.532708 0.735000 -0.142739
v -0.314929 -0.700000 1.549297
v -0.314929 -0.683216 1.549297
v -0.105605 -0.683216 1.577450
v 0.105605 -0.683216 1.577450
v 0.314929 -0.683216 1.549297
v 0.314929 -0.700000 1.549297
v 0.105605 -0.700000 1.577450
v -0.105605 -0.700000 1.577450
v 1.376150 -0.700000 0.778274
v 1.376150 -0.683216 0.778274
v 1.467610 -0.683216 0.587895
v 1.532878 -0.683216 0.387023
v 1.570787 -0.683216 0.179244
v 1.570787 -0.700000 0.179244
v 1.532878 -0.700000 0.387023
v 1.467610 -0.700000 0.587895
v 1.165437 -0.700000 -1.068297
v 1.165437 -0.683216 -1.068297
v 1.012638 -0.683216 -1.214111
v 0.841766 -0.683216 -1.338257
v 0.655871 -0.683216 -1.438518
v 0.655871 -0.700000 -1.438518
v 0.841766 -0.700000 -1.338257
v 1.012638 -0.700000 -1.214111
v -0.655871 -0.700000 -1.438518
v -0.655871 -0.683216 -1.438518
v -0.841766 -0.683216 -1.338257
v -1.012638 -0.683216 -1.214111
v -1.165437 -0.683216 -1.068297
v -1.165437 -0.700000 -1.068297
v -1.012638 -0.700000 -1.214111
v -0.841766 -0.700000 -1.338257
v -1.570787 -0.700000 0.179244
v -1.570787 -0.683216 0.179244
v -1.532878 -0.683216 0.387023
v -1.467610 -0.683216 0.587895
v -1.376150 -0.683216 0.778274
v -1.376150 -0.700000 0.778274
v -1.467610 -0.700000 0.587895
v -1.532878 -0.700000 0.387023
v -0.157290 -0.669773 1.450000
v -0.032421 -0.668625 1.450000
v -0.046162 -0.646151 1.321897
v -0.057037 -0.618515 1.208423
v -0.067702 -0.551964 1.016465
v -0.058066 -0.459136 0.831412
v -0.032421 -0.333981 0.643138
v -0.130035 -0.343088 0.643138
v -0.135916 -0.344290 0.643584
v -0.141517 -0.346082 0.644867
v -0.146719 -0.348360 0.646887
v -0.151442 -0.351019 0.649538
v -0.159306 -0.357142 0.656366
v -0.164927 -0.363892 0.664716
v -0.236308 -0.463889 0.807673
v -0.319575 -0.554588 0.974434
v -0.326505 -0.562514 0.992504
v -0.329833 -0.570120 1.011692
v -0.329356 -0.577167 1.031345
v -0.324976 -0.583453 1.050729
v -0.269966 -0.628079 1.215761
v -0.202826 -0.665858 1.417179
v -0.199930 -0.666821 1.424041
v -0.195997 -0.667669 1.430386
v -0.191125 -0.668388 1.436047
v -0.185418 -0.668968 1.440894
v -0.179028 -0.669401 1.444796
v -0.172100 -0.669682 1.447658
v -0.164788 -0.669806 1.449411
v 0.319575 -0.554588 0.974434
v 0.236310 -0.463890 0.807677
v 0.164927 -0.363892 0.664716
v 0.159312 -0.357149 0.656374
v 0.151447 -0.351022 0.649542
v 0.146718 -0.348360 0.646887
v 0.141515 -0.346082 0.644866
v 0.135909 -0.344288 0.643583
v 0.130035 -0.343088 0.643138
v 0.032421 -0.333981 0.643138
v 0.049093 -0.413795 0.757318
v 0.062133 -0.482617 0.873115
v 0.067837 -0.531579 0.970586
v 0.067470 -0.566084 1.051652
v 0.055252 -0.624698 1.231517
v 0.032421 -0.668625 1.450000
v 0.157290 -0.669773 1.450000
v 0.164786 -0.669806 1.449411
v 0.172095 -0.669682 1.447660
v 0.179035 -0.669401 1.444792
v 0.185437 -0.668967 1.440881
v 0.191136 -0.668387 1.436036
v 0.196010 -0.667667 1.430368
v 0.199933 -0.666820 1.424035
v 0.202826 -0.665858 1.417179
v 0.269966 -0.628079 1.215761
v 0.324976 -0.583453 1.050729
v 0.329361 -0.577154 1.031307
v 0.329829 -0.570101 1.011643
v 0.326498 -0.562502 0.992480
v 0.322792 -0.681881 1.531623
v -0.322792 -0.681881 1.531623
v -0.369808 -0.666945 1.390575
v -0.412998 -0.647011 1.261006
v -0.452115 -0.623989 1.143656
v -0.486912 -0.599784 1.039265
v -0.491295 -0.594626 1.019849
v -0.491763 -0.588648 1.000163
v -0.488426 -0.582015 0.980988
v -0.481510 -0.574913 0.962970
v -0.415306 -0.510473 0.830382
v -0.358463 -0.440763 0.716540
v -0.311401 -0.371986 0.622288
v -0.274541 -0.310348 0.548466
v -0.255132 -0.283883 0.521781
v -0.242211 -0.270917 0.511070
v -0.227289 -0.258628 0.502486
v -0.116259 -0.258628 0.539107
v 0.000000 -0.258628 0.551500
v 0.116297 -0.258628 0.539098
v 0.227289 -0.258628 0.502486
v 0.242211 -0.270917 0.511070
v 0.255132 -0.283883 0.521781
v 0.274541 -0.310348 0.548466
v 0.311397 -0.371981 0.622279
v 0.358456 -0.440755 0.716526
v 0.415300 -0.510467 0.830369
v 0.481510 -0.574913 0.962970
v 0.488432 -0.582025 0.981013
v 0.491767 -0.588663 1.000210
v 0.491291 -0.594636 1.019885
v 0.486912 -0.599784 1.039265
v 0.452115 -0.623989 1.143656
v 0.412998 -0.647011 1.261006
v 0.369808 -0.666945 1.390575
v 0.010068 -0.679740 1.542402
v 0.000000 -0.679740 1.542435
v 0.081387 -0.679740 1.540286
v 0.227132 -0.372532 0.659117
v -0.303417 -0.661308 1.369908
v -0.274549 -0.633499 1.236840
v -0.164221 -0.679740 1.533667
v 0.000000 -0.372532 0.697155
v 0.000000 -0.481980 0.874249
v 0.000000 -0.529984 0.969659
v 0.000000 -0.571336 1.067254
v 0.000000 -0.605706 1.166354
v 0.000000 -0.633499 1.266945
v 0.000000 -0.661308 1.403107
v -0.412060 -0.633499 1.198064
v -0.379453 -0.605706 1.102904
v -0.347312 -0.571336 1.009161
v -0.315643 -0.529984 0.916847
v -0.284666 -0.481980 0.826606
v -0.227132 -0.372532 0.659117
v -0.334030 -0.571336 1.013635
v -0.367525 -0.605706 1.106936
v -0.401914 -0.633499 1.201506
v 0.284666 -0.481980 0.826606
v 0.315643 -0.529984 0.916847
v 0.347312 -0.571336 1.009161
v 0.379453 -0.605706 1.102904
v 0.412060 -0.633499 1.198064
v 0.303417 -0.661308 1.369908
v 0.274549 -0.633499 1.236840
v 0.052948 -0.605706 1.165152
v 0.049380 -0.571336 1.066111
v 0.045710 -0.529984 0.968581
v 0.041975 -0.481980 0.873241
v 0.034689 -0.372532 0.696291
v 0.046130 -0.481980 0.873032
v 0.051165 -0.529984 0.968308
v 0.056314 -0.571336 1.065767
v 0.036786 -0.372532 0.696183
v 0.164221 -0.679740 1.533667
v 1.356912 -0.681881 0.780291
v 1.208239 -0.666945 0.781420
v 1.071665 -0.647011 0.782457
v 0.947970 -0.623989 0.783396
v 0.837936 -0.599784 0.784231
v 0.818114 -0.594626 0.782400
v 0.799248 -0.588648 0.776762
v 0.782043 -0.582015 0.767662
v 0.767044 -0.574913 0.755518
v 0.661403 -0.510473 0.651582
v 0.570699 -0.440763 0.562342
v 0.495603 -0.371986 0.488458
v 0.436784 -0.310348 0.430589
v 0.417403 -0.283883 0.403884
v 0.411209 -0.270917 0.388286
v 0.407656 -0.258628 0.371441
v 0.476840 -0.258628 0.277085
v 0.524566 -0.258628 0.170243
v 0.548668 -0.258628 0.055821
v 0.548129 -0.258628 -0.060888
v 0.560904 -0.270917 -0.072427
v 0.575084 -0.283883 -0.081406
v 0.606460 -0.310348 -0.091618
v 0.688050 -0.371981 -0.103861
v 0.792226 -0.440755 -0.119493
v 0.918063 -0.510467 -0.138376
v 1.064634 -0.574913 -0.160369
v 1.083933 -0.582025 -0.161377
v 1.103219 -0.588663 -0.158616
v 1.121780 -0.594634 -0.152087
v 1.138864 -0.599784 -0.141930
v 1.227393 -0.623989 -0.076577
v 1.326911 -0.647011 -0.003112
v 1.436793 -0.666945 0.078003
v 1.556408 -0.681881 0.166304
v 1.330427 -0.669773 0.597666
v 1.369013 -0.668625 0.478908
v 1.242934 -0.646151 0.452392
v 1.131653 -0.618515 0.427669
v 0.945794 -0.551964 0.378494
v 0.772777 -0.459136 0.312145
v 0.601642 -0.333981 0.229574
v 0.571478 -0.343088 0.322411
v 0.570085 -0.344290 0.328141
v 0.569574 -0.346076 0.333848
v 0.569886 -0.348353 0.339421
v 0.570947 -0.351014 0.344739
v 0.575011 -0.357140 0.354335
v 0.581217 -0.363892 0.362264
v 0.695120 -0.463889 0.474327
v 0.827988 -0.554588 0.605051
v 0.843032 -0.562514 0.617225
v 0.860254 -0.570120 0.626320
v 0.879087 -0.577165 0.631939
v 0.898880 -0.583453 0.633764
v 1.072834 -0.628079 0.632444
v 1.285140 -0.665858 0.630832
v 1.292562 -0.666821 0.630198
v 1.299811 -0.667669 0.628418
v 1.306701 -0.668388 0.625533
v 1.313075 -0.668968 0.621604
v 1.318760 -0.669401 0.616732
v 1.323623 -0.669682 0.611027
v 1.327549 -0.669806 0.604615
v 1.025496 -0.554588 -0.002817
v 0.841170 -0.463890 0.024842
v 0.683148 -0.363892 0.048554
v 0.673479 -0.357149 0.051315
v 0.664551 -0.351022 0.056685
v 0.660564 -0.348360 0.060362
v 0.657035 -0.346082 0.064685
v 0.654082 -0.344288 0.069621
v 0.651844 -0.343088 0.075070
v 0.621679 -0.333981 0.167907
v 0.735422 -0.413795 0.187334
v 0.849582 -0.482617 0.210715
v 0.944045 -0.531579 0.235411
v 1.021030 -0.566084 0.260811
v 1.188316 -0.624698 0.328012
v 1.389050 -0.668625 0.417241
v 1.427637 -0.669773 0.298483
v 1.429394 -0.669806 0.291169
v 1.429986 -0.669682 0.283673
v 1.429404 -0.669401 0.276192
v 1.427663 -0.668967 0.268897
v 1.424820 -0.668387 0.261987
v 1.420937 -0.667668 0.255600
v 1.416124 -0.666820 0.249907
v 1.410494 -0.665858 0.245033
v 1.239682 -0.628079 0.118938
v 1.099726 -0.583453 0.015622
v 1.082610 -0.577154 0.005451
v 1.064052 -0.570101 -0.001071
v 1.044791 -0.562500 -0.003825
v 0.927406 -0.605706 0.707319
v 1.518576 -0.679740 0.270245
v 1.177240 -0.661308 0.763423
v 1.062997 -0.633499 0.689338
v 1.247537 -0.661308 0.642152
v 0.858825 -0.571336 0.633602
v 0.832334 -0.571336 0.668021
v 0.543699 -0.372532 0.436366
v 0.681813 -0.481980 0.547214
v 0.756221 -0.529984 0.606934
v 0.909620 -0.605706 0.730050
v 0.584929 -0.372532 0.379318
v 0.664071 -0.372532 0.212212
v 0.672932 -0.372532 0.182174
v 0.843473 -0.481980 0.229924
v 0.935301 -0.529984 0.255833
v 1.029192 -0.571336 0.282482
v 1.124487 -0.605706 0.309694
v 1.343381 -0.661308 0.405015
v 1.211920 -0.633499 0.369325
v 1.114930 -0.605706 0.342509
v 1.019492 -0.571336 0.315700
v 0.925617 -0.529984 0.288914
v 0.833953 -0.481980 0.262365
v 0.697097 -0.372532 -0.008994
v 0.874177 -0.481980 -0.011278
v 0.969578 -0.529984 -0.012509
v 1.067165 -0.571336 -0.013768
v 1.166257 -0.605706 -0.015046
v 1.266840 -0.633499 -0.016344
v 1.532824 -0.679740 0.171913
v 1.394365 -0.661308 0.156384
v 0.901578 -0.529984 0.356926
v 0.812867 -0.481980 0.321807
v 1.497535 -0.679740 0.369452
v 1.434138 -0.679740 0.567762
v 1.371417 -0.679740 0.705917
v 0.314216 -0.554588 -0.976175
v 0.283562 -0.463890 -0.792324
v 0.257281 -0.363892 -0.634708
v 0.256921 -0.357145 -0.624653
v 0.259270 -0.351019 -0.614504
v 0.261535 -0.348358 -0.609577
v 0.264556 -0.346081 -0.604886
v 0.268337 -0.344288 -0.600554
v 0.272827 -0.343088 -0.596742
v 0.351798 -0.333981 -0.539366
v 0.405423 -0.413795 -0.641539
v 0.462937 -0.482617 -0.742886
v 0.515615 -0.531579 -0.825094
v 0.563561 -0.566084 -0.890462
v 0.679168 -0.624698 -1.028794
v 0.826060 -0.668625 -1.192131
v 0.725039 -0.669773 -1.265527
v 0.718628 -0.669806 -1.269457
v 0.711685 -0.669682 -1.272336
v 0.704384 -0.669401 -1.274095
v 0.696906 -0.668967 -1.274694
v 0.689448 -0.668387 -1.274124
v 0.682174 -0.667667 -1.272404
v 0.675278 -0.666820 -1.269586
v 0.668907 -0.665858 -1.265740
v 0.496200 -0.628079 -1.142253
v 0.354692 -0.583453 -1.041074
v 0.339748 -0.577163 -1.027960
v 0.327822 -0.570123 -1.012354
v 0.319232 -0.562513 -0.994869
v 0.979539 -0.669773 -1.080622
v 0.878517 -0.668625 -1.154018
v 0.814338 -0.646151 -1.042303
v 0.756437 -0.618515 -0.944109
v 0.652235 -0.551964 -0.782543
v 0.535669 -0.459136 -0.638496
v 0.404256 -0.333981 -0.501254
v 0.483228 -0.343088 -0.443877
v 0.488247 -0.344290 -0.440782
v 0.493531 -0.346082 -0.438527
v 0.498927 -0.348359 -0.437104
v 0.504308 -0.351018 -0.436472
v 0.514683 -0.357142 -0.437373
v 0.524139 -0.363892 -0.440825
v 0.665916 -0.463889 -0.514523
v 0.831300 -0.554588 -0.600492
v 0.847521 -0.562508 -0.611033
v 0.861479 -0.570108 -0.624583
v 0.872654 -0.577159 -0.640767
v 0.880515 -0.583453 -0.659042
v 0.933013 -0.628079 -0.824890
v 0.997087 -0.665858 -1.027303
v 0.998778 -0.666821 -1.034563
v 0.999324 -0.667670 -1.042008
v 0.998709 -0.668388 -1.049451
v 0.996942 -0.668969 -1.056726
v 0.994064 -0.669401 -1.063637
v 0.990142 -0.669682 -1.070024
v 0.985258 -0.669806 -1.075739
v 1.161410 -0.681881 -1.049376
v 1.116541 -0.666945 -0.907631
v 1.075323 -0.647011 -0.777421
v 1.037993 -0.623989 -0.659491
v 1.004785 -0.599784 -0.554584
v 0.996918 -0.594626 -0.536298
v 0.985726 -0.588648 -0.520098
v 0.971754 -0.582015 -0.506546
v 0.955570 -0.574913 -0.496035
v 0.824076 -0.510473 -0.427682
v 0.711175 -0.440763 -0.368994
v 0.617700 -0.371986 -0.320404
v 0.544488 -0.310348 -0.282347
v 0.513103 -0.283884 -0.272167
v 0.496358 -0.270921 -0.271096
v 0.479234 -0.258628 -0.272923
v 0.410865 -0.258628 -0.367889
v 0.323996 -0.258628 -0.446295
v 0.222693 -0.258628 -0.504539
v 0.111473 -0.258628 -0.540117
v 0.104448 -0.270912 -0.555826
v 0.100290 -0.283879 -0.572087
v 0.100272 -0.310348 -0.605089
v 0.113841 -0.371981 -0.686469
v 0.131166 -0.440755 -0.790377
v 0.152094 -0.510467 -0.915890
v 0.176470 -0.574913 -1.062084
v 0.181475 -0.582026 -1.080750
v 0.190062 -0.588663 -1.098241
v 0.202007 -0.594634 -1.113874
v 0.216945 -0.599784 -1.126983
v 0.306456 -0.623989 -1.190983
v 0.407078 -0.647011 -1.262930
v 0.518178 -0.666945 -1.342367
v 0.639121 -0.681881 -1.428841
v 0.902791 -0.679740 -1.250629
v 0.279082 -0.315373 -0.553330
v 0.480785 -0.633499 -1.172176
v 0.190807 -0.315373 -0.589621
v 0.389332 -0.633499 -1.205641
v 0.359439 -0.605706 -1.109588
v 0.298728 -0.529984 -0.922497
v 0.269294 -0.481980 -0.831741
v 0.241048 -0.428769 -0.744626
v 0.214678 -0.372532 -0.663278
v 0.235546 -0.315373 -0.573218
v 0.642022 -0.605706 -0.973750
v 0.586694 -0.571336 -0.891527
v 0.532336 -0.529984 -0.810467
v 0.567544 -0.529984 -0.786214
v 0.479319 -0.481980 -0.731140
v 0.428538 -0.428769 -0.654926
v 0.381206 -0.372532 -0.583701
v 0.408046 -0.372532 -0.565263
v 0.821242 -0.661308 -1.137660
v 0.741547 -0.633499 -1.027258
v 0.682670 -0.605706 -0.945697
v 0.624667 -0.571336 -0.865345
v 0.511701 -0.481980 -0.708854
v 0.458099 -0.428769 -0.634601
v 0.895706 -0.679740 -1.255713
v 0.362727 -0.315373 -0.502483
v 0.694606 -0.679740 -1.377181
v 0.531870 -0.661308 -1.298393
v 0.631863 -0.661308 -1.252780
v 1.090666 -0.679740 -1.090666
v 0.438213 -0.315373 -0.438213
v 0.782951 -0.529984 -0.572037
v 0.705912 -0.481980 -0.515752
v 0.631967 -0.428769 -0.461726
v 0.562917 -0.372532 -0.411277
v 0.500398 -0.315373 -0.365599
v 0.867455 -0.571336 -0.621734
v 1.022995 -0.633499 -0.747417
v 0.941772 -0.605706 -0.688075
v 1.047462 -0.633499 -0.712723
v 0.956225 -0.605706 -0.667844
v 0.992146 -0.661308 -0.992146
v -0.639121 -0.681881 -1.428841
v -0.518178 -0.666945 -1.342367
v -0.407078 -0.647011 -1.262929
v -0.306456 -0.623989 -1.190983
v -0.216945 -0.599784 -1.126983
v -0.201985 -0.594626 -1.113850
v -0.190036 -0.588648 -1.098200
v -0.181465 -0.582015 -1.080725
v -0.176470 -0.574913 -1.062084
v -0.152096 -0.510473 -0.915904
v -0.131169 -0.440763 -0.790393
v -0.113843 -0.371986 -0.686478
v -0.100272 -0.310348 -0.605089
v -0.100290 -0.283878 -0.572087
v -0.104448 -0.270912 -0.555827
v -0.111473 -0.258628 -0.540117
v -0.222918 -0.258628 -0.504440
v -0.324331 -0.258628 -0.446051
v -0.411029 -0.258628 -0.367705
v -0.479234 -0.258628 -0.272923
v -0.496358 -0.270921 -0.271096
v -0.513103 -0.283884 -0.272168
v -0.544488 -0.310348 -0.282347
v -0.617692 -0.371981 -0.320400
v -0.711161 -0.440755 -0.368987
v -0.824064 -0.510467 -0.427675
v -0.955570 -0.574913 -0.496035
v -0.971775 -0.582026 -0.506563
v -0.985757 -0.588663 -0.520135
v -0.996934 -0.594634 -0.536326
v -1.004785 -0.599784 -0.554584
v -1.037993 -0.623989 -0.659491
v -1.075323 -0.647011 -0.777421
v -1.116541 -0.666945 -0.907631
v -1.161410 -0.681881 -1.049376
v -0.725039 -0.669773 -1.265527
v -0.826060 -0.668625 -1.192131
v -0.739645 -0.646151 -1.096571
v -0.664149 -0.618515 -1.011160
v -0.542691 -0.551964 -0.862132
v -0.441715 -0.459136 -0.706757
v -0.351798 -0.333981 -0.539366
v -0.272827 -0.343088 -0.596742
v -0.268334 -0.344289 -0.600558
v -0.264556 -0.346081 -0.604887
v -0.261536 -0.348357 -0.609576
v -0.259271 -0.351017 -0.614501
v -0.256921 -0.357143 -0.624649
v -0.257281 -0.363892 -0.634708
v -0.283561 -0.463889 -0.792320
v -0.314216 -0.554588 -0.976175
v -0.319228 -0.562508 -0.994860
v -0.327802 -0.570108 -1.012322
v -0.339740 -0.577159 -1.027951
v -0.354692 -0.583453 -1.041074
v -0.496200 -0.628079 -1.142253
v -0.668907 -0.665858 -1.265740
v -0.675283 -0.666821 -1.269589
v -0.682194 -0.667669 -1.272410
v -0.689464 -0.668388 -1.274127
v -0.696929 -0.668968 -1.274694
v -0.704393 -0.669401 -1.274094
v -0.711680 -0.669682 -1.272338
v -0.718626 -0.669806 -1.269458
v -0.831300 -0.554588 -0.600492
v -0.665919 -0.463890 -0.514525
v -0.524139 -0.363892 -0.440825
v -0.514691 -0.357147 -0.437375
v -0.504311 -0.351021 -0.436472
v -0.498925 -0.348358 -0.437104
v -0.493530 -0.346081 -0.438528
v -0.488241 -0.344288 -0.440785
v -0.483228 -0.343088 -0.443877
v -0.404256 -0.333981 -0.501254
v -0.484857 -0.413795 -0.583827
v -0.563471 -0.482617 -0.669844
v -0.625378 -0.531579 -0.745347
v -0.672730 -0.566084 -0.811147
v -0.768567 -0.624698 -0.963842
v -0.878517 -0.668625 -1.154018
v -0.979539 -0.669773 -1.080622
v -0.985259 -0.669806 -1.075737
v -0.990145 -0.669682 -1.070021
v -0.994074 -0.669400 -1.063618
v -0.996955 -0.668966 -1.056687
v -0.998715 -0.668385 -1.049416
v -0.999325 -0.667667 -1.041985
v -0.998775 -0.666819 -1.034541
v -0.997087 -0.665858 -1.027303
v -0.933013 -0.628079 -0.824890
v -0.880515 -0.583453 -0.659042
v -0.872661 -0.577163 -0.640777
v -0.861503 -0.570123 -0.624611
v -0.847529 -0.562513 -0.611039
v -0.171264 -0.372532 -0.675791
v -0.940610 -0.679740 -1.222439
v -1.027302 -0.679740 -1.150546
v -0.631563 -0.679740 -1.407207
v -0.574515 -0.661308 -1.280095
v -0.754315 -0.679740 -1.345405
v -0.415041 -0.633499 -1.197034
v -0.382379 -0.605706 -1.101893
v -0.381070 -0.633499 -1.208278
v -0.353304 -0.605706 -1.111557
v -0.325562 -0.571336 -1.016386
v -0.214769 -0.481980 -0.847459
v -0.286528 -0.605706 -1.130612
v -0.262183 -0.571336 -1.034549
v -0.287258 -0.481980 -0.825709
v -0.228861 -0.372532 -0.658519
v -0.412517 -0.372532 -0.562009
v -0.520468 -0.481980 -0.702442
v -0.650835 -0.571336 -0.845840
v -0.700670 -0.605706 -0.932439
v -0.711268 -0.605706 -0.924381
v -0.848754 -0.661308 -1.117285
v -0.763374 -0.633499 -1.011143
v -0.639218 -0.571336 -0.854653
v -0.772611 -0.633499 -1.004103
v -0.533136 -0.481980 -0.692876
v -0.425140 -0.372532 -0.552522
v -0.566301 -0.372532 -0.406605
v -0.710156 -0.481980 -0.509893
v -0.866934 -0.571336 -0.622460
v -0.947434 -0.605706 -0.680258
v -1.029144 -0.633499 -0.738927
v -1.108678 -0.679740 -1.072352
v -1.008531 -0.661308 -0.975486
v -0.849347 -0.679740 -1.287522
v -0.641801 -0.605706 -0.973896
v -0.587330 -0.571336 -0.891109
v -0.481213 -0.481980 -0.729894
v -0.383813 -0.372532 -0.581990
v -0.727695 -0.605706 -0.911505
v -0.666594 -0.571336 -0.833477
v -0.437333 -0.372532 -0.542922
v -0.547237 -0.481980 -0.681794
v -1.556408 -0.681881 0.166304
v -1.436793 -0.666945 0.078003
v -1.326911 -0.647011 -0.003112
v -1.227393 -0.623989 -0.076578
v -1.138864 -0.599784 -0.141930
v -1.121752 -0.594626 -0.152100
v -1.103173 -0.588647 -0.158628
v -1.083899 -0.582012 -0.161379
v -1.064634 -0.574913 -0.160369
v -0.918077 -0.510473 -0.138378
v -0.792242 -0.440763 -0.119496
v -0.688059 -0.371986 -0.103863
v -0.606460 -0.310348 -0.091618
v -0.575084 -0.283883 -0.081405
v -0.560904 -0.270917 -0.072427
v -0.548129 -0.258628 -0.060888
v -0.548638 -0.258628 0.056115
v -0.524453 -0.258628 0.170590
v -0.476731 -0.258628 0.277271
v -0.407656 -0.258628 0.371441
v -0.411209 -0.270917 0.388286
v -0.417404 -0.283883 0.403884
v -0.436784 -0.310348 0.430589
v -0.495596 -0.371981 0.488451
v -0.570688 -0.440755 0.562331
v -0.661393 -0.510467 0.651572
v -0.767044 -0.574913 0.755518
v -0.782065 -0.582025 0.767677
v -0.799293 -0.588663 0.776780
v -0.818147 -0.594635 0.782407
v -0.837936 -0.599784 0.784231
v -0.947970 -0.623989 0.783396
v -1.071665 -0.647011 0.782457
v -1.208239 -0.666945 0.781420
v -1.356912 -0.681881 0.780291
v -1.427637 -0.669773 0.298483
v -1.389050 -0.668625 0.417241
v -1.271464 -0.646151 0.364586
v -1.166904 -0.618515 0.319177
v -0.987637 -0.551964 0.249716
v -0.808664 -0.459136 0.201696
v -0.621679 -0.333981 0.167907
v -0.651844 -0.343088 0.075070
v -0.654085 -0.344290 0.069615
v -0.657036 -0.346082 0.064685
v -0.660565 -0.348360 0.060361
v -0.664546 -0.351019 0.056689
v -0.673469 -0.357142 0.051319
v -0.683148 -0.363892 0.048554
v -0.841166 -0.463889 0.024842
v -1.025496 -0.554588 -0.002817
v -1.044823 -0.562514 -0.003824
v -1.064100 -0.570119 -0.001060
v -1.082639 -0.577164 0.005464
v -1.099726 -0.583453 0.015622
v -1.239682 -0.628079 0.118938
v -1.410494 -0.665858 0.245033
v -1.416121 -0.666820 0.249904
v -1.420929 -0.667666 0.255589
v -1.424815 -0.668387 0.261978
v -1.427663 -0.668967 0.268896
v -1.429404 -0.669401 0.276193
v -1.429986 -0.669682 0.283672
v -1.429394 -0.669806 0.291169
v -0.827988 -0.554588 0.605051
v -0.695122 -0.463890 0.474330
v -0.581217 -0.363892 0.362264
v -0.575019 -0.357151 0.354348
v -0.570952 -0.351023 0.344755
v -0.569888 -0.348360 0.339436
v -0.569574 -0.346080 0.333858
v -0.570085 -0.344289 0.328137
v -0.571478 -0.343088 0.322411
v -0.601642 -0.333981 0.229574
v -0.705082 -0.413795 0.280714
v -0.811181 -0.482617 0.328899
v -0.902120 -0.531579 0.364445
v -0.979331 -0.566084 0.389146
v -1.154168 -0.624698 0.433107
v -1.369013 -0.668625 0.478908
v -1.330427 -0.669773 0.597666
v -1.327550 -0.669806 0.604613
v -1.323626 -0.669682 0.611024
v -1.318754 -0.669401 0.616738
v -1.313056 -0.668967 0.621618
v -1.306687 -0.668387 0.625541
v -1.299791 -0.667667 0.628424
v -1.292555 -0.666820 0.630199
v -1.285140 -0.665858 0.630832
v -1.072834 -0.628079 0.632444
v -0.898880 -0.583453 0.633764
v -0.879083 -0.577163 0.631939
v -0.860260 -0.570123 0.626323
v -0.843034 -0.562513 0.617227
v -1.265307 -0.633499 0.064418
v -1.166042 -0.605706 -0.026966
v -1.525771 -0.679740 0.226113
v -1.468748 -0.679740 0.471047
v -1.387949 -0.661308 0.205688
v -1.401292 -0.661308 0.071342
v -1.067226 -0.571336 -0.007754
v -1.066281 -0.571336 -0.045555
v -0.696519 -0.372532 -0.029758
v -0.873453 -0.481980 -0.037317
v -0.968775 -0.529984 -0.041389
v -1.165291 -0.605706 -0.049785
v -0.696253 -0.372532 0.035447
v -0.661988 -0.372532 0.218623
v -0.651493 -0.372532 0.248157
v -0.817531 -0.481980 0.309767
v -0.907050 -0.529984 0.342781
v -0.998672 -0.571336 0.376410
v -1.091763 -0.605706 0.410409
v -1.324882 -0.661308 0.461948
v -1.197557 -0.633499 0.413532
v -1.103330 -0.605706 0.378211
v -1.010363 -0.571336 0.343799
v -0.918672 -0.529984 0.310291
v -0.828907 -0.481980 0.277893
v -0.832484 -0.481980 0.266988
v -0.558377 -0.372532 0.417420
v -0.700219 -0.481980 0.523455
v -0.776636 -0.529984 0.580581
v -0.854804 -0.571336 0.639016
v -0.934177 -0.605706 0.698352
v -1.014744 -0.633499 0.758581
v -1.348176 -0.679740 0.749350
v -1.226396 -0.661308 0.681661
v -1.435158 -0.679740 0.565178
v -1.495592 -0.679740 0.377238
v -0.923335 -0.529984 0.296126
v -1.016268 -0.571336 0.325930
v -1.110634 -0.605706 0.356195
v -1.206419 -0.633499 0.386914
v -0.847814 -0.481980 0.213363
v -0.663849 -0.372532 0.212905
v -0.813445 -0.481980 0.320342
v -0.902219 -0.529984 0.355302
v -0.993026 -0.571336 0.391063
v -1.336076 -0.661308 0.428497
v 0.250264 0.000000 0.517308
v 0.128354 0.000000 0.560147
v 0.000000 0.000000 0.574665
v 0.000000 -0.060788 0.633597
v 0.000000 -0.150483 0.733739
v 0.000000 -0.245847 0.867502
v 0.000000 -0.331527 1.018842
v 0.000000 -0.398954 1.177951
v 0.000000 -0.461423 1.420000
v 0.018022 -0.461423 1.419886
v 0.036042 -0.461423 1.419542
v 0.122217 -0.461423 1.414731
v 0.207941 -0.461423 1.404692
v 0.293663 -0.461423 1.389303
v 0.378280 -0.461423 1.368687
v 0.499322 -0.461423 1.329315
v 0.616352 -0.461423 1.279262
v 0.728430 -0.461423 1.218930
v 0.834655 -0.461423 1.148804
v 0.934174 -0.461423 1.069448
v 1.026187 -0.461423 0.981499
v 1.109955 -0.461423 0.885664
v 1.184804 -0.461423 0.782713
v 1.230559 -0.461423 0.708608
v 1.271684 -0.461423 0.631837
v 1.307722 -0.461423 0.553411
v 1.338928 -0.461423 0.472940
v 1.350500 -0.461423 0.438804
v 1.361203 -0.461423 0.404385
v 1.383256 -0.461423 0.320940
v 1.400199 -0.461423 0.236310
v 1.412052 -0.461423 0.150028
v 1.418594 -0.461423 0.063182
v 1.418552 -0.461423 -0.064102
v 1.407113 -0.461423 -0.190872
v 1.384368 -0.461423 -0.316108
v 1.350500 -0.461423 -0.438804
v 1.305781 -0.461423 -0.557975
v 1.250570 -0.461423 -0.672662
v 1.185311 -0.461423 -0.781944
v 1.110529 -0.461423 -0.884944
v 1.054190 -0.461423 -0.951359
v 0.993885 -0.461423 -1.014195
v 0.930434 -0.461423 -1.072704
v 0.863544 -0.461423 -1.127249
v 0.834655 -0.461423 -1.148804
v 0.805228 -0.461423 -1.169619
v 0.732682 -0.461423 -1.216379
v 0.657430 -0.461423 -1.258645
v 0.579034 -0.461423 -1.296580
v 0.498459 -0.461423 -1.329638
v 0.377392 -0.461423 -1.368932
v 0.253292 -0.461423 -1.397227
v 0.127157 -0.461423 -1.414295
v 0.000000 -0.461423 -1.420000
v -0.127157 -0.461423 -1.414295
v -0.253292 -0.461423 -1.397227
v -0.377392 -0.461423 -1.368932
v -0.498459 -0.461423 -1.329638
v -0.579034 -0.461423 -1.296580
v -0.657430 -0.461423 -1.258645
v -0.732682 -0.461423 -1.216379
v -0.805228 -0.461423 -1.169619
v -0.834655 -0.461423 -1.148804
v -0.863544 -0.461423 -1.127249
v -0.930434 -0.461423 -1.072704
v -0.993885 -0.461423 -1.014195
v -1.054190 -0.461423 -0.951359
v -1.110529 -0.461423 -0.884944
v -1.185311 -0.461423 -0.781944
v -1.250570 -0.461423 -0.672662
v -1.305781 -0.461423 -0.557975
v -1.350500 -0.461423 -0.438804
v -1.384368 -0.461423 -0.316108
v -1.407113 -0.461423 -0.190872
v -1.418552 -0.461423 -0.064102
v -1.418594 -0.461423 0.063182
v -1.412052 -0.461423 0.150028
v -1.400199 -0.461423 0.236310
v -1.383256 -0.461423 0.320940
v -1.361203 -0.461423 0.404385
v -1.350500 -0.461423 0.438804
v -1.338928 -0.461423 0.472940
v -1.307722 -0.461423 0.553411
v -1.271684 -0.461423 0.631837
v -1.230559 -0.461423 0.708608
v -1.184804 -0.461423 0.782713
v -1.109955 -0.461423 0.885664
v -1.026187 -0.461423 0.981499
v -0.934174 -0.461423 1.069448
v -0.834655 -0.461423 1.148804
v -0.728430 -0.461423 1.218930
v -0.616352 -0.461423 1.279262
v -0.499322 -0.461423 1.329315
v -0.378280 -0.461423 1.368687
v -0.293663 -0.461423 1.389303
v -0.207941 -0.461423 1.404692
v -0.122217 -0.461423 1.414731
v -0.036042 -0.461423 1.419542
v -0.027033 -0.461423 1.419743
v -0.018022 -0.461423 1.419886
v -0.009011 -0.461423 1.419971
v -0.128282 0.000000 0.560164
v -0.250264 0.000000 0.517308
v -0.264075 -0.019716 0.531829
v -0.274541 -0.039894 0.548466
v -0.283627 -0.060705 0.566664
v -0.325382 -0.145768 0.650288
v -0.353437 -0.193137 0.706473
v -0.388086 -0.245832 0.775866
v -0.481510 -0.358687 0.962970
v -0.488407 -0.367018 0.980921
v -0.491756 -0.374814 1.000073
v -0.491304 -0.381847 1.019776
v -0.486912 -0.387916 1.039265
v -0.473855 -0.398968 1.078436
v -0.429801 -0.431736 1.210597
v -0.377747 -0.461070 1.366759
v -0.498759 -0.461070 1.327390
v -0.615823 -0.461070 1.277296
v -0.727778 -0.461070 1.216989
v -0.833658 -0.461070 1.147056
v -0.932845 -0.461070 1.067953
v -1.024723 -0.461070 0.980136
v -1.108484 -0.461070 0.884300
v -1.183135 -0.461070 0.781611
v -1.018531 -0.431736 0.782860
v -0.879224 -0.398968 0.783918
v -0.837936 -0.387916 0.784231
v -0.818008 -0.381835 0.782379
v -0.799123 -0.374797 0.776711
v -0.781966 -0.367006 0.767611
v -0.767044 -0.358687 0.755518
v -0.617968 -0.245832 0.608847
v -0.562678 -0.193137 0.554450
v -0.517912 -0.145768 0.510407
v -0.451284 -0.060705 0.444854
v -0.436784 -0.039894 0.430589
v -0.424196 -0.019716 0.415495
v -0.414654 0.000000 0.397872
v -0.492998 -0.000000 0.295284
v -0.546545 -0.000000 0.177563
v -0.572390 -0.000000 0.051077
v -0.569325 0.000000 -0.078158
v -0.587403 -0.019716 -0.086806
v -0.606460 -0.039894 -0.091618
v -0.626575 -0.060705 -0.094637
v -0.719009 -0.145768 -0.108507
v -0.781114 -0.193137 -0.117826
v -0.857818 -0.245832 -0.129336
v -1.064634 -0.358687 -0.160369
v -1.083838 -0.367018 -0.161381
v -1.103086 -0.374813 -0.158649
v -1.121681 -0.381845 -0.152133
v -1.138864 -0.387916 -0.141930
v -1.172083 -0.398968 -0.117408
v -1.284162 -0.431736 -0.034670
v -1.416596 -0.461070 0.063093
v -1.416546 -0.461070 -0.064195
v -1.405089 -0.461070 -0.190913
v -1.382382 -0.461070 -0.315821
v -1.348602 -0.461070 -0.438173
v -1.303928 -0.461070 -0.557221
v -1.248677 -0.461070 -0.671959
v -1.183534 -0.461070 -0.781006
v -1.108965 -0.461070 -0.883698
v -1.059288 -0.431736 -0.726763
v -1.017245 -0.398968 -0.593948
v -1.004785 -0.387916 -0.554584
v -0.996865 -0.381835 -0.536203
v -0.985638 -0.374797 -0.519995
v -0.971682 -0.367006 -0.506489
v -0.955570 -0.358687 -0.496035
v -0.770011 -0.245832 -0.399578
v -0.701191 -0.193137 -0.363804
v -0.645470 -0.145768 -0.334839
v -0.562536 -0.060705 -0.291729
v -0.544488 -0.039894 -0.282347
v -0.526243 -0.019716 -0.275039
v -0.506534 0.000000 -0.271410
v -0.433067 -0.000000 -0.377747
v -0.337775 -0.000000 -0.464917
v -0.225443 -0.000000 -0.528597
v -0.101598 0.000000 -0.565612
v -0.098960 -0.019708 -0.585471
v -0.100272 -0.039894 -0.605089
v -0.103617 -0.060705 -0.625153
v -0.118990 -0.145768 -0.717349
v -0.129318 -0.193137 -0.779293
v -0.142075 -0.245832 -0.855800
v -0.176470 -0.358687 -1.062084
v -0.181442 -0.367018 -1.080661
v -0.189989 -0.374814 -1.098124
v -0.201933 -0.381845 -1.113795
v -0.216945 -0.387916 -1.126983
v -0.250532 -0.398968 -1.150998
v -0.363855 -0.431736 -1.232025
v -0.497757 -0.461070 -1.327766
v -0.376701 -0.461070 -1.367048
v -0.252888 -0.461070 -1.395267
v -0.127078 -0.461070 -1.412294
v -0.000028 -0.461070 -1.418000
v 0.127224 -0.461070 -1.412281
v 0.253129 -0.461070 -1.395224
v 0.376890 -0.461070 -1.366996
v 0.497757 -0.461070 -1.327766
v 0.363855 -0.431736 -1.232025
v 0.250532 -0.398968 -1.150998
v 0.216945 -0.387916 -1.126983
v 0.201911 -0.381835 -1.113771
v 0.189965 -0.374797 -1.098085
v 0.181433 -0.367006 -1.080638
v 0.176470 -0.358687 -1.062084
v 0.142075 -0.245832 -0.855800
v 0.129318 -0.193137 -0.779293
v 0.118990 -0.145768 -0.717349
v 0.103617 -0.060705 -0.625153
v 0.100272 -0.039894 -0.605089
v 0.098960 -0.019708 -0.585471
v 0.101598 0.000000 -0.565612
v 0.225434 -0.000000 -0.528601
v 0.337784 -0.000000 -0.464910
v 0.433060 -0.000000 -0.377755
v 0.506534 0.000000 -0.271410
v 0.526243 -0.019716 -0.275039
v 0.544488 -0.039894 -0.282347
v 0.562536 -0.060705 -0.291729
v 0.645470 -0.145768 -0.334839
v 0.701191 -0.193137 -0.363804
v 0.770011 -0.245832 -0.399578
v 0.955570 -0.358687 -0.496035
v 0.971701 -0.367018 -0.506504
v 0.985668 -0.374814 -0.520029
v 0.996881 -0.381845 -0.536231
v 1.004785 -0.387916 -0.554584
v 1.017245 -0.398968 -0.593948
v 1.059288 -0.431736 -0.726763
v 1.108965 -0.461070 -0.883698
v 1.183570 -0.461070 -0.780951
v 1.248670 -0.461070 -0.671973
v 1.303847 -0.461070 -0.557410
v 1.348605 -0.461070 -0.438165
v 1.382409 -0.461070 -0.315700
v 1.405102 -0.461070 -0.190820
v 1.416542 -0.461070 -0.064281
v 1.416596 -0.461070 0.063093
v 1.284162 -0.431736 -0.034670
v 1.172083 -0.398968 -0.117408
v 1.138864 -0.387916 -0.141930
v 1.121654 -0.381835 -0.152145
v 1.103043 -0.374797 -0.158659
v 1.083808 -0.367004 -0.161383
v 1.064634 -0.358687 -0.160369
v 0.857818 -0.245832 -0.129336
v 0.781114 -0.193137 -0.117826
v 0.719009 -0.145768 -0.108507
v 0.626575 -0.060705 -0.094637
v 0.606460 -0.039894 -0.091618
v 0.587403 -0.019716 -0.086806
v 0.569325 0.000000 -0.078158
v 0.572407 -0.000000 0.050887
v 0.546533 -0.000000 0.177599
v 0.493096 -0.000000 0.295121
v 0.414654 0.000000 0.397872
v 0.424196 -0.019716 0.415495
v 0.436784 -0.039894 0.430589
v 0.451284 -0.060705 0.444854
v 0.517912 -0.145768 0.510407
v 0.562678 -0.193137 0.554450
v 0.617968 -0.245832 0.608847
v 0.767044 -0.358687 0.755518
v 0.781986 -0.367018 0.767624
v 0.799165 -0.374814 0.776728
v 0.818040 -0.381845 0.782386
v 0.837936 -0.387916 0.784231
v 0.879224 -0.398968 0.783918
v 1.018531 -0.431736 0.782860
v 1.183135 -0.461070 0.781611
v 1.108507 -0.461070 0.884271
v 1.024851 -0.461070 0.980002
v 0.932794 -0.461070 1.067998
v 0.833473 -0.461070 1.147190
v 0.727570 -0.461070 1.217113
v 0.615726 -0.461070 1.277343
v 0.498640 -0.461070 1.327434
v 0.377747 -0.461070 1.366759
v 0.429801 -0.431736 1.210597
v 0.473855 -0.398968 1.078436
v 0.486912 -0.387916 1.039265
v 0.491309 -0.381835 1.019741
v 0.491753 -0.374797 1.000029
v 0.488401 -0.367006 0.980899
v 0.481510 -0.358687 0.962970
v 0.388086 -0.245832 0.775866
v 0.353437 -0.193137 0.706473
v 0.325382 -0.145768 0.650288
v 0.283627 -0.060705 0.566664
v 0.274541 -0.039894 0.548466
v 0.264075 -0.019716 0.531829
v 0.164927 -0.109506 0.664716
v 0.202773 -0.176852 0.740510
v 0.248082 -0.245884 0.831253
v 0.319575 -0.334809 0.974434
v 0.326485 -0.344075 0.992432
v 0.329824 -0.352997 1.011575
v 0.329369 -0.361300 1.031246
v 0.324976 -0.368738 1.050729
v 0.295088 -0.398934 1.140395
v 0.254647 -0.432394 1.261717
v 0.207648 -0.461070 1.402714
v 0.035991 -0.461070 1.417543
v 0.049495 -0.433625 1.291243
v 0.060209 -0.398751 1.176547
v 0.068291 -0.329543 1.012571
v 0.061956 -0.245778 0.865324
v 0.047614 -0.158454 0.742369
v 0.032421 -0.071269 0.643138
v 0.130035 -0.083144 0.643138
v 0.136141 -0.084771 0.643619
v 0.141867 -0.087170 0.644977
v 0.147091 -0.090154 0.647066
v 0.151777 -0.093574 0.649761
v 0.159459 -0.101236 0.656541
v -0.035991 -0.461070 1.417543
v -0.207648 -0.461070 1.402714
v -0.254647 -0.432394 1.261717
v -0.295088 -0.398934 1.140395
v -0.324976 -0.368738 1.050729
v -0.329373 -0.361286 1.031211
v -0.329821 -0.352978 1.011532
v -0.326479 -0.344063 0.992411
v -0.319575 -0.334809 0.974434
v -0.248083 -0.245885 0.831254
v -0.202773 -0.176852 0.740511
v -0.164927 -0.109506 0.664716
v -0.159474 -0.101257 0.656559
v -0.151790 -0.093586 0.649770
v -0.147101 -0.090160 0.647070
v -0.141860 -0.087166 0.644974
v -0.136139 -0.084770 0.643619
v -0.130035 -0.083144 0.643138
v -0.032421 -0.071269 0.643138
v -0.047617 -0.158747 0.742754
v -0.061899 -0.245775 0.865330
v -0.068292 -0.330194 1.013892
v -0.060295 -0.398733 1.176560
v -0.049476 -0.433788 1.291902
v 0.683148 -0.109506 0.048554
v 0.766927 -0.176852 0.035982
v 0.867230 -0.245884 0.020931
v 1.025496 -0.334809 -0.002817
v 1.044749 -0.344075 -0.003827
v 1.063986 -0.352997 -0.001087
v 1.082549 -0.361297 0.005422
v 1.099726 -0.368738 0.015622
v 1.175767 -0.398934 0.071756
v 1.278654 -0.432394 0.147708
v 1.398227 -0.461070 0.235977
v 1.359285 -0.461070 0.403816
v 1.243340 -0.433625 0.351943
v 1.137568 -0.398751 0.306311
v 0.984115 -0.329543 0.247953
v 0.842117 -0.245778 0.208477
v 0.720748 -0.158454 0.184121
v 0.621679 -0.071269 0.167907
v 0.651844 -0.083144 0.075070
v 0.654188 -0.084771 0.069412
v 0.657248 -0.087170 0.064385
v 0.660850 -0.090154 0.060062
v 0.664861 -0.093574 0.056439
v 0.673683 -0.101236 0.051228
v 1.269893 -0.461070 0.630948
v 1.121274 -0.432394 0.632076
v 0.993393 -0.398934 0.633047
v 0.898880 -0.368738 0.633764
v 0.878990 -0.361297 0.631921
v 0.860156 -0.353003 0.626280
v 0.842974 -0.344076 0.617187
v 0.827988 -0.334809 0.605051
v 0.713908 -0.245885 0.492812
v 0.641607 -0.176852 0.421679
v 0.581217 -0.109506 0.362264
v 0.574889 -0.100854 0.354127
v 0.570930 -0.093254 0.344677
v 0.569893 -0.089937 0.339475
v 0.569572 -0.087041 0.333959
v 0.570070 -0.084724 0.328230
v 0.571478 -0.083144 0.322411
v 0.601642 -0.071269 0.229574
v 0.691686 -0.158747 0.274811
v 0.803850 -0.245775 0.326271
v 0.943165 -0.330194 0.378259
v 1.100343 -0.398733 0.420921
v 1.213383 -0.433788 0.446274
v 1.337042 -0.461070 0.472274
v 0.257281 -0.109506 -0.634708
v 0.271215 -0.176852 -0.718272
v 0.287896 -0.245884 -0.818317
v 0.314216 -0.334809 -0.976175
v 0.319203 -0.344070 -0.994793
v 0.327745 -0.352988 -1.012230
v 0.339676 -0.361293 -1.027882
v 0.354692 -0.368738 -1.041074
v 0.431576 -0.398934 -1.096047
v 0.535605 -0.432394 -1.170428
v 0.656504 -0.461070 -1.256872
v 0.804094 -0.461070 -1.167971
v 0.718931 -0.433625 -1.073730
v 0.642847 -0.398751 -0.987237
v 0.539926 -0.329543 -0.859327
v 0.458501 -0.245778 -0.736478
v 0.397833 -0.158454 -0.628576
v 0.351798 -0.071269 -0.539366
v 0.272827 -0.083144 -0.596742
v 0.268166 -0.084772 -0.600724
v 0.264334 -0.087170 -0.605185
v 0.261338 -0.090153 -0.609943
v 0.259132 -0.093569 -0.614874
v 0.256900 -0.101237 -0.624879
v 0.992485 -0.461070 -1.012767
v 0.947632 -0.432394 -0.871072
v 0.909038 -0.398934 -0.749150
v 0.880515 -0.368738 -0.659042
v 0.872614 -0.361297 -0.640693
v 0.861430 -0.353003 -0.624525
v 0.847473 -0.344076 -0.610995
v 0.831300 -0.334809 -0.600492
v 0.689302 -0.245885 -0.526679
v 0.599308 -0.176852 -0.479899
v 0.524139 -0.109506 -0.440825
v 0.514931 -0.101255 -0.437430
v 0.504721 -0.093583 -0.436455
v 0.499342 -0.090158 -0.437028
v 0.493871 -0.087165 -0.438413
v 0.488447 -0.084769 -0.440679
v 0.483228 -0.083144 -0.443877
v 0.404256 -0.071269 -0.501254
v 0.475103 -0.158747 -0.572912
v 0.558706 -0.245775 -0.663684
v 0.651200 -0.330194 -0.780115
v 0.740344 -0.398733 -0.916417
v 0.799388 -0.433788 -1.016090
v 0.862328 -0.461070 -1.125662
v -0.524139 -0.109506 -0.440825
v -0.599307 -0.176852 -0.479899
v -0.689301 -0.245884 -0.526679
v -0.831300 -0.334809 -0.600492
v -0.847465 -0.344070 -0.610989
v -0.861409 -0.352988 -0.624501
v -0.872609 -0.361293 -0.640684
v -0.880515 -0.368738 -0.659042
v -0.909038 -0.398934 -0.749150
v -0.947632 -0.432394 -0.871072
v -0.992485 -0.461070 -1.012767
v -0.862328 -0.461070 -1.125662
v -0.799016 -0.433625 -1.015545
v -0.740267 -0.398751 -0.916457
v -0.650423 -0.329543 -0.779047
v -0.558748 -0.245778 -0.663645
v -0.474874 -0.158454 -0.572602
v -0.404256 -0.071269 -0.501254
v -0.483228 -0.083144 -0.443877
v -0.488448 -0.084770 -0.440678
v -0.493878 -0.087169 -0.438410
v -0.499332 -0.090152 -0.437030
v -0.504706 -0.093571 -0.436456
v -0.514907 -0.101234 -0.437424
v -0.656504 -0.461070 -1.256872
v -0.535604 -0.432394 -1.170428
v -0.431576 -0.398934 -1.096047
v -0.354692 -0.368738 -1.041074
v -0.339683 -0.361297 -1.027891
v -0.327762 -0.353003 -1.012258
v -0.319207 -0.344076 -0.994802
v -0.314216 -0.334809 -0.976175
v -0.287896 -0.245885 -0.818318
v -0.271215 -0.176852 -0.718273
v -0.257281 -0.109506 -0.634708
v -0.256899 -0.101251 -0.624897
v -0.259129 -0.093577 -0.614883
v -0.261336 -0.090155 -0.609946
v -0.264343 -0.087163 -0.605173
v -0.268174 -0.084769 -0.600716
v -0.272827 -0.083144 -0.596742
v -0.351798 -0.071269 -0.539366
v -0.398057 -0.158747 -0.628889
v -0.458551 -0.245775 -0.736450
v -0.540701 -0.330194 -0.860396
v -0.642785 -0.398733 -0.987298
v -0.719334 -0.433788 -1.074252
v -0.804094 -0.461070 -1.167971
v -0.581217 -0.109506 0.362264
v -0.641607 -0.176852 0.421678
v -0.713907 -0.245884 0.492812
v -0.827988 -0.334809 0.605051
v -0.842966 -0.344070 0.617182
v -0.860125 -0.352988 0.626268
v -0.878978 -0.361293 0.631918
v -0.898880 -0.368738 0.633764
v -0.993393 -0.398934 0.633047
v -1.121274 -0.432394 0.632076
v -1.269893 -0.461070 0.630948
v -1.337042 -0.461070 0.472274
v -1.212750 -0.433625 0.446089
v -1.100357 -0.398751 0.420835
v -0.941909 -0.329543 0.377850
v -0.803827 -0.245778 0.326323
v -0.691321 -0.158454 0.274688
v -0.601642 -0.071269 0.229574
v -0.571478 -0.083144 0.322411
v -0.570047 -0.084773 0.328373
v -0.569570 -0.087166 0.334225
v -0.569942 -0.090151 0.339841
v -0.571057 -0.093572 0.345132
v -0.575132 -0.101237 0.354537
v -1.398227 -0.461070 0.235977
v -1.278654 -0.432394 0.147708
v -1.175767 -0.398934 0.071756
v -1.099726 -0.368738 0.015622
v -1.082522 -0.361287 0.005410
v -1.063945 -0.352978 -0.001097
v -1.044723 -0.344062 -0.003828
v -1.025496 -0.334809 -0.002817
v -0.867232 -0.245885 0.020931
v -0.766928 -0.176852 0.035982
v -0.683148 -0.109506 0.048554
v -0.673705 -0.101257 0.051219
v -0.664873 -0.093586 0.056429
v -0.660857 -0.090160 0.060055
v -0.657244 -0.087166 0.064391
v -0.654187 -0.084770 0.069414
v -0.651844 -0.083144 0.075070
v -0.621679 -0.071269 0.167907
v -0.721116 -0.158747 0.184237
v -0.842106 -0.245775 0.208532
v -0.985371 -0.330194 0.248360
v -1.137608 -0.398733 0.306233
v -1.243961 -0.433788 0.352165
v -1.359285 -0.461070 0.403816
v 1.112335 -0.434899 0.666708
v -1.290593 -0.434899 0.127112
v -0.416855 -0.434899 1.228015
v 0.183923 -0.060788 0.606314
v 0.489777 -0.060788 0.401949
v 0.543537 -0.060788 0.325595
v 0.614609 -0.060788 0.153951
v 0.944835 -0.356340 -0.505124
v 0.280233 -0.060788 -0.568256
v 0.465115 -0.434899 -1.210561
v -0.223372 -0.060788 -0.592916
v -0.401949 -0.060788 -0.489777
v -0.612007 -0.060788 0.163987
v -0.526816 -0.060788 0.352007
v 0.270897 -0.060788 0.572765
v 0.313714 -0.150483 0.663292
v 0.370905 -0.245847 0.784213
v 0.251823 -0.245847 0.830148
v 0.413516 -0.304686 0.874306
v 0.458076 -0.356340 0.968520
v 0.092968 -0.060788 0.626739
v 0.212993 -0.150483 0.702145
v 0.047270 -0.398954 1.177002
v 0.044858 -0.356340 1.070445
v 0.042177 -0.304686 0.966244
v 0.039340 -0.245847 0.866610
v 0.035229 -0.150483 0.732893
v 0.335264 -0.434899 1.252752
v 0.863317 -0.356340 0.634466
v 0.828191 -0.356340 0.679679
v 0.944202 -0.398954 0.704309
v 1.134003 -0.398954 0.318757
v 1.031915 -0.356340 0.288124
v 0.931986 -0.304686 0.258473
v 0.836351 -0.245847 0.230383
v 0.707909 -0.150483 0.192972
v 1.295040 -0.434899 0.068267
v 1.290593 -0.434899 0.127112
v 0.946139 -0.398954 -0.701705
v 1.041630 -0.434899 -0.772525
v 0.755379 -0.434899 -1.054130
v 0.686130 -0.398954 -0.957493
v 0.624058 -0.356340 -0.870871
v 0.563351 -0.304686 -0.786156
v 0.505301 -0.245847 -0.705146
v 0.427387 -0.150483 -0.596417
v -0.414791 -0.398954 -1.102505
v -0.455935 -0.434899 -1.214048
v -0.730067 -0.398954 -0.924430
v -0.665482 -0.356340 -0.839641
v -0.602065 -0.304686 -0.756917
v -0.541207 -0.245847 -0.677979
v -0.459284 -0.150483 -0.572216
v -1.007583 -0.434899 -0.816434
v -0.975014 -0.434899 -0.855065
v -1.071368 -0.356340 -0.005852
v -1.069090 -0.356340 -0.070072
v -1.177858 -0.398954 -0.014813
v -1.104788 -0.398954 0.408670
v -1.004192 -0.356340 0.373448
v -0.905919 -0.304686 0.338698
v -0.812038 -0.245847 0.305211
v -0.686136 -0.150483 0.259981
v -0.837820 -0.245847 0.224982
v -0.934021 -0.304686 0.251020
v -1.034613 -0.356340 0.278281
v -0.708694 -0.150483 0.190069
v -1.087835 -0.434899 0.705977
v -0.344385 -0.356340 1.014526
v -0.335791 -0.356340 1.017403
v -0.373468 -0.398954 1.117180
v -0.103210 -0.060788 0.625134
v -0.203663 -0.060788 0.599972
v -0.235853 -0.150483 0.694800
v -0.278849 -0.245847 0.821464
v -0.310885 -0.304686 0.915836
v -0.416291 -0.434899 1.228206
v -0.378640 -0.398954 1.115437
v -1.078281 -0.434899 0.720485
v -0.979430 -0.398954 0.654434
v -0.535596 -0.150483 0.501508
v -0.782207 -0.356340 0.732132
v -0.706079 -0.304686 0.660952
v -0.610082 -0.150483 0.407644
v -0.633288 -0.245847 0.592880
v -0.462460 -0.060788 0.433100
v -0.632240 -0.060788 -0.041439
v -0.732168 -0.150483 -0.047989
v -0.865645 -0.245847 -0.056737
v -0.965093 -0.304686 -0.063256
v -1.175429 -0.398954 -0.077042
v -0.630566 -0.060788 0.061896
v -0.476616 -0.060788 -0.417471
v -1.000318 -0.398954 -0.622038
v -0.909822 -0.356340 -0.565764
v -0.821317 -0.304686 -0.510728
v -0.736685 -0.245847 -0.458100
v -0.623093 -0.150483 -0.387464
v -0.538052 -0.060788 -0.334582
v -0.259081 -0.150483 -0.686477
v -0.143145 -0.150483 -0.719641
v -0.209017 -0.356340 -1.050798
v -0.188684 -0.304686 -0.948580
v -0.169241 -0.245847 -0.850833
v -0.123609 -0.060788 -0.621422
v -0.325508 -0.356340 -1.020739
v -0.349892 -0.398954 -1.124786
v 0.280355 -0.304686 -0.925638
v 0.251539 -0.245847 -0.830234
v 0.212848 -0.150483 -0.702189
v 0.183879 -0.060788 -0.606328
v 0.341259 -0.398954 -1.127436
v 0.508910 -0.060788 -0.377433
v 0.589345 -0.150483 -0.437088
v 0.448021 -0.060788 -0.448021
v 0.696784 -0.245847 -0.516770
v 0.852853 -0.304686 -0.456123
v 0.764905 -0.245847 -0.409243
v 0.558518 -0.060788 -0.299170
v 0.870193 -0.356340 -0.625003
v 0.646878 -0.150483 -0.346297
v 0.961612 -0.398954 -0.680345
v 0.630566 -0.060788 0.061893
v 1.176532 -0.398954 -0.057799
v 1.070094 -0.356340 -0.052570
v 0.965999 -0.304686 -0.047456
v 0.866457 -0.245847 -0.042566
v 0.732855 -0.150483 -0.036003
v 0.632834 -0.060788 -0.031089
v 0.567188 -0.150483 0.465479
v 0.670588 -0.245847 0.550338
v 0.747628 -0.304686 0.613562
v 0.910568 -0.398954 0.747284
v 0.376452 -0.434899 1.240996
v 0.341941 -0.398954 1.127229
v 0.841499 -0.245847 0.210807
v 0.585367 -0.060788 0.242467
v 0.653582 -0.398954 -0.979999
v 0.592901 -0.356340 -0.892375
v 0.533822 -0.304686 -0.806498
v 0.477554 -0.245847 -0.724225
v 0.402283 -0.150483 -0.613630
v -0.613562 -0.304686 -0.747628
v -0.550338 -0.245847 -0.670588
v -0.465479 -0.150483 -0.567188
v -0.679679 -0.356340 -0.828191
v 0.310476 -0.356340 -1.025412
v 0.369056 -0.060788 -0.515017
v -0.577120 -0.060788 0.261490
v -0.316798 -0.060788 -0.548711
v 0.000000 0.023894 1.420000
v 0.139184 0.023894 1.413162
v 0.277028 0.023894 1.392715
v 0.412204 0.023894 1.358855
v 0.543410 0.023894 1.311909
v 0.669383 0.023894 1.252328
v 0.788910 0.023894 1.180687
v 0.900838 0.023894 1.097675
v 1.004092 0.023894 1.004092
v 1.097675 0.023894 0.900838
v 1.180687 0.023894 0.788910
v 1.252328 0.023894 0.669383
v 1.311909 0.023894 0.543410
v 1.358855 0.023894 0.412204
v 1.392715 0.023894 0.277028
v 1.413162 0.023894 0.139184
v 1.420000 0.023894 0.000000
v 1.413162 0.023894 -0.139184
v 1.392715 0.023894 -0.277028
v 1.358855 0.023894 -0.412204
v 1.311909 0.023894 -0.543410
v 1.252328 0.023894 -0.669383
v 1.180687 0.023894 -0.788910
v 1.097675 0.023894 -0.900838
v 1.004092 0.023894 -1.004092
v 0.900838 0.023894 -1.097675
v 0.788910 0.023894 -1.180687
v 0.669383 0.023894 -1.252328
v 0.543410 0.023894 -1.311909
v 0.412204 0.023894 -1.358855
v 0.277028 0.023894 -1.392715
v 0.139184 0.023894 -1.413162
v 0.000000 0.023894 -1.420000
v -0.139184 0.023894 -1.413162
v -0.277028 0.023894 -1.392715
v -0.412204 0.023894 -1.358855
v -0.543410 0.023894 -1.311909
v -0.669383 0.023894 -1.252328
v -0.788910 0.023894 -1.180687
v -0.900838 0.023894 -1.097675
v -1.004092 0.023894 -1.004092
v -1.097675 0.023894 -0.900838
v -1.180687 0.023894 -0.788910
v -1.252328 0.023894 -0.669383
v -1.311909 0.023894 -0.543410
v -1.358855 0.023894 -0.412204
v -1.392715 0.023894 -0.277028
v -1.413162 0.023894 -0.139184
v -1.420000 0.023894 -0.000000
v -1.413162 0.023894 0.139184
v -1.392715 0.023894 0.277028
v -1.358855 0.023894 0.412204
v -1.311909 0.023894 0.543410
v -1.252328 0.023894 0.669383
v -1.180687 0.023894 0.788910
v -1.097675 0.023894 0.900838
v -1.004092 0.023894 1.004092
v -0.900838 0.023894 1.097675
v -0.788910 0.023894 1.180687
v -0.669383 0.023894 1.252328
v -0.543410 0.023894 1.311909
v -0.412204 0.023894 1.358855
v -0.277028 0.023894 1.392715
v -0.139184 0.023894 1.413162
v 0.000000 0.023894 -1.418000
v -0.138988 0.023894 -1.411172
v -0.276638 0.023894 -1.390754
v -0.411624 0.023894 -1.356941
v -0.542645 0.023894 -1.310061
v -0.668441 0.023894 -1.250564
v -0.787799 0.023894 -1.179024
v -0.899570 0.023894 -1.096129
v -1.002677 0.023894 -1.002677
v -1.096129 0.023894 -0.899570
v -1.179024 0.023894 -0.787799
v -1.250564 0.023894 -0.668441
v -1.310061 0.023894 -0.542645
v -1.356941 0.023894 -0.411624
v -1.390754 0.023894 -0.276638
v -1.411172 0.023894 -0.138988
v -1.418000 0.023894 0.000000
v -1.411172 0.023894 0.138988
v -1.390754 0.023894 0.276638
v -1.356941 0.023894 0.411624
v -1.310061 0.023894 0.542645
v -1.250564 0.023894 0.668441
v -1.179024 0.023894 0.787799
v -1.096129 0.023894 0.899570
v -1.002677 0.023894 1.002677
v -0.899570 0.023894 1.096129
v -0.787799 0.023894 1.179024
v -0.668441 0.023894 1.250564
v -0.542645 0.023894 1.310061
v -0.411624 0.023894 1.356941
v -0.276638 0.023894 1.390754
v -0.138988 0.023894 1.411172
v 0.000000 0.023894 1.418000
v 0.138988 0.023894 1.411172
v 0.276638 0.023894 1.390754
v 0.411624 0.023894 1.356941
v 0.542645 0.023894 1.310061
v 0.668441 0.023894 1.250564
v 0.787799 0.023894 1.179024
v 0.899570 0.023894 1.096129
v 1.002677 0.023894 1.002677
v 1.096129 0.023894 0.899570
v 1.179024 0.023894 0.787799
v 1.250564 0.023894 0.668441
v 1.310061 0.023894 0.542645
v 1.356941 0.023894 0.411624
v 1.390754 0.023894 0.276638
v 1.411172 0.023894 0.138988
v 1.418000 0.023894 0.000000
v 1.411172 0.023894 -0.138988
v 1.390754 0.023894 -0.276638
v 1.356941 0.023894 -0.411624
v 1.310061 0.023894 -0.542645
v 1.250564 0.023894 -0.668441
v 1.179024 0.023894 -0.787799
v 1.096129 0.023894 -0.899570
v 1.002677 0.023894 -1.002677
v 0.899570 0.023894 -1.096129
v 0.787799 0.023894 -1.179024
v 0.668441 0.023894 -1.250564
v 0.542645 0.023894 -1.310061
v 0.411624 0.023894 -1.356941
v 0.276638 0.023894 -1.390754
v 0.138988 0.023894 -1.411172
v -1.369013 -0.618000 0.478908
v -1.330427 -0.618000 0.597666
v -1.570804 -0.700000 0.179263
v -1.570804 -0.618000 0.179263
v -1.566288 -0.618000 0.174635
v -1.561483 -0.618000 0.170310
v -1.556408 -0.618000 0.166304
v -1.376175 -0.700000 0.778269
v -1.467630 -0.700000 0.587897
v -1.532895 -0.700000 0.387033
v -1.356912 -0.618000 0.780291
v -1.363372 -0.618000 0.780033
v -1.369802 -0.618000 0.779358
v -1.376175 -0.618000 0.778269
v -0.878517 -0.618000 -1.154018
v -0.979539 -0.618000 -1.080622
v -0.655894 -0.700000 -1.438528
v -0.655894 -0.618000 -1.438528
v -0.650098 -0.618000 -1.435664
v -0.644499 -0.618000 -1.432430
v -0.639121 -0.618000 -1.428841
v -1.165439 -0.700000 -1.068322
v -1.012646 -0.700000 -1.214129
v -0.841781 -0.700000 -1.338270
v -1.161410 -0.618000 -1.049376
v -1.163161 -0.618000 -1.055600
v -1.164506 -0.618000 -1.061924
v -1.165439 -0.618000 -1.068322
v 0.826060 -0.618000 -1.192131
v 0.725039 -0.618000 -1.265527
v 1.165439 -0.700000 -1.068322
v 1.165439 -0.618000 -1.068322
v 1.164506 -0.618000 -1.061924
v 1.163161 -0.618000 -1.055600
v 1.161410 -0.618000 -1.049376
v 0.655894 -0.700000 -1.438528
v 0.841781 -0.700000 -1.338270
v 1.012646 -0.700000 -1.214129
v 0.639121 -0.618000 -1.428841
v 0.644499 -0.618000 -1.432430
v 0.650098 -0.618000 -1.435664
v 0.655894 -0.618000 -1.438528
v 1.389050 -0.618000 0.417241
v 1.427637 -0.618000 0.298483
v 1.376175 -0.700000 0.778269
v 1.376175 -0.618000 0.778269
v 1.369802 -0.618000 0.779358
v 1.363372 -0.618000 0.780033
v 1.356912 -0.618000 0.780291
v 1.570804 -0.700000 0.179263
v 1.532895 -0.700000 0.387033
v 1.467630 -0.700000 0.587897
v 1.556408 -0.618000 0.166304
v 1.561483 -0.618000 0.170310
v 1.566288 -0.618000 0.174635
v 1.570804 -0.618000 0.179263
v 0.032421 -0.618000 1.450000
v 0.157290 -0.618000 1.450000
v -0.314916 -0.700000 1.549319
v -0.314916 -0.618000 1.549319
v -0.317922 -0.618000 1.543594
v -0.320551 -0.618000 1.537687
v -0.322792 -0.618000 1.531623
v 0.314916 -0.700000 1.549319
v 0.105600 -0.700000 1.577469
v -0.105600 -0.700000 1.577469
v 0.322792 -0.618000 1.531623
v 0.320551 -0.618000 1.537687
v 0.317922 -0.618000 1.543594
v 0.314916 -0.618000 1.549319
v -0.667172 -0.223518 0.054759
v -0.674815 -0.223518 0.050768
v -0.660578 -0.223518 0.060347
v -0.655399 -0.223518 0.067215
v -1.389050 -0.618000 0.417241
v -1.359285 -0.618000 0.403816
v -1.337042 -0.618000 0.472274
v -0.569890 -0.223518 0.339456
v -0.569736 -0.223518 0.330856
v -0.571940 -0.223518 0.347853
v -0.575777 -0.223518 0.355574
v -0.258246 -0.223518 -0.617596
v -0.256812 -0.223518 -0.626099
v -0.261525 -0.223518 -0.609596
v -0.266454 -0.223518 -0.602551
v -0.826060 -0.618000 -1.192131
v -0.804094 -0.618000 -1.167971
v -0.862328 -0.618000 -1.125662
v -0.498946 -0.223518 -0.437100
v -0.490721 -0.223518 -0.439611
v -0.507567 -0.223518 -0.436455
v -0.516096 -0.223518 -0.437718
v 0.507567 -0.223518 -0.436455
v 0.516096 -0.223518 -0.437718
v 0.498947 -0.223518 -0.437100
v 0.490721 -0.223518 -0.439611
v 0.878517 -0.618000 -1.154018
v 0.862328 -0.618000 -1.125662
v 0.804094 -0.618000 -1.167971
v 0.261525 -0.223518 -0.609596
v 0.266454 -0.223518 -0.602551
v 0.258246 -0.223518 -0.617596
v 0.256812 -0.223518 -0.626099
v 0.571940 -0.223518 0.347853
v 0.575777 -0.223518 0.355574
v 0.569889 -0.223518 0.339447
v 0.569736 -0.223518 0.330856
v 1.369013 -0.618000 0.478908
v 1.337042 -0.618000 0.472274
v 1.359285 -0.618000 0.403816
v 0.660578 -0.223518 0.060348
v 0.655399 -0.223518 0.067215
v 0.667172 -0.223518 0.054759
v 0.674815 -0.223518 0.050768
v -0.154088 -0.223518 0.651439
v -0.160246 -0.223518 0.657475
v -0.146736 -0.223518 0.646895
v -0.138604 -0.223518 0.644092
v -0.032421 -0.618000 1.450000
v -0.035991 -0.618000 1.417543
v 0.035991 -0.618000 1.417543
v 0.146736 -0.223518 0.646895
v 0.138604 -0.223518 0.644092
v 0.154088 -0.223518 0.651439
v 0.160246 -0.223518 0.657475
v 0.497757 -0.618000 -1.327766
v -0.497400 0.000000 -0.271080
v -0.488275 0.000000 -0.271586
v -0.479234 0.000000 -0.272923
v -0.410933 0.000000 -0.367813
v -0.324164 0.000000 -0.446173
v -0.222826 0.000000 -0.504481
v -0.111473 0.000000 -0.540117
v -0.107408 0.000000 -0.548302
v -0.104107 0.000000 -0.556824
v 1.416596 -0.618000 0.063093
v -1.108965 -0.618000 -0.883698
v -0.411518 0.000000 0.389288
v -0.409179 0.000000 0.380453
v -0.407656 0.000000 0.371441
v -0.476796 0.000000 0.277160
v -0.524508 0.000000 0.170423
v -0.548647 0.000000 0.056027
v -0.548129 0.000000 -0.060888
v -0.554657 0.000000 -0.067283
v -0.561742 0.000000 -0.073056
v 0.377747 -0.618000 1.366759
v -1.183135 -0.618000 0.781611
v -0.377747 -0.618000 1.366759
v -0.569279 -0.618000 1.298709
v -0.749115 -0.618000 1.203973
v -0.913557 -0.618000 1.084499
v -1.059229 -0.618000 0.942740
v -1.416596 -0.618000 0.063093
v -1.411063 -0.618000 -0.140094
v -1.376536 -0.618000 -0.340402
v -1.313724 -0.618000 -0.533716
v -1.223919 -0.618000 -0.716064
v 1.183135 -0.618000 0.781611
v 1.059229 -0.618000 0.942740
v 0.913557 -0.618000 1.084499
v 0.749115 -0.618000 1.203973
v 0.569279 -0.618000 1.298709
v -0.497757 -0.618000 -1.327766
v -0.302805 -0.618000 -1.385292
v -0.101631 -0.618000 -1.414353
v 0.101631 -0.618000 -1.414353
v 0.302805 -0.618000 -1.385292
v 1.108965 -0.618000 -0.883698
v 1.223919 -0.618000 -0.716064
v 1.313724 -0.618000 -0.533716
v 1.376536 -0.618000 -0.340402
v 1.411063 -0.618000 -0.140094
v 0.207648 -0.618000 1.402714
v 0.150645 -0.618000 1.409975
v 0.093395 -0.618000 1.414921
v 1.398227 -0.618000 0.235977
v 1.387518 -0.618000 0.292434
v 1.374530 -0.618000 0.348411
v -0.093395 -0.618000 1.414921
v -0.150645 -0.618000 1.409975
v -0.207648 -0.618000 1.402714
v 0.656504 -0.618000 -1.256872
v 0.706888 -0.618000 -1.229241
v 0.756112 -0.618000 -1.199591
v 1.316809 -0.618000 0.526058
v 1.294414 -0.618000 0.578978
v 1.269893 -0.618000 0.630948
v -0.992485 -0.618000 -1.012767
v -0.950637 -0.618000 -1.052147
v -0.907228 -0.618000 -1.089799
v 0.907228 -0.618000 -1.089799
v 0.950637 -0.618000 -1.052147
v 0.992485 -0.618000 -1.012767
v -1.269893 -0.618000 0.630948
v -1.294414 -0.618000 0.578978
v -1.316809 -0.618000 0.526058
v -0.756112 -0.618000 -1.199591
v -0.706888 -0.618000 -1.229241
v -0.656504 -0.618000 -1.256872
v 0.000000 0.709000 1.418000
v 0.246233 0.709000 1.396457
v 0.484985 0.709000 1.332484
v 0.709000 0.709000 1.228024
v 0.911473 0.709000 1.086251
v 1.086251 0.709000 0.911473
v 1.228024 0.709000 0.709000
v 1.332484 0.709000 0.484985
v 1.396457 0.709000 0.246233
v 1.418000 0.709000 0.000000
v 1.396457 0.709000 -0.246233
v 1.332484 0.709000 -0.484985
v 1.228024 0.709000 -0.709000
v 1.086251 0.709000 -0.911473
v 0.911473 0.709000 -1.086251
v 0.709000 0.709000 -1.228024
v 0.484985 0.709000 -1.332484
v 0.246233 0.709000 -1.396457
v 0.000000 0.709000 -1.418000
v -0.246233 0.709000 -1.396457
v -0.484985 0.709000 -1.332484
v -0.709000 0.709000 -1.228024
v -0.911473 0.709000 -1.086251
v -1.086251 0.709000 -0.911473
v -1.228024 0.709000 -0.709000
v -1.332484 0.709000 -0.484985
v -1.396457 0.709000 -0.246233
v -1.418000 0.709000 -0.000000
v -1.396457 0.709000 0.246233
v -1.332484 0.709000 0.484985
v -1.228024 0.709000 0.709000
v -1.086251 0.709000 0.911473
v -0.911473 0.709000 1.086251
v -0.709000 0.709000 1.228024
v -0.484985 0.709000 1.332484
v -0.246233 0.709000 1.396457
v -0.548129 -0.200000 -0.060888
v -0.548647 -0.200000 0.056027
v -0.524508 -0.200000 0.170423
v -0.476796 -0.200000 0.277160
v -0.407656 -0.200000 0.371441
v -1.427637 -0.618000 0.298483
v -1.325343 -0.618000 0.608491
v -1.317740 -0.618000 0.617724
v -1.308092 -0.618000 0.624790
v -1.296995 -0.618000 0.629252
v -1.285140 -0.618000 0.630832
v -1.410494 -0.618000 0.245033
v -1.419156 -0.618000 0.253279
v -1.425511 -0.618000 0.263411
v -1.429163 -0.618000 0.274799
v -1.429887 -0.618000 0.286737
v -1.398227 -0.618000 0.235977
v -0.111473 -0.200000 -0.540117
v -0.222826 -0.200000 -0.504481
v -0.324164 -0.200000 -0.446173
v -0.410933 -0.200000 -0.367813
v -0.479234 -0.200000 -0.272923
v -0.725039 -0.618000 -1.265527
v -0.988263 -0.618000 -1.072442
v -0.994694 -0.618000 -1.062358
v -0.998433 -0.618000 -1.050998
v -0.999248 -0.618000 -1.039066
v -0.997087 -0.618000 -1.027303
v -0.668907 -0.618000 -1.265740
v -0.679426 -0.618000 -1.271430
v -0.691026 -0.618000 -1.274343
v -0.702985 -0.618000 -1.274297
v -0.714563 -0.618000 -1.271297
v 0.479234 -0.200000 -0.272923
v 0.410933 -0.200000 -0.367813
v 0.324164 -0.200000 -0.446173
v 0.222826 -0.200000 -0.504481
v 0.111473 -0.200000 -0.540117
v 0.979539 -0.618000 -1.080622
v 0.714563 -0.618000 -1.271297
v 0.702985 -0.618000 -1.274297
v 0.691026 -0.618000 -1.274343
v 0.679426 -0.618000 -1.271430
v 0.668907 -0.618000 -1.265740
v 0.997087 -0.618000 -1.027303
v 0.999248 -0.618000 -1.039066
v 0.998433 -0.618000 -1.050998
v 0.994694 -0.618000 -1.062358
v 0.988263 -0.618000 -1.072442
v 0.111473 0.000000 -0.540117
v 0.107408 0.000000 -0.548302
v 0.104107 0.000000 -0.556824
v 0.497400 0.000000 -0.271080
v 0.488275 0.000000 -0.271586
v 0.479234 0.000000 -0.272923
v 0.222826 0.000000 -0.504481
v 0.324164 0.000000 -0.446173
v 0.410933 0.000000 -0.367813
v 0.407656 -0.200000 0.371441
v 0.476796 -0.200000 0.277160
v 0.524508 -0.200000 0.170423
v 0.548647 -0.200000 0.056027
v 0.548129 -0.200000 -0.060888
v 1.330427 -0.618000 0.597666
v 1.429887 -0.618000 0.286737
v 1.429163 -0.618000 0.274799
v 1.425511 -0.618000 0.263411
v 1.419156 -0.618000 0.253279
v 1.410494 -0.618000 0.245033
v 1.285140 -0.618000 0.630832
v 1.296995 -0.618000 0.629252
v 1.308092 -0.618000 0.624790
v 1.317740 -0.618000 0.617724
v 1.325343 -0.618000 0.608491
v 0.548129 0.000000 -0.060888
v 0.554657 0.000000 -0.067283
v 0.561742 0.000000 -0.073056
v 0.411518 0.000000 0.389288
v 0.409179 0.000000 0.380453
v 0.407656 0.000000 0.371441
v 0.548647 0.000000 0.056027
v 0.524508 0.000000 0.170423
v 0.476796 0.000000 0.277160
v -0.353664 -0.200000 0.423171
v -0.293171 -0.200000 0.467122
v -0.227289 -0.200000 0.502486
v -0.227289 0.000000 0.502486
v -0.116257 0.000000 0.539107
v -0.000000 0.000000 0.551500
v 0.116257 0.000000 0.539107
v 0.227289 0.000000 0.502486
v 0.227289 -0.200000 0.502486
v 0.293171 -0.200000 0.467122
v 0.353664 -0.200000 0.423171
v 0.534854 -0.200000 -0.134474
v 0.511748 -0.200000 -0.205588
v 0.037387 -0.200000 -0.550231
v -0.037387 -0.200000 -0.550231
v -0.511748 -0.200000 -0.205588
v -0.534854 -0.200000 -0.134474
v 0.000000 -0.560000 1.691000
v 0.271255 -0.560000 1.669102
v 0.535486 -0.560000 1.603975
v 0.785847 -0.560000 1.497306
v 1.015855 -0.560000 1.351858
v 1.219553 -0.560000 1.171397
v 1.391666 -0.560000 0.960597
v 1.527735 -0.560000 0.724919
v 1.624236 -0.560000 0.470466
v 1.678671 -0.560000 0.203828
v 1.689629 -0.560000 -0.068090
v 1.656826 -0.560000 -0.338243
v 1.581112 -0.560000 -0.599637
v 1.464449 -0.560000 -0.845500
v 1.309857 -0.560000 -1.069465
v 1.121340 -0.560000 -1.265732
v 0.903782 -0.560000 -1.429216
v 0.662816 -0.560000 -1.555685
v 0.404683 -0.560000 -1.641863
v 0.136069 -0.560000 -1.685517
v -0.136069 -0.560000 -1.685517
v -0.404683 -0.560000 -1.641863
v -0.662816 -0.560000 -1.555685
v -0.903782 -0.560000 -1.429216
v -1.121340 -0.560000 -1.265732
v -1.309857 -0.560000 -1.069465
v -1.464449 -0.560000 -0.845500
v -1.581112 -0.560000 -0.599637
v -1.656826 -0.560000 -0.338243
v -1.689629 -0.560000 -0.068090
v -1.678671 -0.560000 0.203828
v -1.624236 -0.560000 0.470466
v -1.527735 -0.560000 0.724919
v -1.391666 -0.560000 0.960597
v -1.219553 -0.560000 1.171397
v -1.015855 -0.560000 1.351858
v -0.785847 -0.560000 1.497306
v -0.535486 -0.560000 1.603975
v -0.271255 -0.560000 1.669102
v -0.657111 -0.560000 -1.439072
v -0.411286 -0.560000 -1.527602
v -0.154241 -0.560000 -1.574463
v 0.107010 -0.560000 -1.578377
v 0.365343 -0.560000 -1.539236
v 0.613710 -0.560000 -1.458110
v 0.845337 -0.560000 -1.337209
v 1.053905 -0.560000 -1.179834
v 1.233726 -0.560000 -0.990275
v 1.379893 -0.560000 -0.773705
v 1.488421 -0.560000 -0.536029
v 1.556348 -0.560000 -0.283733
v 1.581823 -0.560000 -0.023696
v 1.564149 -0.560000 0.236986
v 1.503809 -0.560000 0.491205
v 1.402450 -0.560000 0.732024
v 1.262835 -0.560000 0.952876
v 1.088773 -0.560000 1.147736
v 0.885013 -0.560000 1.311288
v 0.657111 -0.560000 1.439072
v 0.411286 -0.560000 1.527602
v 0.154241 -0.560000 1.574463
v -0.107010 -0.560000 1.578377
v -0.365343 -0.560000 1.539236
v -0.613710 -0.560000 1.458110
v -0.845337 -0.560000 1.337209
v -1.053905 -0.560000 1.179834
v -1.233726 -0.560000 0.990275
v -1.379893 -0.560000 0.773705
v -1.488421 -0.560000 0.536029
v -1.556348 -0.560000 0.283733
v -1.581823 -0.560000 0.023696
v -1.564149 -0.560000 -0.236986
v -1.503809 -0.560000 -0.491205
v -1.402450 -0.560000 -0.732024
v -1.262835 -0.560000 -0.952876
v -1.088773 -0.560000 -1.147736
v -0.885013 -0.560000 -1.311288
v -0.657111 -0.451000 -1.439072
v -0.411286 -0.451000 -1.527602
v -0.154241 -0.451000 -1.574463
v 0.107010 -0.451000 -1.578377
v 0.365343 -0.451000 -1.539236
v 0.613710 -0.451000 -1.458110
v 0.845337 -0.451000 -1.337209
v 1.053905 -0.451000 -1.179834
v 1.233726 -0.451000 -0.990275
v 1.379893 -0.451000 -0.773705
v 1.488421 -0.451000 -0.536029
v 1.556348 -0.451000 -0.283733
v 1.581823 -0.451000 -0.023696
v 1.564149 -0.451000 0.236986
v 1.503809 -0.451000 0.491205
v 1.402450 -0.451000 0.732024
v 1.262835 -0.451000 0.952876
v 1.088773 -0.451000 1.147736
v 0.885013 -0.451000 1.311288
v 0.657111 -0.451000 1.439072
v 0.411286 -0.451000 1.527602
v 0.154241 -0.451000 1.574463
v -0.107010 -0.451000 1.578377
v -0.365343 -0.451000 1.539236
v -0.613710 -0.451000 1.458110
v -0.845337 -0.451000 1.337209
v -1.053905 -0.451000 1.179834
v -1.233726 -0.451000 0.990275
v -1.379893 -0.451000 0.773705
v -1.488421 -0.451000 0.536029
v -1.556348 -0.451000 0.283733
v -1.581823 -0.451000 0.023696
v -1.564149 -0.451000 -0.236986
v -1.503809 -0.451000 -0.491205
v -1.402450 -0.451000 -0.732024
v -1.262835 -0.451000 -0.952876
v -1.088773 -0.451000 -1.147736
v -0.885013 -0.451000 -1.311288
v -1.251605 -0.618000 0.965943
v -1.101628 -0.618000 1.134009
v -0.929288 -0.618000 1.279056
v -0.738085 -0.618000 1.398138
v -0.531899 -0.618000 1.488840
v 0.531899 -0.618000 1.488840
v 0.738085 -0.618000 1.398138
v 0.929288 -0.618000 1.279056
v 1.101628 -0.618000 1.134009
v 1.251605 -0.618000 0.965943
v 1.580337 -0.618000 -0.045790
v 1.557790 -0.618000 -0.269912
v 1.503620 -0.618000 -0.488556
v 1.418929 -0.618000 -0.697282
v 1.305434 -0.618000 -0.891854
v 0.444802 -0.618000 -1.517139
v 0.224682 -0.618000 -1.564953
v 0.000000 -0.618000 -1.581000
v -0.224682 -0.618000 -1.564953
v -0.444802 -0.618000 -1.517139
v -1.305434 -0.618000 -0.891854
v -1.418929 -0.618000 -0.697282
v -1.503620 -0.618000 -0.488556
v -1.557790 -0.618000 -0.269912
v -1.580337 -0.618000 -0.045790
v 0.000000 -0.718000 1.581000
v -0.260224 -0.718000 1.559437
v -0.513350 -0.718000 1.495337
v -0.752473 -0.718000 1.390448
v -0.971070 -0.718000 1.247631
v -1.163180 -0.718000 1.070782
v -1.323560 -0.718000 0.864725
v -1.447838 -0.718000 0.635080
v -1.532622 -0.718000 0.388113
v -1.575600 -0.718000 0.130558
v -1.575600 -0.718000 -0.130558
v -1.532622 -0.718000 -0.388113
v -1.447838 -0.718000 -0.635080
v -1.323560 -0.718000 -0.864725
v -1.163180 -0.718000 -1.070782
v -0.971070 -0.718000 -1.247631
v -0.752473 -0.718000 -1.390448
v -0.513350 -0.718000 -1.495337
v -0.260224 -0.718000 -1.559437
v 0.000000 -0.718000 -1.581000
v 0.260224 -0.718000 -1.559437
v 0.513350 -0.718000 -1.495337
v 0.752473 -0.718000 -1.390448
v 0.971070 -0.718000 -1.247631
v 1.163180 -0.718000 -1.070782
v 1.323560 -0.718000 -0.864725
v 1.447838 -0.718000 -0.635080
v 1.532622 -0.718000 -0.388113
v 1.575600 -0.718000 -0.130558
v 1.575600 -0.718000 0.130558
v 1.532622 -0.718000 0.388113
v 1.447838 -0.718000 0.635080
v 1.323560 -0.718000 0.864725
v 1.163180 -0.718000 1.070782
v 0.971070 -0.718000 1.247631
v 0.752473 -0.718000 1.390448
v 0.513350 -0.718000 1.495337
v 0.260224 -0.718000 1.559437
v -1.374530 -0.618000 0.348411
v -1.387518 -0.618000 0.292434
v -0.157290 -0.618000 1.450000
v 0.169156 -0.618000 1.448510
v 0.180286 -0.618000 1.444133
v 0.189988 -0.618000 1.437140
v 0.197660 -0.618000 1.427965
v 0.202826 -0.618000 1.417179
v -0.116257 -0.200000 0.539107
v 0.000000 -0.200000 0.551500
v 0.116257 -0.200000 0.539107
v -0.202826 -0.618000 1.417179
v -0.197660 -0.618000 1.427965
v -0.189988 -0.618000 1.437140
v -0.180286 -0.618000 1.444133
v -0.169156 -0.618000 1.448510
v 0.235389 0.000000 0.506719
v 0.243068 0.000000 0.511673
v -0.243068 0.000000 0.511673
v -0.235389 0.000000 0.506719
v -0.262000 0.000000 0.151266
v -0.000000 0.000000 0.302532
v -0.178500 -0.200000 0.000000
v -0.172418 -0.200000 -0.046199
v -0.154586 -0.200000 -0.089250
v -0.126219 -0.200000 -0.126219
v -0.089250 -0.200000 -0.154586
v -0.046199 -0.200000 -0.172418
v 0.000000 -0.200000 -0.178500
v 0.046199 -0.200000 -0.172418
v 0.089250 -0.200000 -0.154586
v 0.126219 -0.200000 -0.126219
v 0.154586 -0.200000 -0.089250
v 0.172418 -0.200000 -0.046199
v 0.178500 -0.200000 0.000000
v 0.172418 -0.200000 0.046199
v 0.154586 -0.200000 0.089250
v 0.126219 -0.200000 0.126219
v 0.089250 -0.200000 0.154586
v 0.046199 -0.200000 0.172418
v 0.000000 -0.200000 0.178500
v -0.046199 -0.200000 0.172418
v -0.089250 -0.200000 0.154586
v -0.126219 -0.200000 0.126219
v -0.154586 -0.200000 0.089250
v -0.172418 -0.200000 0.046199
v -0.178500 0.000000 0.000000
v -0.172418 0.000000 0.046199
v -0.154586 0.000000 0.089250
v -0.126219 0.000000 0.126219
v -0.089250 0.000000 0.154586
v -0.046199 0.000000 0.172418
v 0.000000 0.000000 0.178500
v 0.046199 0.000000 0.172418
v 0.089250 0.000000 0.154586
v 0.126219 0.000000 0.126219
v 0.154586 0.000000 0.089250
v 0.172418 0.000000 0.046199
v 0.178500 0.000000 0.000000
v 0.172418 0.000000 -0.046199
v 0.154586 0.000000 -0.089250
v 0.126219 0.000000 -0.126219
v 0.089250 0.000000 -0.154586
v 0.046199 0.000000 -0.172418
v 0.000000 0.000000 -0.178500
v -0.046199 0.000000 -0.172418
v -0.089250 0.000000 -0.154586
v -0.126219 0.000000 -0.126219
v -0.154586 0.000000 -0.089250
v -0.172418 0.000000 -0.046199
v 0.000000 -0.718000 1.691000
v -0.271255 -0.718000 1.669102
v -0.535486 -0.718000 1.603975
v -0.785847 -0.718000 1.497306
v -1.015855 -0.718000 1.351858
v -1.219553 -0.718000 1.171397
v -1.391666 -0.718000 0.960597
v -1.527735 -0.718000 0.724919
v -1.624236 -0.718000 0.470466
v -1.678671 -0.718000 0.203828
v -1.689629 -0.718000 -0.068090
v -1.656826 -0.718000 -0.338243
v -1.581112 -0.718000 -0.599637
v -1.464449 -0.718000 -0.845500
v -1.309857 -0.718000 -1.069465
v -1.121340 -0.718000 -1.265732
v -0.903782 -0.718000 -1.429216
v -0.662816 -0.718000 -1.555685
v -0.404683 -0.718000 -1.641863
v -0.136069 -0.718000 -1.685517
v 0.136069 -0.718000 -1.685517
v 0.404683 -0.718000 -1.641863
v 0.662816 -0.718000 -1.555685
v 0.903782 -0.718000 -1.429216
v 1.121340 -0.718000 -1.265732
v 1.309857 -0.718000 -1.069465
v 1.464449 -0.718000 -0.845500
v 1.581112 -0.718000 -0.599637
v 1.656826 -0.718000 -0.338243
v 1.689629 -0.718000 -0.068090
v 1.678671 -0.718000 0.203828
v 1.624236 -0.718000 0.470466
v 1.527735 -0.718000 0.724919
v 1.391666 -0.718000 0.960597
v 1.219553 -0.718000 1.171397
v 1.015855 -0.718000 1.351858
v 0.785847 -0.718000 1.497306
v 0.535486 -0.718000 1.603975
v 0.271255 -0.718000 1.669102
v 0.000000 -0.451000 1.920000
v -0.286161 -0.451000 1.898555
v -0.565930 -0.451000 1.834700
v -0.833057 -0.451000 1.729860
v -1.081575 -0.451000 1.586378
v -1.305932 -0.451000 1.407460
v -1.501116 -0.451000 1.197100
v -1.662769 -0.451000 0.960000
v -1.787278 -0.451000 0.701455
v -1.871862 -0.451000 0.427240
v -1.914631 -0.451000 0.143482
v -1.914631 -0.451000 -0.143482
v -1.871862 -0.451000 -0.427240
v -1.787278 -0.451000 -0.701455
v -1.662769 -0.451000 -0.960000
v -1.501116 -0.451000 -1.197100
v -1.305932 -0.451000 -1.407460
v -1.081575 -0.451000 -1.586378
v -0.833057 -0.451000 -1.729860
v -0.565930 -0.451000 -1.834700
v -0.286161 -0.451000 -1.898555
v 0.000000 -0.451000 -1.920000
v 0.286161 -0.451000 -1.898555
v 0.565930 -0.451000 -1.834700
v 0.833057 -0.451000 -1.729860
v 1.081575 -0.451000 -1.586378
v 1.305932 -0.451000 -1.407460
v 1.501116 -0.451000 -1.197100
v 1.662769 -0.451000 -0.960000
v 1.787278 -0.451000 -0.701455
v 1.871862 -0.451000 -0.427240
v 1.914631 -0.451000 -0.143482
v 1.914631 -0.451000 0.143482
v 1.871862 -0.451000 0.427240
v 1.787278 -0.451000 0.701455
v 1.662769 -0.451000 0.960000
v 1.501116 -0.451000 1.197100
v 1.305932 -0.451000 1.407460
v 1.081575 -0.451000 1.586378
v 0.833057 -0.451000 1.729860
v 0.565930 -0.451000 1.834700
v 0.286161 -0.451000 1.898555
v 0.000000 0.442000 1.920000
v -0.286161 0.442000 1.898555
v -0.565930 0.442000 1.834700
v -0.833057 0.442000 1.729860
v -1.081575 0.442000 1.586378
v -1.305932 0.442000 1.407460
v -1.501116 0.442000 1.197100
v -1.662769 0.442000 0.960000
v -1.787278 0.442000 0.701455
v -1.871862 0.442000 0.427240
v -1.914631 0.442000 0.143482
v -1.914631 0.442000 -0.143482
v -1.871862 0.442000 -0.427240
v -1.787278 0.442000 -0.701455
v -1.662769 0.442000 -0.960000
v -1.501116 0.442000 -1.197100
v -1.305932 0.442000 -1.407460
v -1.081575 0.442000 -1.586378
v -0.833057 0.442000 -1.729860
v -0.565930 0.442000 -1.834700
v -0.286161 0.442000 -1.898555
v 0.000000 0.442000 -1.920000
v 0.286161 0.442000 -1.898555
v 0.565930 0.442000 -1.834700
v 0.833057 0.442000 -1.729860
v 1.081575 0.442000 -1.586378
v 1.305932 0.442000 -1.407460
v 1.501116 0.442000 -1.197100
v 1.662769 0.442000 -0.960000
v 1.787278 0.442000 -0.701455
v 1.871862 0.442000 -0.427240
v 1.914631 0.442000 -0.143482
v 1.914631 0.442000 0.143482
v 1.871862 0.442000 0.427240
v 1.787278 0.442000 0.701455
v 1.662769 0.442000 0.960000
v 1.501116 0.442000 1.197100
v 1.305932 0.442000 1.407460
v 1.081575 0.442000 1.586378
v 0.833057 0.442000 1.729860
v 0.565930 0.442000 1.834700
v 0.286161 0.442000 1.898555
v 0.000000 0.442000 1.582000
v -0.260389 0.442000 1.560424
v -0.513675 0.442000 1.496283
v -0.752949 0.442000 1.391327
v -0.971685 0.442000 1.248420
v -1.163915 0.442000 1.071459
v -1.324397 0.442000 0.865272
v -1.448753 0.442000 0.635482
v -1.533591 0.442000 0.388358
v -1.576597 0.442000 0.130641
v -1.576597 0.442000 -0.130641
v -1.533591 0.442000 -0.388358
v -1.448753 0.442000 -0.635482
v -1.324397 0.442000 -0.865272
v -1.163915 0.442000 -1.071459
v -0.971685 0.442000 -1.248420
v -0.752949 0.442000 -1.391327
v -0.513675 0.442000 -1.496283
v -0.260389 0.442000 -1.560424
v 0.000000 0.442000 -1.582000
v 0.260389 0.442000 -1.560424
v 0.513675 0.442000 -1.496283
v 0.752949 0.442000 -1.391327
v 0.971685 0.442000 -1.248420
v 1.163915 0.442000 -1.071459
v 1.324397 0.442000 -0.865272
v 1.448753 0.442000 -0.635482
v 1.533591 0.442000 -0.388358
v 1.576597 0.442000 -0.130641
v 1.576597 0.442000 0.130641
v 1.533591 0.442000 0.388358
v 1.448753 0.442000 0.635482
v 1.324397 0.442000 0.865272
v 1.163915 0.442000 1.071459
v 0.971685 0.442000 1.248420
v 0.752949 0.442000 1.391327
v 0.513675 0.442000 1.496283
v 0.260389 0.442000 1.560424
v 0.000000 0.551000 1.582000
v -0.260389 0.551000 1.560424
v -0.513675 0.551000 1.496283
v -0.752949 0.551000 1.391327
v -0.971685 0.551000 1.248420
v -1.163915 0.551000 1.071459
v -1.324397 0.551000 0.865272
v -1.448753 0.551000 0.635482
v -1.533591 0.551000 0.388358
v -1.576597 0.551000 0.130641
v -1.576597 0.551000 -0.130641
v -1.533591 0.551000 -0.388358
v -1.448753 0.551000 -0.635482
v -1.324397 0.551000 -0.865272
v -1.163915 0.551000 -1.071459
v -0.971685 0.551000 -1.248420
v -0.752949 0.551000 -1.391327
v -0.513675 0.551000 -1.496283
v -0.260389 0.551000 -1.560424
v 0.000000 0.551000 -1.582000
v 0.260389 0.551000 -1.560424
v 0.513675 0.551000 -1.496283
v 0.752949 0.551000 -1.391327
v 0.971685 0.551000 -1.248420
v 1.163915 0.551000 -1.071459
v 1.324397 0.551000 -0.865272
v 1.448753 0.551000 -0.635482
v 1.533591 0.551000 -0.388358
v 1.576597 0.551000 -0.130641
v 1.576597 0.551000 0.130641
v 1.533591 0.551000 0.388358
v 1.448753 0.551000 0.635482
v 1.324397 0.551000 0.865272
v 1.163915 0.551000 1.071459
v 0.971685 0.551000 1.248420
v 0.752949 0.551000 1.391327
v 0.513675 0.551000 1.496283
v 0.260389 0.551000 1.560424
v 0.000000 0.551000 1.691000
v -0.271255 0.551000 1.669102
v -0.535486 0.551000 1.603975
v -0.785847 0.551000 1.497306
v -1.015855 0.551000 1.351858
v -1.219553 0.551000 1.171397
v -1.391666 0.551000 0.960597
v -1.527735 0.551000 0.724919
v -1.624236 0.551000 0.470466
v -1.678671 0.551000 0.203828
v -1.689629 0.551000 -0.068090
v -1.656826 0.551000 -0.338243
v -1.581112 0.551000 -0.599637
v -1.464449 0.551000 -0.845500
v -1.309857 0.551000 -1.069465
v -1.121340 0.551000 -1.265732
v -0.903782 0.551000 -1.429216
v -0.662816 0.551000 -1.555685
v -0.404683 0.551000 -1.641863
v -0.136069 0.551000 -1.685517
v 0.136069 0.551000 -1.685517
v 0.404683 0.551000 -1.641863
v 0.662816 0.551000 -1.555685
v 0.903782 0.551000 -1.429216
v 1.121340 0.551000 -1.265732
v 1.309857 0.551000 -1.069465
v 1.464449 0.551000 -0.845500
v 1.581112 0.551000 -0.599637
v 1.656826 0.551000 -0.338243
v 1.689629 0.551000 -0.068090
v 1.678671 0.551000 0.203828
v 1.624236 0.551000 0.470466
v 1.527735 0.551000 0.724919
v 1.391666 0.551000 0.960597
v 1.219553 0.551000 1.171397
v 1.015855 0.551000 1.351858
v 0.785847 0.551000 1.497306
v 0.535486 0.551000 1.603975
v 0.271255 0.551000 1.669102
v 0.000000 0.709000 1.691000
v -0.271255 0.709000 1.669102
v -0.535486 0.709000 1.603975
v -0.785847 0.709000 1.497306
v -1.015855 0.709000 1.351858
v -1.219553 0.709000 1.171397
v -1.391666 0.709000 0.960597
v -1.527735 0.709000 0.724919
v -1.624236 0.709000 0.470466
v -1.678671 0.709000 0.203828
v -1.689629 0.709000 -0.068090
v -1.656826 0.709000 -0.338243
v -1.581112 0.709000 -0.599637
v -1.464449 0.709000 -0.845500
v -1.309857 0.709000 -1.069465
v -1.121340 0.709000 -1.265732
v -0.903782 0.709000 -1.429216
v -0.662816 0.709000 -1.555685
v -0.404683 0.709000 -1.641863
v -0.136069 0.709000 -1.685517
v 0.136069 0.709000 -1.685517
v 0.404683 0.709000 -1.641863
v 0.662816 0.709000 -1.555685
v 0.903782 0.709000 -1.429216
v 1.121340 0.709000 -1.265732
v 1.309857 0.709000 -1.069465
v 1.464449 0.709000 -0.845500
v 1.581112 0.709000 -0.599637
v 1.656826 0.709000 -0.338243
v 1.689629 0.709000 -0.068090
v 1.678671 0.709000 0.203828
v 1.624236 0.709000 0.470466
v 1.527735 0.709000 0.724919
v 1.391666 0.709000 0.960597
v 1.219553 0.709000 1.171397
v 1.015855 0.709000 1.351858
v 0.785847 0.709000 1.497306
v 0.535486 0.709000 1.603975
v 0.271255 0.709000 1.669102
vt -0.255766 -0.039270 0.000000
vt 0.104500 -0.039270 0.000000
vt -0.250134 -0.029452 0.000000
vt -0.075633 -0.026180 0.000000
vt -0.244719 -0.019635 0.000000
vt -0.075633 -0.013090 0.000000
vt -0.239728 -0.009817 0.000000
vt -0.075633 -0.000000 0.000000
vt -0.235354 -0.000000 0.000000
vt -0.231764 0.009817 0.000000
vt -0.075633 0.013090 0.000000
vt -0.229096 0.019635 0.000000
vt -0.075633 0.026180 0.000000
vt -0.227453 0.029452 0.000000
vt -0.226899 0.039270 0.000000
vt 0.076188 0.029452 0.000000
vt 0.075633 0.039270 0.000000
vt 0.098869 -0.029452 0.000000
vt 0.093453 -0.019635 0.000000
vt 0.088462 -0.009817 0.000000
vt 0.084088 0.000000 0.000000
vt 0.080498 0.009817 0.000000
vt 0.077830 0.019635 0.000000
vt -0.255766 -0.039270 0.000000
vt 0.104500 -0.039270 0.000000
vt -0.250134 -0.029452 0.000000
vt -0.075633 -0.026180 0.000000
vt -0.244719 -0.019635 0.000000
vt -0.075633 -0.013090 0.000000
vt -0.239728 -0.009817 0.000000
vt -0.075633 0.000000 0.000000
vt -0.235354 0.000000 0.000000
vt -0.231764 0.009817 0.000000
vt -0.075633 0.013090 0.000000
vt -0.229096 0.019635 0.000000
vt -0.075633 0.026180 0.000000
vt -0.227453 0.029452 0.000000
vt -0.226899 0.039270 0.000000
vt 0.076188 0.029452 0.000000
vt 0.075633 0.039270 0.000000
vt 0.098869 -0.029452 0.000000
vt 0.093453 -0.019635 0.000000
vt 0.088462 -0.009817 0.000000
vt 0.084088 0.000000 0.000000
vt 0.080498 0.009817 0.000000
vt 0.077830 0.019635 0.000000
vt -0.255766 -0.039270 0.000000
vt 0.104500 -0.039270 0.000000
vt -0.250134 -0.029452 0.000000
vt -0.075633 -0.026180 0.000000
vt -0.244719 -0.019635 0.000000
vt -0.075633 -0.013090 0.000000
vt -0.239728 -0.009817 0.000000
vt -0.075633 -0.000000 0.000000
vt -0.235354 -0.000000 0.000000
vt -0.231764 0.009817 0.000000
vt -0.075633 0.013090 0.000000
vt -0.229096 0.019635 0.000000
vt -0.075633 0.026180 0.000000
vt -0.227453 0.029452 0.000000
vt -0.226899 0.039270 0.000000
vt 0.076188 0.029452 0.000000
vt 0.075633 0.039270 0.000000
vt 0.098869 -0.029452 0.000000
vt 0.093453 -0.019635 0.000000
vt 0.088462 -0.009817 0.000000
vt 0.084088 -0.000000 0.000000
vt 0.080498 0.009817 0.000000
vt 0.077830 0.019635 0.000000
vt -0.255766 -0.039270 0.000000
vt 0.104500 -0.039270 0.000000
vt -0.250134 -0.029452 0.000000
vt -0.075633 -0.026180 0.000000
vt -0.244719 -0.019635 0.000000
vt -0.075633 -0.013090 0.000000
vt -0.239728 -0.009817 0.000000
vt -0.075633 -0.000000 0.000000
vt -0.235354 -0.000000 0.000000
vt -0.231764 0.009817 0.000000
vt -0.075633 0.013090 0.000000
vt -0.229096 0.019635 0.000000
vt -0.075633 0.026180 0.000000
vt -0.227453 0.029452 0.000000
vt -0.226899 0.039270 0.000000
vt 0.076188 0.029452 0.000000
vt 0.075633 0.039270 0.000000
vt 0.098869 -0.029452 0.000000
vt 0.093453 -0.019635 0.000000
vt 0.088462 -0.009817 0.000000
vt 0.084088 0.000000 0.000000
vt 0.080498 0.009817 0.000000
vt 0.077830 0.019635 0.000000
vt 0.075633 0.039270 0.000000
vt -0.226899 0.039270 0.000000
vt 0.076188 0.029452 0.000000
vt -0.075633 0.026180 0.000000
vt 0.077830 0.019635 0.000000
vt -0.075633 0.013090 0.000000
vt 0.080498 0.009817 0.000000
vt -0.075633 -0.000000 0.000000
vt 0.084088 -0.000000 0.000000
vt 0.088462 -0.009817 0.000000
vt -0.075633 -0.013090 0.000000
vt 0.093453 -0.019635 0.000000
vt -0.075633 -0.026180 0.000000
vt 0.098869 -0.029452 0.000000
vt 0.104500 -0.039270 0.000000
vt -0.250134 -0.029452 0.000000
vt -0.255766 -0.039270 0.000000
vt -0.227453 0.029452 0.000000
vt -0.229096 0.019635 0.000000
vt -0.231764 0.009817 0.000000
vt -0.235354 -0.000000 0.000000
vt -0.239728 -0.009817 0.000000
vt -0.244719 -0.019635 0.000000
vt 0.075633 0.039270 0.000000
vt -0.226899 0.039270 0.000000
vt 0.076188 0.029452 0.000000
vt -0.075633 0.026180 0.000000
vt 0.077830 0.019635 0.000000
vt -0.075633 0.013090 0.000000
vt 0.080498 0.009817 0.000000
vt -0.075633 0.000000 0.000000
vt 0.084088 0.000000 0.000000
vt 0.088462 -0.009817 0.000000
vt -0.075633 -0.013090 0.000000
vt 0.093453 -0.019635 0.000000
vt -0.075633 -0.026180 0.000000
vt 0.098869 -0.029452 0.000000
vt 0.104500 -0.039270 0.000000
vt -0.250134 -0.029452 0.000000
vt -0.255766 -0.039270 0.000000
vt -0.227453 0.029452 0.000000
vt -0.229096 0.019635 0.000000
vt -0.231764 0.009817 0.000000
vt -0.235354 0.000000 0.000000
vt -0.239728 -0.009817 0.000000
vt -0.244719 -0.019635 0.000000
vt 0.302532 0.685000 0.000000
vt 0.000000 0.685000 0.000000
vt 0.302532 0.000000 0.000000
vt 0.000000 0.000000 0.000000
vt 0.302532 0.685000 0.000000
vt 0.000000 0.685000 0.000000
vt 0.302532 0.000000 0.000000
vt 0.000000 0.000000 0.000000
vt 0.302532 0.685000 0.000000
vt 0.000000 0.685000 0.000000
vt 0.302532 0.000000 0.000000
vt 0.000000 0.000000 0.000000
vt -0.532708 -0.142739 0.000000
vt -0.312000 -0.180133 0.000000
vt -0.551500 -0.000000 0.000000
vt -0.312000 0.180133 0.000000
vt -0.532708 0.142739 0.000000
vt -0.477613 0.275750 0.000000
vt -0.389969 0.389969 0.000000
vt -0.275750 0.477613 0.000000
vt 0.000000 0.360267 0.000000
vt -0.142739 0.532708 0.000000
vt 0.000000 0.551500 0.000000
vt 0.142739 0.532708 0.000000
vt 0.275750 0.477613 0.000000
vt 0.312000 0.180133 0.000000
vt 0.389969 0.389969 0.000000
vt 0.477613 0.275750 0.000000
vt 0.532708 0.142739 0.000000
vt 0.551500 0.000000 0.000000
vt 0.312000 -0.180133 0.000000
vt 0.532708 -0.142739 0.000000
vt 0.477613 -0.275750 0.000000
vt 0.389969 -0.389969 0.000000
vt 0.275750 -0.477613 0.000000
vt -0.000000 -0.360267 0.000000
vt 0.142739 -0.532708 0.000000
vt 0.000000 -0.551500 0.000000
vt -0.142739 -0.532708 0.000000
vt -0.275750 -0.477613 0.000000
vt -0.389969 -0.389969 0.000000
vt -0.477613 -0.275750 0.000000
vt 0.000608 -0.317050 0.000000
vt 0.017392 -0.317050 0.000000
vt 0.000608 -0.105683 0.000000
vt 0.017392 -0.105683 0.000000
vt 0.000608 0.105683 0.000000
vt 0.017392 0.105683 0.000000
vt 0.000608 0.317050 0.000000
vt 0.017392 0.317050 0.000000
vt 0.000608 1.669669 0.000000
vt 0.017392 1.669669 0.000000
vt 0.000608 1.881036 0.000000
vt 0.017392 1.881036 0.000000
vt 0.000608 2.092402 0.000000
vt 0.017392 2.092402 0.000000
vt 0.000608 2.303769 0.000000
vt 0.017392 2.303769 0.000000
vt 0.000608 3.656388 0.000000
vt 0.017392 3.656388 0.000000
vt 0.000608 3.867755 0.000000
vt 0.017392 3.867755 0.000000
vt 0.000608 4.079121 0.000000
vt 0.017392 4.079121 0.000000
vt 0.000608 4.290488 0.000000
vt 0.017392 4.290488 0.000000
vt 0.000608 -4.290488 0.000000
vt 0.017392 -4.290488 0.000000
vt 0.000608 -4.079121 0.000000
vt 0.017392 -4.079121 0.000000
vt 0.000608 -3.867755 0.000000
vt 0.017392 -3.867755 0.000000
vt 0.000608 -3.656388 0.000000
vt 0.017392 -3.656388 0.000000
vt 0.000608 -2.303769 0.000000
vt 0.017392 -2.303769 0.000000
vt 0.000608 -2.092402 0.000000
vt 0.017392 -2.092402 0.000000
vt 0.000608 -1.881036 0.000000
vt 0.017392 -1.881036 0.000000
vt 0.000608 -1.669669 0.000000
vt 0.017392 -1.669669 0.000000
vt -1.156804 -0.125335 0.000000
vt -1.156559 -0.119743 0.000000
vt -1.240945 -0.118242 0.000000
vt -1.148309 -0.025189 0.000000
vt -1.240945 0.000000 0.000000
vt -1.148309 0.025189 0.000000
vt -1.240945 0.007379 0.000000
vt -1.240945 0.059121 0.000000
vt -1.279325 0.074658 0.000000
vt -1.240945 0.118242 0.000000
vt -1.279325 0.218645 0.000000
vt -1.263707 0.226194 0.000000
vt -1.129281 0.156560 0.000000
vt -1.100219 0.236962 0.000000
vt -0.959493 0.237450 0.000000
vt -1.021867 0.338874 0.000000
vt -0.959493 0.353922 0.000000
vt -0.920516 0.399696 0.000000
vt -0.853482 0.354022 0.000000
vt -0.833615 0.461469 0.000000
vt -0.747470 0.354122 0.000000
vt -0.798270 0.472966 0.000000
vt -0.778248 0.472966 0.000000
vt -0.757581 0.472966 0.000000
vt -0.702336 0.339284 0.000000
vt -0.641459 0.354223 0.000000
vt -0.498266 0.306200 0.000000
vt -0.535447 0.354323 0.000000
vt -0.323424 0.354524 0.000000
vt -0.451700 0.472966 0.000000
vt -0.321945 0.472966 0.000000
vt -0.208077 0.472966 0.000000
vt -0.111401 0.448153 0.000000
vt -0.158767 0.472966 0.000000
vt -0.134496 0.465880 0.000000
vt -1.100219 0.000000 0.000000
vt -1.017510 -0.039232 0.000000
vt -0.959493 0.000000 0.000000
vt -0.899438 -0.052879 0.000000
vt -0.853482 0.000000 0.000000
vt -0.695064 -0.074284 0.000000
vt -0.747470 0.000000 0.000000
vt -0.641459 0.000000 0.000000
vt -0.747470 0.051901 0.000000
vt -0.641459 0.052871 0.000000
vt -0.732970 0.071594 0.000000
vt -0.641459 0.059121 0.000000
vt -0.645100 0.077890 0.000000
vt -0.536685 0.079281 0.000000
vt -0.535447 0.059121 0.000000
vt -0.400833 0.072328 0.000000
vt -0.535447 0.053841 0.000000
vt -0.535447 0.000000 0.000000
vt -0.488897 -0.077833 0.000000
vt -0.323424 0.000000 0.000000
vt -0.251925 -0.056434 0.000000
vt -0.111401 0.000000 0.000000
vt -0.111401 -0.231118 0.000000
vt -0.268800 -0.217547 0.000000
vt -0.271027 -0.226631 0.000000
vt -0.274348 -0.234925 0.000000
vt -0.278568 -0.242268 0.000000
vt -0.283496 -0.248571 0.000000
vt -0.294849 -0.258010 0.000000
vt -0.323424 -0.354524 0.000000
vt -0.111401 -0.448153 0.000000
vt -0.307372 -0.263321 0.000000
vt -0.498262 -0.306200 0.000000
vt -0.535447 -0.354323 0.000000
vt -0.641459 -0.354223 0.000000
vt -0.596177 -0.472966 0.000000
vt -0.757581 -0.472966 0.000000
vt -0.702336 -0.339284 0.000000
vt -0.747470 -0.354122 0.000000
vt -0.723268 -0.340216 0.000000
vt -0.747470 -0.340738 0.000000
vt -0.744072 -0.337495 0.000000
vt -0.764048 -0.331316 0.000000
vt -0.782493 -0.321938 0.000000
vt -0.853482 -0.354022 0.000000
vt -0.853482 -0.343022 0.000000
vt -0.936898 -0.237529 0.000000
vt -0.959493 -0.345307 0.000000
vt -0.959493 -0.237450 0.000000
vt -1.021867 -0.338874 0.000000
vt -1.100219 -0.236962 0.000000
vt -1.136686 -0.280681 0.000000
vt -1.135772 -0.153693 0.000000
vt -1.141604 -0.150136 0.000000
vt -1.129281 -0.156560 0.000000
vt -1.146634 -0.145979 0.000000
vt -1.150755 -0.141308 0.000000
vt -1.153864 -0.136240 0.000000
vt -1.155896 -0.130879 0.000000
vt -1.263707 -0.226194 0.000000
vt -1.279325 -0.218645 0.000000
vt -1.279325 -0.074658 0.000000
vt -0.307372 0.263321 0.000000
vt -0.294861 0.258016 0.000000
vt -0.283503 0.248578 0.000000
vt -0.278568 0.242267 0.000000
vt -0.274347 0.234924 0.000000
vt -0.111401 0.231192 0.000000
vt -0.271024 0.226621 0.000000
vt -0.268800 0.217547 0.000000
vt -0.251925 0.056434 0.000000
vt -0.323424 0.059121 0.000000
vt -0.323424 0.055780 0.000000
vt -0.923624 0.050290 0.000000
vt -0.853482 0.050932 0.000000
vt -0.747470 0.059121 0.000000
vt -1.156559 0.119743 0.000000
vt -1.156804 0.125333 0.000000
vt -1.155897 0.130876 0.000000
vt -1.153861 0.136246 0.000000
vt -1.150743 0.141323 0.000000
vt -1.146624 0.145988 0.000000
vt -1.141588 0.150147 0.000000
vt -1.135767 0.153696 0.000000
vt -0.936898 0.237529 0.000000
vt -0.782493 0.321938 0.000000
vt -0.764011 0.331330 0.000000
vt -0.744020 0.337507 0.000000
vt -0.723240 0.340217 0.000000
vt -0.959493 -0.353922 0.000000
vt -0.920516 -0.399696 0.000000
vt -0.833615 -0.461469 0.000000
vt -0.816921 -0.472199 0.000000
vt -0.778221 -0.472966 0.000000
vt -0.798222 -0.472966 0.000000
vt -0.451718 -0.472966 0.000000
vt -0.321956 -0.472966 0.000000
vt -0.208077 -0.472966 0.000000
vt -0.158767 -0.472966 0.000000
vt -0.134496 -0.465880 0.000000
vt -0.596162 0.472966 0.000000
vt -0.816954 0.472182 0.000000
vt -1.136686 0.280681 0.000000
vt -1.279324 1.196492 0.000000
vt -1.279324 1.063522 0.000000
vt -1.240945 1.102336 0.000000
vt -1.263707 1.056467 0.000000
vt -1.136686 1.005303 0.000000
vt -1.021867 0.950173 0.000000
vt -1.100219 1.004104 0.000000
vt -1.100219 1.102336 0.000000
vt -1.129280 1.121222 0.000000
vt -0.936898 1.045860 0.000000
vt -0.959493 1.004104 0.000000
vt -0.853482 0.929869 0.000000
vt -0.920516 0.892009 0.000000
vt -0.853482 0.905872 0.000000
vt -0.833615 0.832356 0.000000
vt -0.747470 0.905872 0.000000
vt -0.778220 0.809344 0.000000
vt -0.757581 0.807693 0.000000
vt -0.816921 0.821935 0.000000
vt -0.798223 0.814163 0.000000
vt -0.641459 0.905872 0.000000
vt -0.596177 0.807640 0.000000
vt -0.535447 0.905872 0.000000
vt -0.451718 0.807640 0.000000
vt -0.323424 0.905872 0.000000
vt -0.321956 0.807640 0.000000
vt -0.208077 0.807640 0.000000
vt -0.158767 0.816282 0.000000
vt -0.134496 0.828074 0.000000
vt -0.111401 0.845265 0.000000
vt -0.283487 1.035517 0.000000
vt -0.111401 1.052019 0.000000
vt -0.278555 1.041438 0.000000
vt -0.274336 1.048320 0.000000
vt -0.271026 1.056061 0.000000
vt -0.268800 1.064546 0.000000
vt -0.251925 1.213111 0.000000
vt -0.111401 1.264629 0.000000
vt -0.251925 1.316070 0.000000
vt -0.111401 1.488259 0.000000
vt -0.268800 1.473847 0.000000
vt -0.271024 1.483200 0.000000
vt -0.274347 1.491806 0.000000
vt -0.278568 1.499453 0.000000
vt -0.283503 1.506053 0.000000
vt -0.323424 1.615322 0.000000
vt -0.294861 1.515973 0.000000
vt -0.307372 1.521575 0.000000
vt -0.498266 1.567540 0.000000
vt -0.535447 1.615322 0.000000
vt -0.641459 1.615322 0.000000
vt -0.596162 1.753573 0.000000
vt -0.757581 1.753573 0.000000
vt -0.111401 1.723297 0.000000
vt -0.208077 1.753573 0.000000
vt -0.321945 1.753573 0.000000
vt -0.134496 1.742537 0.000000
vt -0.158767 1.753573 0.000000
vt -0.451700 1.753573 0.000000
vt -0.778248 1.753573 0.000000
vt -0.747470 1.615322 0.000000
vt -0.702336 1.603866 0.000000
vt -0.833615 1.737755 0.000000
vt -0.798268 1.753573 0.000000
vt -0.816949 1.749365 0.000000
vt -0.853482 1.615322 0.000000
vt -0.920516 1.670410 0.000000
vt -0.959493 1.615322 0.000000
vt -1.021867 1.603411 0.000000
vt -0.936898 1.494515 0.000000
vt -1.100219 1.477071 0.000000
vt -1.129280 1.412313 0.000000
vt -1.135770 1.409477 0.000000
vt -1.240945 1.477071 0.000000
vt -1.141596 1.405969 0.000000
vt -1.240945 1.407945 0.000000
vt -1.240945 1.338819 0.000000
vt -1.279324 1.333164 0.000000
vt -1.240945 1.200568 0.000000
vt -1.136686 1.540035 0.000000
vt -1.263707 1.482760 0.000000
vt -1.279324 1.474976 0.000000
vt -1.148309 1.241497 0.000000
vt -1.156559 1.155177 0.000000
vt -1.156804 1.150032 0.000000
vt -1.155896 1.144927 0.000000
vt -1.153864 1.139987 0.000000
vt -1.150755 1.135312 0.000000
vt -1.146634 1.131001 0.000000
vt -1.141604 1.127161 0.000000
vt -1.135772 1.123874 0.000000
vt -1.017510 1.228756 0.000000
vt -1.100219 1.286139 0.000000
vt -1.148309 1.287185 0.000000
vt -0.959493 1.283078 0.000000
vt -0.899438 1.216348 0.000000
vt -0.923624 1.310349 0.000000
vt -0.853482 1.280772 0.000000
vt -0.853482 1.310946 0.000000
vt -0.747470 1.278466 0.000000
vt -0.747470 1.311849 0.000000
vt -0.641459 1.276160 0.000000
vt -0.641459 1.312752 0.000000
vt -0.535447 1.273854 0.000000
vt -0.535447 1.313655 0.000000
vt -0.400833 1.330968 0.000000
vt -0.536685 1.337529 0.000000
vt -0.695064 1.196834 0.000000
vt -0.641459 1.200568 0.000000
vt -0.535447 1.200568 0.000000
vt -0.488897 1.193593 0.000000
vt -0.323424 1.269241 0.000000
vt -0.294845 1.026647 0.000000
vt -0.323424 1.004104 0.000000
vt -0.498262 0.981190 0.000000
vt -0.307372 1.021652 0.000000
vt -0.702336 0.949783 0.000000
vt -0.723268 0.948896 0.000000
vt -0.747470 0.945359 0.000000
vt -0.744073 0.951485 0.000000
vt -0.764044 0.957361 0.000000
vt -0.782493 0.966270 0.000000
vt -0.323424 1.315461 0.000000
vt -0.645100 1.336214 0.000000
vt -0.732970 1.330277 0.000000
vt -1.156559 1.376253 0.000000
vt -1.156804 1.381679 0.000000
vt -1.155896 1.387077 0.000000
vt -1.153861 1.392317 0.000000
vt -1.150744 1.397292 0.000000
vt -1.146629 1.401871 0.000000
vt -0.782493 1.584726 0.000000
vt -0.764011 1.595065 0.000000
vt -0.744020 1.601897 0.000000
vt -0.723233 1.604899 0.000000
vt -0.723270 2.868778 0.000000
vt -0.702336 2.867845 0.000000
vt -0.641459 2.866050 0.000000
vt -0.498266 2.834974 0.000000
vt -0.535447 2.866100 0.000000
vt -0.429435 2.866150 0.000000
vt -0.451700 3.021105 0.000000
vt -0.323424 2.866200 0.000000
vt -0.321945 3.021228 0.000000
vt -0.217412 2.866249 0.000000
vt -0.208077 3.021354 0.000000
vt -0.158759 3.011436 0.000000
vt -0.134487 2.998491 0.000000
vt -0.111401 2.979722 0.000000
vt -0.111401 2.762480 0.000000
vt -0.217412 2.788321 0.000000
vt -0.217412 2.711245 0.000000
vt -0.283497 2.778910 0.000000
vt -0.278564 2.772861 0.000000
vt -0.307372 2.793117 0.000000
vt -0.294854 2.787992 0.000000
vt -0.274345 2.765846 0.000000
vt -0.271023 2.757942 0.000000
vt -0.268800 2.749339 0.000000
vt -0.251925 2.602282 0.000000
vt -0.217412 2.556191 0.000000
vt -0.111401 2.553576 0.000000
vt -0.217412 2.401137 0.000000
vt -0.111401 2.347859 0.000000
vt -0.217412 2.251650 0.000000
vt -0.111401 2.140936 0.000000
vt -0.134504 2.123414 0.000000
vt -0.208077 2.102163 0.000000
vt -0.158769 2.111372 0.000000
vt -0.400833 2.616323 0.000000
vt -0.323424 2.601707 0.000000
vt -0.323424 2.556191 0.000000
vt -0.251925 2.504334 0.000000
vt -0.488897 2.485585 0.000000
vt -0.429435 2.556191 0.000000
vt -0.535447 2.556191 0.000000
vt -0.535447 2.600002 0.000000
vt -0.641459 2.599149 0.000000
vt -0.536685 2.622496 0.000000
vt -0.645100 2.621260 0.000000
vt -0.429435 2.600854 0.000000
vt -0.732970 2.615672 0.000000
vt -0.641459 2.556191 0.000000
vt -0.923624 2.596880 0.000000
vt -0.853482 2.597444 0.000000
vt -0.747470 2.598297 0.000000
vt -0.747470 2.556191 0.000000
vt -0.853482 2.556191 0.000000
vt -0.899438 2.507437 0.000000
vt -0.959493 2.556191 0.000000
vt -1.017510 2.519320 0.000000
vt -1.100219 2.556191 0.000000
vt -1.148309 2.531497 0.000000
vt -1.148309 2.574963 0.000000
vt -1.240945 2.556191 0.000000
vt -1.240945 2.561690 0.000000
vt -1.279325 2.618390 0.000000
vt -1.240945 2.711245 0.000000
vt -1.279325 2.750378 0.000000
vt -1.263707 2.757539 0.000000
vt -1.136686 2.809962 0.000000
vt -1.146624 2.682708 0.000000
vt -1.141588 2.686521 0.000000
vt -1.156559 2.658804 0.000000
vt -1.156804 2.663872 0.000000
vt -1.155897 2.668909 0.000000
vt -1.153861 2.673802 0.000000
vt -1.150743 2.678439 0.000000
vt -1.135767 2.689781 0.000000
vt -1.129281 2.692416 0.000000
vt -1.100219 2.711245 0.000000
vt -0.936898 2.768336 0.000000
vt -0.959493 2.788969 0.000000
vt -0.959493 2.866882 0.000000
vt -1.021867 2.867435 0.000000
vt -0.920516 2.929208 0.000000
vt -0.853482 2.865944 0.000000
vt -0.833615 2.993810 0.000000
vt -0.764040 2.859885 0.000000
vt -0.744080 2.866053 0.000000
vt -0.782493 2.850547 0.000000
vt -0.757581 3.020898 0.000000
vt -0.778249 3.019072 0.000000
vt -0.798271 3.013753 0.000000
vt -1.156804 2.443532 0.000000
vt -1.156559 2.448513 0.000000
vt -1.240945 2.401137 0.000000
vt -0.695064 2.488702 0.000000
vt -0.268800 2.360148 0.000000
vt -0.271027 2.351808 0.000000
vt -0.274347 2.344171 0.000000
vt -0.278567 2.337394 0.000000
vt -0.283496 2.331563 0.000000
vt -0.294848 2.322812 0.000000
vt -0.323424 2.251650 0.000000
vt -0.321956 2.102279 0.000000
vt -0.429435 2.251650 0.000000
vt -0.451718 2.102393 0.000000
vt -0.535447 2.251650 0.000000
vt -0.596177 2.102496 0.000000
vt -0.641459 2.251650 0.000000
vt -0.702336 2.246392 0.000000
vt -0.498262 2.277733 0.000000
vt -0.307372 2.317876 0.000000
vt -0.723258 2.245504 0.000000
vt -0.757581 2.102586 0.000000
vt -0.833615 2.127787 0.000000
vt -0.778220 2.104276 0.000000
vt -0.798222 2.109207 0.000000
vt -0.816921 2.117150 0.000000
vt -0.747470 2.242791 0.000000
vt -0.744041 2.248088 0.000000
vt -0.764028 2.253962 0.000000
vt -0.782493 2.262864 0.000000
vt -0.853482 2.230913 0.000000
vt -0.853482 2.251650 0.000000
vt -0.936898 2.341768 0.000000
vt -0.959493 2.251650 0.000000
vt -1.021867 2.246782 0.000000
vt -0.959493 2.219034 0.000000
vt -0.920516 2.188321 0.000000
vt -1.100219 2.401137 0.000000
vt -1.129281 2.415557 0.000000
vt -1.136686 2.301688 0.000000
vt -1.135776 2.418138 0.000000
vt -1.141608 2.421336 0.000000
vt -1.146637 2.425069 0.000000
vt -1.263707 2.352208 0.000000
vt -1.279325 2.359141 0.000000
vt -1.279325 2.488374 0.000000
vt -1.150757 2.429256 0.000000
vt -1.153865 2.433793 0.000000
vt -1.155897 2.438584 0.000000
vt -0.596162 3.020994 0.000000
vt -0.816950 3.005212 0.000000
vt -1.100219 2.789423 0.000000
vt -1.263707 3.645492 0.000000
vt -1.240945 3.646745 0.000000
vt -1.279325 3.652653 0.000000
vt -1.240945 3.735101 0.000000
vt -1.279325 3.784641 0.000000
vt -1.240945 3.805822 0.000000
vt -1.240945 3.876543 0.000000
vt -1.148309 3.871534 0.000000
vt -1.156559 3.954518 0.000000
vt -1.136686 3.593069 0.000000
vt -1.100219 3.646745 0.000000
vt -1.129281 3.710615 0.000000
vt -1.021867 3.535596 0.000000
vt -0.936898 3.634695 0.000000
vt -0.959493 3.557970 0.000000
vt -0.853482 3.558238 0.000000
vt -0.853482 3.531437 0.000000
vt -0.782493 3.552484 0.000000
vt -0.764028 3.543142 0.000000
vt -0.747470 3.533729 0.000000
vt -0.744041 3.536969 0.000000
vt -0.723258 3.534252 0.000000
vt -0.747470 3.470033 0.000000
vt -0.702336 3.535186 0.000000
vt -0.535447 3.470033 0.000000
vt -0.535447 3.559030 0.000000
vt -0.498262 3.568058 0.000000
vt -0.959493 3.529145 0.000000
vt -0.920516 3.473823 0.000000
vt -0.853482 3.470033 0.000000
vt -0.798222 3.389261 0.000000
vt -0.778220 3.383954 0.000000
vt -0.833615 3.409221 0.000000
vt -0.816921 3.397802 0.000000
vt -0.757581 3.382133 0.000000
vt -0.596177 3.382037 0.000000
vt -0.451718 3.381926 0.000000
vt -0.323424 3.470033 0.000000
vt -0.321956 3.381803 0.000000
vt -0.208077 3.381677 0.000000
vt -0.158759 3.391595 0.000000
vt -0.134487 3.404540 0.000000
vt -0.111401 3.423309 0.000000
vt -0.111401 3.640997 0.000000
vt -0.323424 3.558709 0.000000
vt -0.307372 3.609914 0.000000
vt -0.294849 3.615042 0.000000
vt -0.283494 3.624124 0.000000
vt -0.278563 3.630171 0.000000
vt -0.274346 3.637184 0.000000
vt -0.271025 3.645082 0.000000
vt -0.111401 3.850185 0.000000
vt -0.268800 3.653692 0.000000
vt -0.251925 3.800749 0.000000
vt -0.251925 3.898697 0.000000
vt -0.323424 3.854551 0.000000
vt -0.323424 3.876543 0.000000
vt -0.400833 3.912612 0.000000
vt -0.323424 3.898126 0.000000
vt -0.111401 4.055603 0.000000
vt -0.268800 4.042883 0.000000
vt -0.271023 4.051214 0.000000
vt -0.274346 4.058858 0.000000
vt -0.278566 4.065635 0.000000
vt -0.283499 4.071471 0.000000
vt -0.294858 4.080224 0.000000
vt -0.323424 4.159427 0.000000
vt -0.307372 4.085155 0.000000
vt -0.498266 4.125299 0.000000
vt -0.535447 4.159427 0.000000
vt -0.702336 4.156639 0.000000
vt -0.596162 4.300535 0.000000
vt -0.757581 4.300445 0.000000
vt -0.111401 4.262095 0.000000
vt -0.134504 4.279617 0.000000
vt -0.208077 4.300868 0.000000
vt -0.158770 4.291659 0.000000
vt -0.321945 4.300752 0.000000
vt -0.451700 4.300638 0.000000
vt -0.747470 4.159427 0.000000
vt -0.778249 4.298750 0.000000
vt -0.798271 4.293808 0.000000
vt -0.816950 4.285865 0.000000
vt -0.833615 4.275244 0.000000
vt -0.853482 4.159427 0.000000
vt -0.920516 4.214710 0.000000
vt -0.959493 4.159427 0.000000
vt -1.021867 4.156249 0.000000
vt -0.936898 4.061263 0.000000
vt -1.136686 4.101343 0.000000
vt -1.100219 4.017985 0.000000
vt -1.240945 4.017985 0.000000
vt -1.129281 3.987474 0.000000
vt -1.135758 3.984901 0.000000
vt -1.141591 3.981706 0.000000
vt -1.146615 3.977982 0.000000
vt -1.150737 3.973799 0.000000
vt -1.153858 3.969251 0.000000
vt -1.240945 3.947264 0.000000
vt -1.155896 3.964449 0.000000
vt -1.156804 3.959501 0.000000
vt -1.263707 4.050823 0.000000
vt -1.279325 4.043890 0.000000
vt -1.279325 3.914657 0.000000
vt -1.148309 3.828068 0.000000
vt -1.156559 3.744227 0.000000
vt -1.156804 3.739158 0.000000
vt -1.155896 3.734118 0.000000
vt -1.153864 3.729235 0.000000
vt -1.150754 3.724606 0.000000
vt -1.146633 3.720332 0.000000
vt -1.141604 3.716519 0.000000
vt -1.135772 3.713252 0.000000
vt -1.017510 3.815836 0.000000
vt -1.100219 3.870544 0.000000
vt -0.959493 3.867647 0.000000
vt -0.899438 3.803876 0.000000
vt -0.853482 3.865464 0.000000
vt -0.853482 3.805365 0.000000
vt -0.747470 3.863281 0.000000
vt -0.747470 3.805430 0.000000
vt -0.695064 3.784973 0.000000
vt -0.488897 3.781822 0.000000
vt -0.535447 3.805561 0.000000
vt -0.535447 3.858916 0.000000
vt -0.645100 3.917496 0.000000
vt -0.747470 3.876543 0.000000
vt -0.747470 3.894742 0.000000
vt -0.853482 3.893896 0.000000
vt -0.732970 3.911967 0.000000
vt -0.923624 3.893336 0.000000
vt -0.323424 3.805692 0.000000
vt -0.535447 3.876543 0.000000
vt -0.535447 3.896434 0.000000
vt -0.536685 3.918719 0.000000
vt -0.959493 3.876543 0.000000
vt -0.782493 4.140167 0.000000
vt -0.764040 4.149065 0.000000
vt -0.744080 4.154935 0.000000
vt -0.723270 4.157527 0.000000
vt -0.853482 3.876543 0.000000
vt -1.279325 5.069867 0.000000
vt -1.279325 4.928055 0.000000
vt -1.240945 4.964164 0.000000
vt -1.263707 4.920271 0.000000
vt -1.136686 4.862996 0.000000
vt -1.021867 4.799620 0.000000
vt -1.100219 4.859262 0.000000
vt -1.100219 4.964164 0.000000
vt -1.135768 4.993553 0.000000
vt -1.141586 4.997055 0.000000
vt -0.959493 4.859262 0.000000
vt -0.920516 4.732621 0.000000
vt -0.853482 4.776224 0.000000
vt -0.853482 4.754360 0.000000
vt -0.747470 4.754360 0.000000
vt -0.833615 4.665276 0.000000
vt -0.757581 4.649458 0.000000
vt -0.778213 4.649458 0.000000
vt -0.798221 4.649458 0.000000
vt -0.816921 4.653650 0.000000
vt -0.641459 4.754360 0.000000
vt -0.596177 4.649458 0.000000
vt -0.535447 4.754360 0.000000
vt -0.451718 4.649458 0.000000
vt -0.323424 4.754360 0.000000
vt -0.321956 4.649458 0.000000
vt -0.208077 4.649458 0.000000
vt -0.158767 4.649458 0.000000
vt -0.134496 4.660494 0.000000
vt -0.111401 4.679734 0.000000
vt -0.294849 4.887065 0.000000
vt -0.323424 4.859262 0.000000
vt -0.307372 4.881456 0.000000
vt -0.498262 4.835492 0.000000
vt -0.111401 4.915355 0.000000
vt -0.283496 4.896985 0.000000
vt -0.278568 4.903577 0.000000
vt -0.274348 4.911224 0.000000
vt -0.271027 4.919820 0.000000
vt -0.268800 4.929184 0.000000
vt -0.251925 5.086961 0.000000
vt -0.111401 5.139078 0.000000
vt -0.251925 5.189920 0.000000
vt -0.111401 5.351395 0.000000
vt -0.268800 5.338485 0.000000
vt -0.271025 5.346965 0.000000
vt -0.274343 5.354725 0.000000
vt -0.278568 5.361611 0.000000
vt -0.283504 5.367530 0.000000
vt -0.111401 5.557767 0.000000
vt -0.323424 5.463810 0.000000
vt -0.134496 5.574957 0.000000
vt -0.158767 5.586749 0.000000
vt -0.208077 5.595391 0.000000
vt -0.321945 5.595391 0.000000
vt -0.451700 5.595391 0.000000
vt -0.535447 5.463810 0.000000
vt -0.596162 5.595391 0.000000
vt -0.641459 5.463810 0.000000
vt -0.757581 5.595338 0.000000
vt -0.702336 5.453248 0.000000
vt -0.747470 5.463810 0.000000
vt -0.723270 5.454135 0.000000
vt -0.744081 5.451544 0.000000
vt -0.764041 5.445672 0.000000
vt -0.853482 5.463810 0.000000
vt -0.782493 5.436761 0.000000
vt -0.936898 5.357171 0.000000
vt -0.959493 5.463810 0.000000
vt -1.021867 5.452858 0.000000
vt -0.920516 5.511022 0.000000
vt -0.833615 5.570675 0.000000
vt -0.816951 5.581081 0.000000
vt -0.798270 5.588852 0.000000
vt -0.778249 5.593682 0.000000
vt -1.100219 5.332229 0.000000
vt -1.136686 5.397728 0.000000
vt -1.240945 5.332229 0.000000
vt -1.263707 5.346564 0.000000
vt -1.279325 5.339509 0.000000
vt -1.279325 5.206539 0.000000
vt -1.240945 5.200647 0.000000
vt -1.155897 5.258101 0.000000
vt -1.156804 5.252997 0.000000
vt -1.156559 5.247854 0.000000
vt -1.148309 5.161534 0.000000
vt -1.240945 5.134857 0.000000
vt -1.148309 5.115846 0.000000
vt -1.240945 5.069625 0.000000
vt -1.156804 5.021352 0.000000
vt -1.156559 5.026778 0.000000
vt -1.100219 5.134857 0.000000
vt -1.017510 5.102929 0.000000
vt -1.100219 5.160493 0.000000
vt -0.959493 5.157445 0.000000
vt -0.923624 5.184327 0.000000
vt -0.853482 5.155149 0.000000
vt -0.853482 5.184911 0.000000
vt -0.747470 5.152853 0.000000
vt -0.747470 5.185794 0.000000
vt -0.641459 5.150557 0.000000
vt -0.641459 5.186676 0.000000
vt -0.535447 5.148262 0.000000
vt -0.535447 5.187559 0.000000
vt -0.400833 5.204411 0.000000
vt -0.535447 5.200647 0.000000
vt -0.536685 5.210761 0.000000
vt -0.641459 5.200647 0.000000
vt -0.645100 5.209490 0.000000
vt -0.732970 5.203741 0.000000
vt -0.959493 5.134857 0.000000
vt -0.899438 5.090274 0.000000
vt -0.853482 5.134857 0.000000
vt -0.695064 5.070220 0.000000
vt -0.747470 5.134857 0.000000
vt -0.641459 5.134857 0.000000
vt -0.535447 5.069066 0.000000
vt -0.488897 5.066871 0.000000
vt -0.535447 5.134857 0.000000
vt -0.323424 5.134857 0.000000
vt -0.323424 5.143670 0.000000
vt -0.323424 5.189324 0.000000
vt -0.702336 4.799165 0.000000
vt -0.723268 4.798134 0.000000
vt -0.747470 4.794062 0.000000
vt -0.744071 4.801146 0.000000
vt -0.764043 4.807980 0.000000
vt -0.782493 4.818305 0.000000
vt -0.936898 4.908516 0.000000
vt -1.129281 4.990718 0.000000
vt -1.146624 5.001155 0.000000
vt -1.150744 5.005739 0.000000
vt -1.153862 5.010714 0.000000
vt -1.155896 5.015953 0.000000
vt -0.498266 5.421842 0.000000
vt -0.307372 5.381379 0.000000
vt -0.294864 5.376394 0.000000
vt -0.747470 5.200647 0.000000
vt -1.153861 5.263050 0.000000
vt -1.150743 5.267733 0.000000
vt -1.146624 5.272039 0.000000
vt -1.141588 5.275881 0.000000
vt -1.135767 5.279160 0.000000
vt -1.129281 5.281809 0.000000
vt 0.037677 0.209780 0.000000
vt 0.133528 0.274289 0.000000
vt 0.037677 0.419631 0.000000
vt 0.133528 0.411434 0.000000
vt 0.068769 0.429213 0.000000
vt 0.100583 0.432211 0.000000
vt 0.133528 0.432181 0.000000
vt 0.301773 0.432066 0.000000
vt 0.311334 0.411434 0.000000
vt 0.390983 0.432004 0.000000
vt 0.489140 0.274289 0.000000
vt 0.489140 0.411434 0.000000
vt 0.605217 0.411434 0.000000
vt 0.489142 0.431940 0.000000
vt 0.727064 0.431813 0.000000
vt 0.721294 0.411434 0.000000
vt 0.747987 0.430236 0.000000
vt 0.768315 0.425618 0.000000
vt 0.787396 0.418133 0.000000
vt 0.804511 0.408042 0.000000
vt 0.733553 0.287909 0.000000
vt 0.837372 0.385553 0.000000
vt 0.752436 0.279347 0.000000
vt 0.837370 0.274289 0.000000
vt 0.837367 0.235810 0.000000
vt 0.964029 0.243529 0.000000
vt 0.953887 0.185468 0.000000
vt 1.088665 0.136869 0.000000
vt 0.133528 0.137145 0.000000
vt 0.037677 0.000000 0.000000
vt 0.133528 0.000000 0.000000
vt 0.155628 0.046907 0.000000
vt 0.311334 0.000000 0.000000
vt 0.311334 0.044731 0.000000
vt 0.326391 0.059650 0.000000
vt 0.489140 0.000000 0.000000
vt 0.489140 0.042247 0.000000
vt 0.489134 0.066565 0.000000
vt 0.605217 0.040625 0.000000
vt 0.658830 0.062715 0.000000
vt 0.663255 0.000000 0.000000
vt 0.721294 0.039004 0.000000
vt 0.837370 0.000000 0.000000
vt 0.837370 0.037382 0.000000
vt 0.959144 0.035681 0.000000
vt 0.837433 0.047617 0.000000
vt 1.090687 0.000000 0.000000
vt 1.088665 0.023640 0.000000
vt 1.090687 0.011820 0.000000
vt 1.090687 0.023640 0.000000
vt 1.090687 0.080254 0.000000
vt 1.090687 0.136869 0.000000
vt 1.090687 0.193996 0.000000
vt 1.090687 0.251124 0.000000
vt 1.088665 0.251124 0.000000
vt 1.090687 0.334631 0.000000
vt 1.088665 0.334646 0.000000
vt 1.090687 0.418137 0.000000
vt 1.088665 0.418314 0.000000
vt 1.090687 0.501644 0.000000
vt 1.088664 0.501772 0.000000
vt 1.090687 0.585151 0.000000
vt 1.088664 0.585146 0.000000
vt 1.088665 0.668602 0.000000
vt 1.090687 0.668657 0.000000
vt 1.090687 0.752164 0.000000
vt 1.088665 0.752268 0.000000
vt 1.090687 0.835671 0.000000
vt 1.088665 0.835793 0.000000
vt 1.090687 0.919177 0.000000
vt 1.088665 0.919177 0.000000
vt 1.090687 0.976305 0.000000
vt 0.964029 0.960013 0.000000
vt 1.088665 1.033433 0.000000
vt 0.953887 0.984833 0.000000
vt 1.090687 1.033433 0.000000
vt 1.090687 1.090047 0.000000
vt 1.088665 1.146661 0.000000
vt 1.090687 1.146661 0.000000
vt 1.090687 1.170302 0.000000
vt 1.088665 1.193942 0.000000
vt 1.090687 1.193942 0.000000
vt 1.090687 1.250556 0.000000
vt 1.088665 1.307170 0.000000
vt 1.090687 1.307170 0.000000
vt 1.090687 1.364298 0.000000
vt 1.090687 1.421426 0.000000
vt 1.088665 1.421426 0.000000
vt 0.964029 1.371447 0.000000
vt 0.953887 1.355770 0.000000
vt 0.964029 1.413830 0.000000
vt 0.837367 1.406111 0.000000
vt 0.951237 1.488014 0.000000
vt 0.837370 1.508592 0.000000
vt 0.837372 1.555855 0.000000
vt 0.804511 1.578343 0.000000
vt 1.090687 1.504932 0.000000
vt 1.088665 1.505109 0.000000
vt 1.090687 1.588439 0.000000
vt 1.088664 1.588583 0.000000
vt 1.090687 1.671946 0.000000
vt 1.088664 1.671971 0.000000
vt 1.090687 1.755452 0.000000
vt 1.088665 1.755438 0.000000
vt 1.090687 1.838959 0.000000
vt 1.088665 1.839117 0.000000
vt 1.090687 1.922466 0.000000
vt 1.088665 1.922659 0.000000
vt 1.090687 2.005972 0.000000
vt 1.088665 2.006058 0.000000
vt 1.090687 2.089479 0.000000
vt 1.088665 2.089479 0.000000
vt 1.090687 2.146607 0.000000
vt 0.964029 2.057171 0.000000
vt 0.953887 2.155135 0.000000
vt 0.837367 2.104793 0.000000
vt 1.088665 2.203734 0.000000
vt 1.090687 2.203734 0.000000
vt 1.090687 2.260349 0.000000
vt 1.088665 2.316963 0.000000
vt 1.090687 2.316963 0.000000
vt 1.090687 2.340603 0.000000
vt 1.090687 2.364243 0.000000
vt 1.088665 2.364243 0.000000
vt 0.964029 2.346698 0.000000
vt 0.959831 2.304955 0.000000
vt 0.837370 2.346698 0.000000
vt 0.837444 2.292919 0.000000
vt 0.721294 2.346698 0.000000
vt 0.660295 2.277969 0.000000
vt 0.658830 2.403318 0.000000
vt 0.605217 2.346698 0.000000
vt 0.605217 2.381229 0.000000
vt 0.489140 2.346698 0.000000
vt 0.489140 2.382850 0.000000
vt 0.326391 2.400253 0.000000
vt 0.489134 2.407169 0.000000
vt 1.090687 2.420858 0.000000
vt 1.088665 2.477472 0.000000
vt 1.090687 2.477472 0.000000
vt 1.090687 2.534599 0.000000
vt 1.090687 2.591727 0.000000
vt 1.088665 2.591727 0.000000
vt 0.964029 2.584132 0.000000
vt 0.953887 2.526071 0.000000
vt 0.837367 2.576413 0.000000
vt 0.951237 2.658315 0.000000
vt 0.837370 2.652028 0.000000
vt 0.837372 2.726156 0.000000
vt 0.804511 2.748645 0.000000
vt 1.088664 2.675213 0.000000
vt 1.090687 2.675234 0.000000
vt 1.088664 2.758611 0.000000
vt 1.090687 2.758740 0.000000
vt 1.088665 2.842085 0.000000
vt 1.090687 2.842247 0.000000
vt 1.088665 2.925772 0.000000
vt 1.090687 2.925754 0.000000
vt 1.090687 3.009260 0.000000
vt 1.088664 3.009327 0.000000
vt 1.090687 3.092767 0.000000
vt 1.088664 3.092736 0.000000
vt 1.088665 3.176165 0.000000
vt 1.090687 3.176274 0.000000
vt 1.088665 3.259780 0.000000
vt 1.090687 3.259780 0.000000
vt 1.090687 3.316908 0.000000
vt 1.090687 3.374036 0.000000
vt 1.088665 3.374036 0.000000
vt 0.953887 3.325436 0.000000
vt 0.964029 3.260324 0.000000
vt 0.837367 3.275095 0.000000
vt 0.837370 3.260876 0.000000
vt 0.752436 3.231558 0.000000
vt 0.837370 3.206619 0.000000
vt 0.804511 3.102863 0.000000
vt 0.837372 3.125351 0.000000
vt 1.090687 3.430650 0.000000
vt 1.088665 3.487264 0.000000
vt 1.090687 3.487264 0.000000
vt 1.090687 3.510905 0.000000
vt 1.088665 3.534545 0.000000
vt 1.090687 3.534545 0.000000
vt 1.090687 3.591159 0.000000
vt 1.088665 3.647773 0.000000
vt 1.090687 3.647773 0.000000
vt 1.090687 3.704901 0.000000
vt 1.090687 3.762029 0.000000
vt 1.088665 3.762029 0.000000
vt 0.964029 3.718145 0.000000
vt 0.953887 3.696373 0.000000
vt 0.837367 3.746714 0.000000
vt 0.964029 3.754433 0.000000
vt 0.951237 3.828617 0.000000
vt 1.088665 3.845407 0.000000
vt 1.090687 3.845535 0.000000
vt 1.088665 3.928859 0.000000
vt 1.090687 3.929042 0.000000
vt 1.088665 4.012525 0.000000
vt 1.090687 4.012549 0.000000
vt 1.088664 4.096064 0.000000
vt 1.090687 4.096055 0.000000
vt 1.088664 4.179455 0.000000
vt 1.090687 4.179562 0.000000
vt 1.088664 4.262863 0.000000
vt 1.090687 4.263069 0.000000
vt 1.088665 4.346455 0.000000
vt 1.090687 4.346575 0.000000
vt 1.088665 4.430082 0.000000
vt 1.090687 4.430082 0.000000
vt 1.090687 4.487210 0.000000
vt 1.090687 4.544337 0.000000
vt 1.088665 4.544337 0.000000
vt 0.964029 4.480061 0.000000
vt 0.951237 4.363494 0.000000
vt 0.837370 4.327678 0.000000
vt 0.837372 4.295653 0.000000
vt 0.804511 4.273164 0.000000
vt 0.721294 4.327678 0.000000
vt 0.787424 4.263086 0.000000
vt 0.768359 4.255601 0.000000
vt 0.727064 4.249393 0.000000
vt 0.748013 4.250974 0.000000
vt 1.090687 4.600952 0.000000
vt 1.088665 4.657566 0.000000
vt 1.090687 4.657566 0.000000
vt 1.090687 4.681206 0.000000
vt 1.088665 4.704846 0.000000
vt 1.090687 4.704846 0.000000
vt 1.090687 4.761461 0.000000
vt 1.088665 4.818075 0.000000
vt 1.090687 4.818075 0.000000
vt 1.090687 4.875203 0.000000
vt 1.090687 4.932330 0.000000
vt 1.088665 4.932330 0.000000
vt 0.964029 4.924735 0.000000
vt 0.953887 4.866674 0.000000
vt 0.837367 4.917016 0.000000
vt 0.837370 4.937210 0.000000
vt 0.752436 4.960553 0.000000
vt 0.837372 5.066759 0.000000
vt 0.733538 4.969121 0.000000
vt 0.804511 5.089248 0.000000
vt 0.721294 5.089285 0.000000
vt 0.787396 5.099340 0.000000
vt 0.768315 5.106824 0.000000
vt 1.088665 5.015739 0.000000
vt 1.090687 5.015837 0.000000
vt 1.088665 5.099361 0.000000
vt 1.090687 5.099344 0.000000
vt 1.090687 5.182850 0.000000
vt 1.090687 5.266357 0.000000
vt 1.088664 5.266212 0.000000
vt 1.088664 5.182861 0.000000
vt 1.088664 5.349577 0.000000
vt 1.090687 5.349864 0.000000
vt 1.088665 5.433123 0.000000
vt 1.090687 5.433370 0.000000
vt 1.088665 5.516778 0.000000
vt 1.090687 5.516877 0.000000
vt 1.088665 5.600384 0.000000
vt 1.090687 5.600384 0.000000
vt 1.090687 5.657511 0.000000
vt 1.090687 5.714639 0.000000
vt 1.088665 5.714639 0.000000
vt 0.953887 5.666039 0.000000
vt 0.964029 5.547169 0.000000
vt 0.837367 5.615698 0.000000
vt 0.951237 5.533795 0.000000
vt 0.837370 5.551057 0.000000
vt 0.837370 5.546742 0.000000
vt 0.752436 5.572161 0.000000
vt 0.804511 5.443466 0.000000
vt 0.721294 5.546742 0.000000
vt 0.787429 5.433390 0.000000
vt 0.727064 5.419695 0.000000
vt 0.748012 5.421275 0.000000
vt 1.090687 5.771253 0.000000
vt 1.088665 5.827867 0.000000
vt 1.090687 5.827867 0.000000
vt 1.090687 5.833777 0.000000
vt 1.090687 5.839688 0.000000
vt 1.090687 5.845598 0.000000
vt 0.959831 5.815859 0.000000
vt 1.090687 5.851508 0.000000
vt 0.837370 5.851508 0.000000
vt 0.837444 5.803824 0.000000
vt 0.663255 5.851508 0.000000
vt 0.660295 5.788874 0.000000
vt 0.489140 5.851508 0.000000
vt 0.489135 5.785003 0.000000
vt 0.326949 5.791884 0.000000
vt 0.311334 5.851508 0.000000
vt 0.155628 5.804601 0.000000
vt 0.133528 5.851508 0.000000
vt 0.133528 5.699125 0.000000
vt 0.037677 5.851508 0.000000
vt 0.037677 5.641848 0.000000
vt 0.133528 5.546742 0.000000
vt 0.037677 5.431876 0.000000
vt 0.133528 5.419326 0.000000
vt 0.100583 5.419296 0.000000
vt 0.068769 5.422295 0.000000
vt 0.301773 5.419441 0.000000
vt 0.311334 5.546742 0.000000
vt 0.232729 5.625011 0.000000
vt 0.360655 5.602594 0.000000
vt 0.390983 5.419503 0.000000
vt 0.489140 5.546742 0.000000
vt 0.489142 5.419568 0.000000
vt 0.605217 5.546742 0.000000
vt 0.670656 5.556374 0.000000
vt 0.691954 5.555520 0.000000
vt 0.713122 5.557972 0.000000
vt 0.721294 5.554619 0.000000
vt 0.733518 5.563586 0.000000
vt 0.768360 5.425903 0.000000
vt 0.837372 5.465954 0.000000
vt 0.964029 5.546742 0.000000
vt 0.964029 4.937210 0.000000
vt 0.951237 4.998918 0.000000
vt 0.747986 5.111442 0.000000
vt 0.727064 5.113019 0.000000
vt 0.605217 5.089338 0.000000
vt 0.489142 5.113146 0.000000
vt 0.489140 5.089390 0.000000
vt 0.390983 5.113210 0.000000
vt 0.311334 4.937210 0.000000
vt 0.311334 5.089470 0.000000
vt 0.232729 4.907702 0.000000
vt 0.133528 4.937210 0.000000
vt 0.216442 4.903101 0.000000
vt 0.201173 4.894911 0.000000
vt 0.194301 4.889365 0.000000
vt 0.188274 4.882831 0.000000
vt 0.183419 4.875345 0.000000
vt 0.180103 4.866998 0.000000
vt 0.037677 4.891207 0.000000
vt 0.133528 4.784827 0.000000
vt 0.037677 4.681175 0.000000
vt 0.155628 4.728113 0.000000
vt 0.133528 4.632444 0.000000
vt 0.155628 4.634299 0.000000
vt 0.180103 4.495414 0.000000
vt 0.133528 4.479755 0.000000
vt 0.183413 4.487079 0.000000
vt 0.188274 4.479580 0.000000
vt 0.194320 4.473029 0.000000
vt 0.201200 4.467483 0.000000
vt 0.133528 4.327678 0.000000
vt 0.216480 4.459297 0.000000
vt 0.232729 4.454710 0.000000
vt 0.311334 4.327678 0.000000
vt 0.360655 4.432292 0.000000
vt 0.489140 4.327678 0.000000
vt 0.489145 4.411104 0.000000
vt 0.605217 4.327678 0.000000
vt 0.670656 4.386072 0.000000
vt 0.691950 4.385218 0.000000
vt 0.721294 4.383544 0.000000
vt 0.713123 4.387670 0.000000
vt 0.733519 4.393285 0.000000
vt 0.752436 4.401860 0.000000
vt 0.837370 4.376920 0.000000
vt 0.837367 4.445397 0.000000
vt 0.953887 4.495738 0.000000
vt 0.301773 5.113272 0.000000
vt 0.133528 5.089550 0.000000
vt 0.037677 5.100837 0.000000
vt 0.133528 5.113388 0.000000
vt 0.068769 5.110419 0.000000
vt 0.100583 5.113417 0.000000
vt 0.037677 4.471515 0.000000
vt 0.037677 4.261575 0.000000
vt 0.133528 4.249025 0.000000
vt 0.100583 4.248995 0.000000
vt 0.068769 4.251993 0.000000
vt 0.301773 4.249140 0.000000
vt 0.390983 4.249202 0.000000
vt 0.489142 4.249266 0.000000
vt 0.837370 3.870528 0.000000
vt 0.837372 3.896458 0.000000
vt 0.804511 3.918946 0.000000
vt 0.721294 3.870528 0.000000
vt 0.787395 3.929038 0.000000
vt 0.768315 3.936523 0.000000
vt 0.747986 3.941141 0.000000
vt 0.727064 3.942717 0.000000
vt 0.605217 3.870528 0.000000
vt 0.489142 3.942845 0.000000
vt 0.489140 3.870528 0.000000
vt 0.390983 3.942909 0.000000
vt 0.360654 3.759818 0.000000
vt 0.311334 3.870528 0.000000
vt 0.232729 3.737401 0.000000
vt 0.133528 3.870528 0.000000
vt 0.133528 3.718709 0.000000
vt 0.037677 3.720634 0.000000
vt 0.133528 3.565762 0.000000
vt 0.037677 3.510895 0.000000
vt 0.155628 3.463998 0.000000
vt 0.133528 3.413379 0.000000
vt 0.180103 3.325112 0.000000
vt 0.037677 3.301192 0.000000
vt 0.133528 3.261292 0.000000
vt 0.037677 3.091273 0.000000
vt 0.133528 3.108613 0.000000
vt 0.133528 3.078723 0.000000
vt 0.301773 3.078838 0.000000
vt 0.301773 3.942971 0.000000
vt 0.133528 3.943086 0.000000
vt 0.068769 3.940118 0.000000
vt 0.037677 3.930536 0.000000
vt 0.100583 3.943116 0.000000
vt 0.068756 3.081693 0.000000
vt 0.100583 3.078693 0.000000
vt 0.311334 3.108613 0.000000
vt 0.390983 3.078900 0.000000
vt 0.360655 3.261991 0.000000
vt 0.489140 3.108613 0.000000
vt 0.489145 3.240802 0.000000
vt 0.605217 3.108613 0.000000
vt 0.670656 3.215771 0.000000
vt 0.691984 3.214918 0.000000
vt 0.721294 3.213245 0.000000
vt 0.713181 3.217380 0.000000
vt 0.733548 3.222993 0.000000
vt 0.489142 3.078965 0.000000
vt 0.727064 3.079092 0.000000
vt 0.721294 3.108613 0.000000
vt 0.787425 3.092785 0.000000
vt 0.748012 3.080672 0.000000
vt 0.768361 3.085300 0.000000
vt 0.951237 3.193192 0.000000
vt 0.787395 2.758737 0.000000
vt 0.721294 2.651946 0.000000
vt 0.752436 2.619950 0.000000
vt 0.768315 2.766221 0.000000
vt 0.747986 2.770839 0.000000
vt 0.727064 2.772416 0.000000
vt 0.489142 2.772543 0.000000
vt 0.605217 2.651865 0.000000
vt 0.670656 2.635737 0.000000
vt 0.691973 2.636590 0.000000
vt 0.713147 2.634134 0.000000
vt 0.489140 2.651783 0.000000
vt 0.390983 2.772607 0.000000
vt 0.360654 2.589517 0.000000
vt 0.311334 2.651657 0.000000
vt 0.232729 2.567099 0.000000
vt 0.133528 2.651532 0.000000
vt 0.216441 2.562497 0.000000
vt 0.201169 2.554305 0.000000
vt 0.194305 2.548765 0.000000
vt 0.133528 2.499081 0.000000
vt 0.188282 2.542239 0.000000
vt 0.183418 2.534740 0.000000
vt 0.180103 2.526395 0.000000
vt 0.155628 2.387510 0.000000
vt 0.037677 2.340593 0.000000
vt 0.133528 2.346698 0.000000
vt 0.155628 2.293696 0.000000
vt 0.311334 2.346698 0.000000
vt 0.311334 2.385334 0.000000
vt 0.301773 2.772669 0.000000
vt 0.133528 2.772785 0.000000
vt 0.068756 2.769814 0.000000
vt 0.037677 2.760234 0.000000
vt 0.100583 2.772814 0.000000
vt 0.037677 2.550333 0.000000
vt 0.133528 2.194315 0.000000
vt 0.037677 2.130890 0.000000
vt 0.133528 2.057171 0.000000
vt 0.037677 1.920972 0.000000
vt 0.133528 1.920850 0.000000
vt 0.068769 1.911390 0.000000
vt 0.100583 1.908392 0.000000
vt 0.133528 1.908422 0.000000
vt 0.301773 1.908537 0.000000
vt 0.311334 1.920624 0.000000
vt 0.311334 2.057171 0.000000
vt 0.390983 1.908599 0.000000
vt 0.360655 2.091689 0.000000
vt 0.489140 2.057171 0.000000
vt 0.489145 2.070501 0.000000
vt 0.670656 2.045469 0.000000
vt 0.605217 1.920250 0.000000
vt 0.691984 2.044616 0.000000
vt 0.721294 2.042943 0.000000
vt 0.713181 2.047079 0.000000
vt 0.733548 2.052692 0.000000
vt 0.804511 1.932561 0.000000
vt 0.752436 2.061257 0.000000
vt 0.837370 2.036318 0.000000
vt 0.837370 2.057171 0.000000
vt 0.951237 2.022891 0.000000
vt 0.489140 1.920397 0.000000
vt 0.489142 1.908663 0.000000
vt 0.727064 1.908790 0.000000
vt 0.721294 1.920102 0.000000
vt 0.748012 1.910371 0.000000
vt 0.768361 1.914999 0.000000
vt 0.787425 1.922483 0.000000
vt 0.837372 1.955050 0.000000
vt 0.721294 1.508592 0.000000
vt 0.787396 1.588435 0.000000
vt 0.768315 1.595920 0.000000
vt 0.747980 1.600539 0.000000
vt 0.727064 1.602114 0.000000
vt 0.605217 1.508592 0.000000
vt 0.489142 1.602241 0.000000
vt 0.489140 1.508592 0.000000
vt 0.390983 1.602306 0.000000
vt 0.311334 1.508592 0.000000
vt 0.301773 1.602368 0.000000
vt 0.133528 1.508592 0.000000
vt 0.133528 1.602483 0.000000
vt 0.068769 1.599515 0.000000
vt 0.100583 1.602513 0.000000
vt 0.037677 1.589933 0.000000
vt 0.037677 1.380302 0.000000
vt 0.133528 1.371758 0.000000
vt 0.133528 1.234302 0.000000
vt 0.180103 1.356094 0.000000
vt 0.155628 1.217208 0.000000
vt 0.155628 1.123395 0.000000
vt 0.311334 1.215033 0.000000
vt 0.326949 1.110678 0.000000
vt 0.326391 1.229951 0.000000
vt 0.489140 1.212549 0.000000
vt 0.489140 1.234279 0.000000
vt 0.605217 1.210927 0.000000
vt 0.489134 1.236867 0.000000
vt 0.658830 1.233016 0.000000
vt 0.660295 1.107668 0.000000
vt 0.721294 1.209305 0.000000
vt 0.837444 1.122617 0.000000
vt 0.837370 1.207684 0.000000
vt 0.959144 1.205982 0.000000
vt 0.837433 1.217918 0.000000
vt 0.037677 1.170270 0.000000
vt 0.133528 1.097158 0.000000
vt 0.037677 0.960610 0.000000
vt 0.133528 0.960251 0.000000
vt 0.133528 0.822868 0.000000
vt 0.200537 0.957050 0.000000
vt 0.215685 0.948712 0.000000
vt 0.232729 0.943805 0.000000
vt 0.311334 0.822868 0.000000
vt 0.360655 0.921388 0.000000
vt 0.489140 0.822868 0.000000
vt 0.489145 0.900199 0.000000
vt 0.605217 0.822868 0.000000
vt 0.670656 0.875168 0.000000
vt 0.721294 0.822868 0.000000
vt 0.691985 0.874315 0.000000
vt 0.721294 0.872642 0.000000
vt 0.713182 0.876777 0.000000
vt 0.733550 0.882391 0.000000
vt 0.752436 0.890955 0.000000
vt 0.837370 0.822868 0.000000
vt 0.837370 0.866016 0.000000
vt 0.837367 0.934492 0.000000
vt 0.037677 0.750670 0.000000
vt 0.133528 0.738120 0.000000
vt 0.301773 0.738235 0.000000
vt 0.068769 0.741088 0.000000
vt 0.100583 0.738090 0.000000
vt 0.390983 0.738297 0.000000
vt 0.489142 0.738362 0.000000
vt 0.727064 0.738489 0.000000
vt 0.768361 0.744697 0.000000
vt 0.787426 0.752182 0.000000
vt 0.748012 0.740069 0.000000
vt 0.804511 0.762260 0.000000
vt 0.837372 0.784748 0.000000
vt 0.951237 0.852589 0.000000
vt 0.964029 0.274289 0.000000
vt 0.951237 0.317712 0.000000
vt 0.360654 0.248914 0.000000
vt 0.311334 0.274289 0.000000
vt 0.232729 0.226496 0.000000
vt 0.489144 0.270102 0.000000
vt 0.670656 0.295134 0.000000
vt 0.691979 0.295987 0.000000
vt 0.713168 0.293527 0.000000
vt 0.180103 0.185792 0.000000
vt 0.183414 0.194130 0.000000
vt 0.188281 0.201634 0.000000
vt 0.194307 0.208165 0.000000
vt 0.201178 0.213708 0.000000
vt 0.216442 0.221895 0.000000
vt 0.489145 5.581405 0.000000
vt 0.216480 5.629598 0.000000
vt 0.201200 5.637784 0.000000
vt 0.194320 5.643331 0.000000
vt 0.188274 5.649882 0.000000
vt 0.183413 5.657381 0.000000
vt 0.180103 5.665715 0.000000
vt 0.360654 1.419215 0.000000
vt 0.232729 1.396798 0.000000
vt 0.216442 1.392196 0.000000
vt 0.201178 1.384010 0.000000
vt 0.194307 1.378467 0.000000
vt 0.188281 1.371936 0.000000
vt 0.183414 1.364431 0.000000
vt 0.489144 1.440404 0.000000
vt 0.670656 1.465435 0.000000
vt 0.691979 1.466288 0.000000
vt 0.713168 1.463829 0.000000
vt 0.733548 1.458213 0.000000
vt 0.752436 1.449648 0.000000
vt 0.959831 1.134653 0.000000
vt 0.193869 0.962548 0.000000
vt 0.188021 0.969002 0.000000
vt 0.183319 0.976355 0.000000
vt 0.180103 0.984509 0.000000
vt 0.489135 1.103797 0.000000
vt 0.489144 2.610705 0.000000
vt 0.733538 2.628518 0.000000
vt 0.959144 2.376284 0.000000
vt 0.837370 2.377985 0.000000
vt 0.837433 2.388220 0.000000
vt 0.721294 2.379607 0.000000
vt 0.232729 2.114107 0.000000
vt 0.216476 2.118696 0.000000
vt 0.201194 2.126884 0.000000
vt 0.194316 2.132430 0.000000
vt 0.188272 2.138980 0.000000
vt 0.183412 2.146478 0.000000
vt 0.180103 2.154811 0.000000
vt 0.326949 2.280980 0.000000
vt 0.489135 2.274099 0.000000
vt 0.489144 3.781007 0.000000
vt 0.670656 3.806038 0.000000
vt 0.691973 3.806892 0.000000
vt 0.713147 3.804436 0.000000
vt 0.733538 3.798819 0.000000
vt 0.752436 3.790251 0.000000
vt 0.959831 3.475256 0.000000
vt 0.959144 3.546585 0.000000
vt 0.837444 3.463221 0.000000
vt 0.837370 3.548287 0.000000
vt 0.721294 3.549908 0.000000
vt 0.837433 3.558522 0.000000
vt 0.721294 3.565762 0.000000
vt 0.658830 3.573619 0.000000
vt 0.660295 3.448271 0.000000
vt 0.489134 3.577470 0.000000
vt 0.605217 3.565762 0.000000
vt 0.605217 3.551530 0.000000
vt 0.489135 3.444400 0.000000
vt 0.489140 3.553152 0.000000
vt 0.326949 3.451281 0.000000
vt 0.326391 3.570554 0.000000
vt 0.311334 3.555636 0.000000
vt 0.311334 3.565762 0.000000
vt 0.155628 3.557811 0.000000
vt 0.489140 3.565762 0.000000
vt 0.180103 3.696697 0.000000
vt 0.183413 3.705031 0.000000
vt 0.188278 3.712536 0.000000
vt 0.194303 3.719066 0.000000
vt 0.201173 3.724609 0.000000
vt 0.216437 3.732797 0.000000
vt 0.311334 3.261839 0.000000
vt 0.232729 3.284408 0.000000
vt 0.216469 3.289000 0.000000
vt 0.201184 3.297193 0.000000
vt 0.194309 3.302738 0.000000
vt 0.188268 3.309287 0.000000
vt 0.183410 3.316782 0.000000
vt 0.360654 4.930120 0.000000
vt 0.489144 4.951308 0.000000
vt 0.670656 4.976340 0.000000
vt 0.691973 4.977193 0.000000
vt 0.713147 4.974737 0.000000
vt 0.959831 4.645558 0.000000
vt 0.959144 4.716887 0.000000
vt 0.837444 4.633522 0.000000
vt 0.837370 4.718588 0.000000
vt 0.721294 4.633331 0.000000
vt 0.721294 4.720210 0.000000
vt 0.660295 4.618572 0.000000
vt 0.658830 4.743921 0.000000
vt 0.605217 4.721832 0.000000
vt 0.489134 4.747772 0.000000
vt 0.489140 4.723453 0.000000
vt 0.326391 4.740856 0.000000
vt 0.326949 4.621583 0.000000
vt 0.311334 4.725938 0.000000
vt 0.311334 4.632658 0.000000
vt 0.837433 4.728823 0.000000
vt 0.489140 4.632950 0.000000
vt 0.489135 4.614702 0.000000
vt 0.605217 4.633141 0.000000
vt -0.242659 0.018023 0.000000
vt -0.242659 0.000000 0.000000
vt 0.242659 0.000000 0.000000
vt -0.242659 -0.009011 0.000000
vt -0.242659 -0.018023 0.000000
vt -0.242659 -0.027034 0.000000
vt -0.242659 -0.036046 0.000000
vt 0.242659 -0.139408 0.000000
vt -0.242659 -0.122369 0.000000
vt -0.242659 -0.208691 0.000000
vt 0.242659 -0.278816 0.000000
vt -0.242659 -0.295797 0.000000
vt -0.242659 -0.382903 0.000000
vt 0.242659 -0.418225 0.000000
vt -0.242659 -0.510230 0.000000
vt 0.242659 -0.557633 0.000000
vt -0.242659 -0.637558 0.000000
vt 0.242659 -0.697041 0.000000
vt -0.242659 -0.764885 0.000000
vt 0.242659 -0.836449 0.000000
vt -0.242659 -0.892212 0.000000
vt 0.242659 -0.975857 0.000000
vt -0.242659 -1.019540 0.000000
vt 0.242659 -1.115265 0.000000
vt -0.242659 -1.146867 0.000000
vt 0.242659 -1.254674 0.000000
vt -0.242659 -1.274194 0.000000
vt 0.242659 -1.394082 0.000000
vt -0.242659 -1.401522 0.000000
vt -0.242659 -1.488627 0.000000
vt 0.242659 -1.533490 0.000000
vt -0.242659 -1.575733 0.000000
vt 0.242659 -1.672898 0.000000
vt -0.242659 -1.662056 0.000000
vt -0.242659 -1.748379 0.000000
vt 0.242659 -1.812306 0.000000
vt -0.242659 -1.784425 0.000000
vt -0.242659 -1.820470 0.000000
vt -0.242659 -1.906793 0.000000
vt 0.242659 -1.951714 0.000000
vt -0.242659 -1.993116 0.000000
vt 0.242659 -2.091123 0.000000
vt -0.242659 -2.080222 0.000000
vt -0.242659 -2.167328 0.000000
vt 0.242659 -2.230531 0.000000
vt -0.242659 -2.294655 0.000000
vt 0.242659 -2.369939 0.000000
vt -0.242659 -2.421982 0.000000
vt 0.242659 -2.509347 0.000000
vt -0.242659 -2.549310 0.000000
vt 0.242659 -2.648755 0.000000
vt -0.242659 -2.676637 0.000000
vt 0.242659 -2.788163 0.000000
vt -0.242659 -2.803964 0.000000
vt 0.242659 -2.927572 0.000000
vt -0.242659 -2.931292 0.000000
vt -0.242659 -3.058619 0.000000
vt 0.242659 -3.066980 0.000000
vt -0.242659 -3.185946 0.000000
vt 0.242659 -3.206388 0.000000
vt -0.242659 -3.273052 0.000000
vt 0.242659 -3.345796 0.000000
vt -0.242659 -3.360158 0.000000
vt -0.242659 -3.446481 0.000000
vt 0.242659 -3.485204 0.000000
vt -0.242659 -3.532804 0.000000
vt -0.242659 -3.568849 0.000000
vt 0.242659 -3.624612 0.000000
vt -0.242659 -3.604895 0.000000
vt -0.242659 -3.691218 0.000000
vt 0.242659 -3.764021 0.000000
vt -0.242659 -3.777541 0.000000
vt -0.242659 -3.864646 0.000000
vt 0.242659 -3.903429 0.000000
vt -0.242659 -3.951752 0.000000
vt 0.242659 -4.042837 0.000000
vt -0.242659 -4.079080 0.000000
vt 0.242659 -4.182245 0.000000
vt -0.242659 -4.206407 0.000000
vt 0.242659 -4.321653 0.000000
vt -0.242659 -4.333734 0.000000
vt 0.242659 -4.461061 0.000000
vt -0.242659 -4.461061 0.000000
vt 0.242659 4.461061 0.000000
vt -0.242659 4.461061 0.000000
vt -0.242659 4.333734 0.000000
vt 0.242659 4.321653 0.000000
vt -0.242659 4.206407 0.000000
vt 0.242659 4.182245 0.000000
vt -0.242659 4.079080 0.000000
vt 0.242659 4.042837 0.000000
vt -0.242659 3.951752 0.000000
vt 0.242659 3.903429 0.000000
vt -0.242659 3.864646 0.000000
vt 0.242659 3.764021 0.000000
vt -0.242659 3.777541 0.000000
vt -0.242659 3.691218 0.000000
vt 0.242659 3.624612 0.000000
vt -0.242659 3.604895 0.000000
vt -0.242659 3.568849 0.000000
vt 0.242659 3.485204 0.000000
vt -0.242659 3.532804 0.000000
vt -0.242659 3.446481 0.000000
vt 0.242659 3.345796 0.000000
vt -0.242659 3.360158 0.000000
vt -0.242659 3.273052 0.000000
vt 0.242659 3.206388 0.000000
vt -0.242659 3.185946 0.000000
vt 0.242659 3.066980 0.000000
vt -0.242659 3.058619 0.000000
vt 0.242659 2.927572 0.000000
vt -0.242659 2.931292 0.000000
vt -0.242659 2.803964 0.000000
vt 0.242659 2.788163 0.000000
vt -0.242659 2.676637 0.000000
vt 0.242659 2.648755 0.000000
vt -0.242659 2.549310 0.000000
vt 0.242659 2.509347 0.000000
vt -0.242659 2.421982 0.000000
vt 0.242659 2.369939 0.000000
vt -0.242659 2.294655 0.000000
vt 0.242659 2.230531 0.000000
vt -0.242659 2.167328 0.000000
vt 0.242659 2.091123 0.000000
vt -0.242659 2.080222 0.000000
vt -0.242659 1.993116 0.000000
vt 0.242659 1.951714 0.000000
vt -0.242659 1.906793 0.000000
vt 0.242659 1.812306 0.000000
vt -0.242659 1.820470 0.000000
vt -0.242659 1.784425 0.000000
vt -0.242659 1.748379 0.000000
vt 0.242659 1.672898 0.000000
vt -0.242659 1.662056 0.000000
vt -0.242659 1.575733 0.000000
vt 0.242659 1.533490 0.000000
vt -0.242659 1.488627 0.000000
vt 0.242659 1.394082 0.000000
vt -0.242659 1.401522 0.000000
vt -0.242659 1.274194 0.000000
vt 0.242659 1.254674 0.000000
vt -0.242659 1.146867 0.000000
vt 0.242659 1.115265 0.000000
vt -0.242659 1.019540 0.000000
vt 0.242659 0.975857 0.000000
vt -0.242659 0.892212 0.000000
vt 0.242659 0.836449 0.000000
vt -0.242659 0.764885 0.000000
vt 0.242659 0.697041 0.000000
vt -0.242659 0.637558 0.000000
vt 0.242659 0.557633 0.000000
vt -0.242659 0.510230 0.000000
vt 0.242659 0.418225 0.000000
vt -0.242659 0.382903 0.000000
vt 0.242659 0.278816 0.000000
vt -0.242659 0.295797 0.000000
vt -0.242659 0.208691 0.000000
vt 0.242659 0.139408 0.000000
vt -0.242659 0.122369 0.000000
vt -0.242659 0.036046 0.000000
vt 1.962672 -0.138988 0.000000
vt 1.964662 -0.139184 0.000000
vt 1.969500 0.000000 0.000000
vt 1.971500 0.000000 0.000000
vt 1.962672 0.138988 0.000000
vt 1.964662 0.139184 0.000000
vt 1.942254 0.276638 0.000000
vt 1.944215 0.277028 0.000000
vt 1.908441 0.411624 0.000000
vt 1.910355 0.412204 0.000000
vt 1.861561 0.542645 0.000000
vt 1.863409 0.543410 0.000000
vt 1.802064 0.668441 0.000000
vt 1.803828 0.669383 0.000000
vt 1.730524 0.787799 0.000000
vt 1.732187 0.788910 0.000000
vt 1.647629 0.899570 0.000000
vt 1.649175 0.900838 0.000000
vt 1.554177 1.002677 0.000000
vt 1.555592 1.004092 0.000000
vt 1.451070 1.096129 0.000000
vt 1.452338 1.097675 0.000000
vt 1.339299 1.179024 0.000000
vt 1.340410 1.180687 0.000000
vt 1.219941 1.250564 0.000000
vt 1.220883 1.252328 0.000000
vt 1.094145 1.310061 0.000000
vt 1.094910 1.311909 0.000000
vt 0.963124 1.356941 0.000000
vt 0.963704 1.358855 0.000000
vt 0.828138 1.390754 0.000000
vt 0.828528 1.392715 0.000000
vt 0.690488 1.411172 0.000000
vt 0.690684 1.413162 0.000000
vt 0.551500 1.418000 0.000000
vt 0.551500 1.420000 0.000000
vt 0.412316 1.413162 0.000000
vt 1.942254 -0.276638 0.000000
vt 1.944215 -0.277028 0.000000
vt 1.908441 -0.411624 0.000000
vt 1.910355 -0.412204 0.000000
vt 1.861561 -0.542645 0.000000
vt 1.863409 -0.543410 0.000000
vt 1.802064 -0.668441 0.000000
vt 1.803828 -0.669383 0.000000
vt 1.730524 -0.787799 0.000000
vt 1.732187 -0.788910 0.000000
vt 1.647629 -0.899570 0.000000
vt 1.649175 -0.900838 0.000000
vt 1.554177 -1.002677 0.000000
vt 1.555592 -1.004092 0.000000
vt 1.451070 -1.096129 0.000000
vt 1.452338 -1.097675 0.000000
vt 1.339299 -1.179024 0.000000
vt 1.340410 -1.180687 0.000000
vt 1.219941 -1.250564 0.000000
vt 1.220883 -1.252328 0.000000
vt 1.094145 -1.310061 0.000000
vt 1.094910 -1.311909 0.000000
vt 0.963124 -1.356941 0.000000
vt 0.963704 -1.358855 0.000000
vt 0.828138 -1.390754 0.000000
vt 0.828528 -1.392715 0.000000
vt 0.690488 -1.411172 0.000000
vt 0.690684 -1.413162 0.000000
vt 0.551500 -1.418000 0.000000
vt 0.551500 -1.420000 0.000000
vt 0.412316 -1.413162 0.000000
vt 0.412512 -1.411172 0.000000
vt 0.274472 -1.392715 0.000000
vt 0.274862 -1.390754 0.000000
vt 0.139296 -1.358855 0.000000
vt 0.139876 -1.356941 0.000000
vt 0.008090 -1.311909 0.000000
vt 0.008855 -1.310061 0.000000
vt -0.117883 -1.252328 0.000000
vt -0.116941 -1.250564 0.000000
vt -0.237410 -1.180687 0.000000
vt -0.236299 -1.179024 0.000000
vt -0.349338 -1.097675 0.000000
vt -0.348070 -1.096129 0.000000
vt -0.452592 -1.004092 0.000000
vt -0.451177 -1.002677 0.000000
vt -0.546175 -0.900838 0.000000
vt -0.544629 -0.899570 0.000000
vt -0.629187 -0.788910 0.000000
vt -0.627524 -0.787799 0.000000
vt -0.700828 -0.669383 0.000000
vt -0.699064 -0.668441 0.000000
vt -0.760409 -0.543410 0.000000
vt -0.758561 -0.542645 0.000000
vt -0.807355 -0.412204 0.000000
vt -0.805441 -0.411624 0.000000
vt -0.841215 -0.277028 0.000000
vt -0.839254 -0.276638 0.000000
vt -0.861662 -0.139184 0.000000
vt -0.859672 -0.138988 0.000000
vt -0.868500 0.000000 0.000000
vt -0.866500 0.000000 0.000000
vt -0.859672 0.138988 0.000000
vt -0.861662 0.139184 0.000000
vt -0.839254 0.276638 0.000000
vt -0.841215 0.277028 0.000000
vt -0.805441 0.411624 0.000000
vt -0.807355 0.412204 0.000000
vt -0.758561 0.542645 0.000000
vt -0.760409 0.543410 0.000000
vt -0.699064 0.668441 0.000000
vt -0.700828 0.669383 0.000000
vt -0.627524 0.787799 0.000000
vt -0.629187 0.788910 0.000000
vt -0.544629 0.899570 0.000000
vt -0.546175 0.900838 0.000000
vt -0.451177 1.002677 0.000000
vt -0.452592 1.004092 0.000000
vt -0.348070 1.096129 0.000000
vt -0.349338 1.097675 0.000000
vt -0.236299 1.179024 0.000000
vt -0.237410 1.180687 0.000000
vt -0.116941 1.250564 0.000000
vt -0.117883 1.252328 0.000000
vt 0.008855 1.310061 0.000000
vt 0.008090 1.311909 0.000000
vt 0.139876 1.356941 0.000000
vt 0.139296 1.358855 0.000000
vt 0.274862 1.390754 0.000000
vt 0.274472 1.392715 0.000000
vt 0.412512 1.411172 0.000000
vt 0.124869 0.669773 0.000000
vt 0.000000 0.668625 0.000000
vt 0.124869 0.618000 0.000000
vt 0.000000 0.618000 0.000000
vt -0.618000 0.000000 0.000000
vt -0.681881 0.000000 0.000000
vt -0.618000 -0.006467 0.000000
vt -0.683216 -0.019374 0.000000
vt -0.618000 -0.012933 0.000000
vt -0.618000 -0.019400 0.000000
vt -0.700000 -0.019400 0.000000
vt -0.700000 -0.019374 0.000000
vt 0.314929 -0.498054 0.000000
vt 0.105605 -0.526207 0.000000
vt 0.314916 -0.498076 0.000000
vt 0.105600 -0.526226 0.000000
vt -0.105605 -0.526207 0.000000
vt -0.105600 -0.526226 0.000000
vt -0.314916 -0.498076 0.000000
vt -0.314929 -0.498054 0.000000
vt -0.700000 -0.105530 0.000000
vt -0.683216 -0.105530 0.000000
vt -0.700000 -0.105505 0.000000
vt -0.618000 -0.105505 0.000000
vt -0.618000 -0.111971 0.000000
vt -0.681881 -0.124905 0.000000
vt -0.618000 -0.118438 0.000000
vt -0.618000 -0.124905 0.000000
vt 0.124869 0.669773 0.000000
vt 0.000000 0.668625 0.000000
vt 0.124869 0.618000 0.000000
vt 0.000000 0.618000 0.000000
vt -0.618000 -0.000000 0.000000
vt -0.681881 -0.000000 0.000000
vt -0.618000 -0.006467 0.000000
vt -0.683216 -0.019374 0.000000
vt -0.618000 -0.012933 0.000000
vt -0.618000 -0.019400 0.000000
vt -0.700000 -0.019400 0.000000
vt -0.700000 -0.019374 0.000000
vt 0.314929 -0.498054 0.000000
vt 0.105605 -0.526207 0.000000
vt 0.314916 -0.498076 0.000000
vt 0.105600 -0.526226 0.000000
vt -0.105605 -0.526207 0.000000
vt -0.105600 -0.526226 0.000000
vt -0.314916 -0.498076 0.000000
vt -0.314929 -0.498054 0.000000
vt -0.700000 -0.105530 0.000000
vt -0.683216 -0.105530 0.000000
vt -0.700000 -0.105505 0.000000
vt -0.618000 -0.105505 0.000000
vt -0.618000 -0.111971 0.000000
vt -0.681881 -0.124905 0.000000
vt -0.618000 -0.118438 0.000000
vt -0.618000 -0.124905 0.000000
vt 0.124869 0.669773 0.000000
vt -0.000000 0.668625 0.000000
vt 0.124869 0.618000 0.000000
vt -0.000000 0.618000 0.000000
vt -0.618000 -0.000000 0.000000
vt -0.681881 -0.000000 0.000000
vt -0.618000 -0.006467 0.000000
vt -0.683216 -0.019374 0.000000
vt -0.618000 -0.012933 0.000000
vt -0.618000 -0.019400 0.000000
vt -0.700000 -0.019400 0.000000
vt -0.700000 -0.019374 0.000000
vt 0.314929 -0.498054 0.000000
vt 0.105605 -0.526207 0.000000
vt 0.314916 -0.498076 0.000000
vt 0.105600 -0.526226 0.000000
vt -0.105605 -0.526207 0.000000
vt -0.105600 -0.526226 0.000000
vt -0.314916 -0.498076 0.000000
vt -0.314929 -0.498054 0.000000
vt -0.700000 -0.105530 0.000000
vt -0.683216 -0.105530 0.000000
vt -0.700000 -0.105505 0.000000
vt -0.618000 -0.105505 0.000000
vt -0.618000 -0.111971 0.000000
vt -0.681881 -0.124905 0.000000
vt -0.618000 -0.118438 0.000000
vt -0.618000 -0.124905 0.000000
vt 0.124869 0.669773 0.000000
vt 0.000000 0.668625 0.000000
vt 0.124869 0.618000 0.000000
vt 0.000000 0.618000 0.000000
vt -0.618000 -0.000000 0.000000
vt -0.681881 -0.000000 0.000000
vt -0.618000 -0.006467 0.000000
vt -0.683216 -0.019374 0.000000
vt -0.618000 -0.012933 0.000000
vt -0.618000 -0.019400 0.000000
vt -0.700000 -0.019400 0.000000
vt -0.700000 -0.019374 0.000000
vt 0.314929 -0.498054 0.000000
vt 0.105605 -0.526207 0.000000
vt 0.314916 -0.498076 0.000000
vt 0.105600 -0.526226 0.000000
vt -0.105605 -0.526207 0.000000
vt -0.105600 -0.526226 0.000000
vt -0.314916 -0.498076 0.000000
vt -0.314929 -0.498054 0.000000
vt -0.700000 -0.105530 0.000000
vt -0.683216 -0.105530 0.000000
vt -0.700000 -0.105505 0.000000
vt -0.618000 -0.105505 0.000000
vt -0.618000 -0.111971 0.000000
vt -0.681881 -0.124905 0.000000
vt -0.618000 -0.118438 0.000000
vt -0.618000 -0.124905 0.000000
vt 0.124869 0.669773 0.000000
vt 0.000000 0.668625 0.000000
vt 0.124869 0.618000 0.000000
vt 0.000000 0.618000 0.000000
vt -0.618000 0.000000 0.000000
vt -0.681881 0.000000 0.000000
vt -0.618000 -0.006467 0.000000
vt -0.683216 -0.019374 0.000000
vt -0.618000 -0.012933 0.000000
vt -0.618000 -0.019400 0.000000
vt -0.700000 -0.019400 0.000000
vt -0.700000 -0.019374 0.000000
vt 0.314929 -0.498054 0.000000
vt 0.105605 -0.526207 0.000000
vt 0.314916 -0.498076 0.000000
vt 0.105600 -0.526226 0.000000
vt -0.105605 -0.526207 0.000000
vt -0.105600 -0.526226 0.000000
vt -0.314916 -0.498076 0.000000
vt -0.314929 -0.498054 0.000000
vt -0.700000 -0.105530 0.000000
vt -0.683216 -0.105530 0.000000
vt -0.700000 -0.105505 0.000000
vt -0.618000 -0.105505 0.000000
vt -0.618000 -0.111971 0.000000
vt -0.681881 -0.124905 0.000000
vt -0.618000 -0.118438 0.000000
vt -0.618000 -0.124905 0.000000
vt 0.109506 -0.043200 0.000000
vt 0.363892 -0.043200 0.000000
vt 0.223518 -0.034560 0.000000
vt 0.357142 -0.033106 0.000000
vt 0.223518 -0.025920 0.000000
vt 0.351019 -0.022660 0.000000
vt 0.223518 -0.017259 0.000000
vt 0.348360 -0.017240 0.000000
vt 0.346082 -0.011654 0.000000
vt 0.223518 -0.008640 0.000000
vt 0.344290 -0.005904 0.000000
vt 0.083144 0.000000 0.000000
vt 0.343088 0.000000 0.000000
vt 0.084770 -0.006129 0.000000
vt 0.087166 -0.012015 0.000000
vt 0.090160 -0.017664 0.000000
vt 0.093586 -0.023078 0.000000
vt 0.101257 -0.033362 0.000000
vt 0.097614 0.343088 0.000000
vt -0.000000 0.333981 0.000000
vt 0.097614 0.083144 0.000000
vt -0.000000 0.071269 0.000000
vt -0.071886 0.158747 0.000000
vt 0.000000 0.333981 0.000000
vt -0.143573 0.459136 0.000000
vt -0.173526 0.245775 0.000000
vt -0.321520 0.551964 0.000000
vt -0.318940 0.330194 0.000000
vt -0.464617 0.398733 0.000000
vt -0.488763 0.618515 0.000000
vt -0.546643 0.433788 0.000000
vt -0.565932 0.646151 0.000000
vt -0.623224 0.461070 0.000000
vt -0.623224 0.618000 0.000000
vt -0.641457 0.668625 0.000000
vt -0.641457 0.618000 0.000000
vt 0.346181 0.554588 0.000000
vt 0.159787 0.463889 0.000000
vt 0.346181 0.334809 0.000000
vt 0.186145 0.245885 0.000000
vt -0.000000 0.363892 0.000000
vt 0.084718 0.176852 0.000000
vt -0.000000 0.109506 0.000000
vt 0.641487 0.618000 0.000000
vt 0.641487 0.668625 0.000000
vt 0.623253 0.618000 0.000000
vt 0.505492 0.624698 0.000000
vt 0.546240 0.433625 0.000000
vt 0.464633 0.398751 0.000000
vt 0.356110 0.566084 0.000000
vt 0.317632 0.329543 0.000000
vt 0.275239 0.531579 0.000000
vt 0.173533 0.245778 0.000000
vt 0.180574 0.482617 0.000000
vt 0.083051 0.413795 0.000000
vt 0.071601 0.158454 0.000000
vt 0.000000 0.333981 0.000000
vt 0.000000 0.071269 0.000000
vt 0.623253 0.461070 0.000000
vt -0.000000 0.343088 0.000000
vt -0.000000 0.083144 0.000000
vt 0.097614 0.333981 0.000000
vt 0.097614 0.071269 0.000000
vt 0.344289 -0.037302 0.000000
vt 0.223518 -0.034560 0.000000
vt 0.343088 -0.043200 0.000000
vt 0.084773 -0.037062 0.000000
vt 0.083144 -0.043200 0.000000
vt 0.346080 -0.031552 0.000000
vt 0.223518 -0.025941 0.000000
vt 0.087166 -0.031186 0.000000
vt 0.090151 -0.025552 0.000000
vt 0.093572 -0.020141 0.000000
vt 0.223518 -0.017280 0.000000
vt 0.101237 -0.009862 0.000000
vt 0.223518 -0.008640 0.000000
vt 0.109506 0.000000 0.000000
vt 0.363892 0.000000 0.000000
vt 0.357151 -0.010082 0.000000
vt 0.351023 -0.020533 0.000000
vt 0.348360 -0.025961 0.000000
vt 0.109506 -0.043200 0.000000
vt 0.363892 -0.043200 0.000000
vt 0.223518 -0.034560 0.000000
vt 0.357143 -0.033106 0.000000
vt 0.223518 -0.025920 0.000000
vt 0.351017 -0.022658 0.000000
vt 0.223518 -0.017256 0.000000
vt 0.348357 -0.017233 0.000000
vt 0.346081 -0.011651 0.000000
vt 0.223518 -0.008640 0.000000
vt 0.344289 -0.005900 0.000000
vt 0.083144 0.000000 0.000000
vt 0.343088 0.000000 0.000000
vt 0.084769 -0.006125 0.000000
vt 0.087163 -0.012008 0.000000
vt 0.090155 -0.017654 0.000000
vt 0.093577 -0.023066 0.000000
vt 0.101251 -0.033355 0.000000
vt 0.097614 0.343088 0.000000
vt 0.000000 0.333981 0.000000
vt 0.097614 0.083144 0.000000
vt 0.000000 0.071269 0.000000
vt -0.071886 0.158747 0.000000
vt 0.000000 0.333981 0.000000
vt -0.143573 0.459136 0.000000
vt -0.173526 0.245775 0.000000
vt -0.321520 0.551964 0.000000
vt -0.318940 0.330194 0.000000
vt -0.464617 0.398733 0.000000
vt -0.488763 0.618515 0.000000
vt -0.546643 0.433788 0.000000
vt -0.565932 0.646151 0.000000
vt -0.623224 0.461070 0.000000
vt -0.623224 0.618000 0.000000
vt -0.641457 0.668625 0.000000
vt -0.641457 0.618000 0.000000
vt 0.346181 0.554588 0.000000
vt 0.159787 0.463889 0.000000
vt 0.346181 0.334809 0.000000
vt 0.186145 0.245885 0.000000
vt 0.000000 0.363892 0.000000
vt 0.084718 0.176852 0.000000
vt 0.000000 0.109506 0.000000
vt 0.641487 0.618000 0.000000
vt 0.641487 0.668625 0.000000
vt 0.623253 0.618000 0.000000
vt 0.505492 0.624698 0.000000
vt 0.546240 0.433625 0.000000
vt 0.464633 0.398751 0.000000
vt 0.356110 0.566084 0.000000
vt 0.317632 0.329543 0.000000
vt 0.275239 0.531579 0.000000
vt 0.173533 0.245778 0.000000
vt 0.180574 0.482617 0.000000
vt 0.083051 0.413795 0.000000
vt 0.071601 0.158454 0.000000
vt 0.000000 0.333981 0.000000
vt 0.000000 0.071269 0.000000
vt 0.623253 0.461070 0.000000
vt 0.000000 0.343088 0.000000
vt 0.000000 0.083144 0.000000
vt 0.097614 0.333981 0.000000
vt 0.097614 0.071269 0.000000
vt 0.344288 -0.037304 0.000000
vt 0.223518 -0.034560 0.000000
vt 0.343088 -0.043200 0.000000
vt 0.084770 -0.037071 0.000000
vt 0.083144 -0.043200 0.000000
vt 0.346081 -0.031549 0.000000
vt 0.223518 -0.025943 0.000000
vt 0.087169 -0.031181 0.000000
vt 0.090152 -0.025550 0.000000
vt 0.093571 -0.020141 0.000000
vt 0.223518 -0.017280 0.000000
vt 0.101234 -0.009865 0.000000
vt 0.223518 -0.008640 0.000000
vt 0.109506 -0.000000 0.000000
vt 0.363892 -0.000000 0.000000
vt 0.357147 -0.010086 0.000000
vt 0.351021 -0.020537 0.000000
vt 0.348358 -0.025964 0.000000
vt 0.109506 -0.043200 0.000000
vt 0.363892 -0.043200 0.000000
vt 0.223518 -0.034560 0.000000
vt 0.357142 -0.033106 0.000000
vt 0.223518 -0.025920 0.000000
vt 0.351018 -0.022660 0.000000
vt 0.223518 -0.017258 0.000000
vt 0.348359 -0.017238 0.000000
vt 0.346082 -0.011653 0.000000
vt 0.223518 -0.008640 0.000000
vt 0.344290 -0.005902 0.000000
vt 0.083144 0.000000 0.000000
vt 0.343088 0.000000 0.000000
vt 0.084769 -0.006127 0.000000
vt 0.087165 -0.012012 0.000000
vt 0.090158 -0.017660 0.000000
vt 0.093583 -0.023074 0.000000
vt 0.101255 -0.033360 0.000000
vt 0.097614 0.343088 0.000000
vt -0.000000 0.333981 0.000000
vt 0.097614 0.083144 0.000000
vt -0.000000 0.071269 0.000000
vt -0.071886 0.158747 0.000000
vt 0.000000 0.333981 0.000000
vt -0.143573 0.459136 0.000000
vt -0.173526 0.245775 0.000000
vt -0.321520 0.551964 0.000000
vt -0.318940 0.330194 0.000000
vt -0.464617 0.398733 0.000000
vt -0.488763 0.618515 0.000000
vt -0.546643 0.433788 0.000000
vt -0.565932 0.646151 0.000000
vt -0.623224 0.461070 0.000000
vt -0.623224 0.618000 0.000000
vt -0.641457 0.668625 0.000000
vt -0.641457 0.618000 0.000000
vt 0.346181 0.554588 0.000000
vt 0.159787 0.463889 0.000000
vt 0.346181 0.334809 0.000000
vt 0.186145 0.245885 0.000000
vt 0.000000 0.363892 0.000000
vt 0.084718 0.176852 0.000000
vt 0.000000 0.109506 0.000000
vt 0.641487 0.618000 0.000000
vt 0.641487 0.668625 0.000000
vt 0.623253 0.618000 0.000000
vt 0.505492 0.624698 0.000000
vt 0.546240 0.433625 0.000000
vt 0.464633 0.398751 0.000000
vt 0.356110 0.566084 0.000000
vt 0.317632 0.329543 0.000000
vt 0.275239 0.531579 0.000000
vt 0.173533 0.245778 0.000000
vt 0.180574 0.482617 0.000000
vt 0.083051 0.413795 0.000000
vt 0.071601 0.158454 0.000000
vt 0.000000 0.333981 0.000000
vt 0.000000 0.071269 0.000000
vt 0.623253 0.461070 0.000000
vt 0.000000 0.343088 0.000000
vt 0.000000 0.083144 0.000000
vt 0.097614 0.333981 0.000000
vt 0.097614 0.071269 0.000000
vt 0.344288 -0.037305 0.000000
vt 0.223518 -0.034560 0.000000
vt 0.343088 -0.043200 0.000000
vt 0.084772 -0.037064 0.000000
vt 0.083144 -0.043200 0.000000
vt 0.346081 -0.031550 0.000000
vt 0.223518 -0.025944 0.000000
vt 0.087170 -0.031177 0.000000
vt 0.090153 -0.025550 0.000000
vt 0.093569 -0.020144 0.000000
vt 0.223518 -0.017280 0.000000
vt 0.101237 -0.009863 0.000000
vt 0.223518 -0.008640 0.000000
vt 0.109506 0.000000 0.000000
vt 0.363892 0.000000 0.000000
vt 0.357145 -0.010090 0.000000
vt 0.351019 -0.020539 0.000000
vt 0.348358 -0.025965 0.000000
vt 0.109506 -0.043200 0.000000
vt 0.363892 -0.043200 0.000000
vt 0.223518 -0.034560 0.000000
vt 0.357140 -0.033103 0.000000
vt 0.223518 -0.025920 0.000000
vt 0.351014 -0.022651 0.000000
vt 0.223518 -0.017250 0.000000
vt 0.348353 -0.017223 0.000000
vt 0.346076 -0.011637 0.000000
vt 0.223518 -0.008640 0.000000
vt 0.344290 -0.005902 0.000000
vt 0.083144 0.000000 0.000000
vt 0.343088 0.000000 0.000000
vt 0.084724 -0.005992 0.000000
vt 0.087041 -0.011748 0.000000
vt 0.089937 -0.017279 0.000000
vt 0.093254 -0.022586 0.000000
vt 0.100854 -0.032862 0.000000
vt 0.097614 0.343088 0.000000
vt -0.000000 0.333981 0.000000
vt 0.097614 0.083144 0.000000
vt -0.000000 0.071269 0.000000
vt -0.071886 0.158747 0.000000
vt 0.000000 0.333981 0.000000
vt -0.143573 0.459136 0.000000
vt -0.173526 0.245775 0.000000
vt -0.321520 0.551964 0.000000
vt -0.318940 0.330194 0.000000
vt -0.464617 0.398733 0.000000
vt -0.488763 0.618515 0.000000
vt -0.546643 0.433788 0.000000
vt -0.565932 0.646151 0.000000
vt -0.623224 0.461070 0.000000
vt -0.623224 0.618000 0.000000
vt -0.641457 0.668625 0.000000
vt -0.641457 0.618000 0.000000
vt 0.346181 0.554588 0.000000
vt 0.159787 0.463889 0.000000
vt 0.346181 0.334809 0.000000
vt 0.186145 0.245885 0.000000
vt -0.000000 0.363892 0.000000
vt 0.084718 0.176852 0.000000
vt -0.000000 0.109506 0.000000
vt 0.641487 0.618000 0.000000
vt 0.641487 0.668625 0.000000
vt 0.623253 0.618000 0.000000
vt 0.505492 0.624698 0.000000
vt 0.546240 0.433625 0.000000
vt 0.464633 0.398751 0.000000
vt 0.356110 0.566084 0.000000
vt 0.317632 0.329543 0.000000
vt 0.275239 0.531579 0.000000
vt 0.173533 0.245778 0.000000
vt 0.180574 0.482617 0.000000
vt 0.083051 0.413795 0.000000
vt 0.071601 0.158454 0.000000
vt 0.000000 0.333981 0.000000
vt 0.000000 0.071269 0.000000
vt 0.623253 0.461070 0.000000
vt 0.000000 0.343088 0.000000
vt 0.000000 0.083144 0.000000
vt 0.097614 0.333981 0.000000
vt 0.097614 0.071269 0.000000
vt 0.344288 -0.037303 0.000000
vt 0.223518 -0.034560 0.000000
vt 0.343088 -0.043200 0.000000
vt 0.084771 -0.037069 0.000000
vt 0.083144 -0.043200 0.000000
vt 0.346082 -0.031547 0.000000
vt 0.223518 -0.025941 0.000000
vt 0.087170 -0.031179 0.000000
vt 0.090154 -0.025547 0.000000
vt 0.093574 -0.020138 0.000000
vt 0.223518 -0.017280 0.000000
vt 0.101236 -0.009862 0.000000
vt 0.223518 -0.008640 0.000000
vt 0.109506 -0.000000 0.000000
vt 0.363892 -0.000000 0.000000
vt 0.357149 -0.010084 0.000000
vt 0.351022 -0.020533 0.000000
vt 0.348360 -0.025961 0.000000
vt 0.109506 -0.043200 0.000000
vt 0.363892 -0.043200 0.000000
vt 0.223518 -0.034560 0.000000
vt 0.357142 -0.033106 0.000000
vt 0.223518 -0.025920 0.000000
vt 0.351019 -0.022660 0.000000
vt 0.223518 -0.017259 0.000000
vt 0.348360 -0.017240 0.000000
vt 0.346082 -0.011654 0.000000
vt 0.223518 -0.008640 0.000000
vt 0.344290 -0.005904 0.000000
vt 0.083144 0.000000 0.000000
vt 0.343088 0.000000 0.000000
vt 0.084770 -0.006129 0.000000
vt 0.087166 -0.012015 0.000000
vt 0.090160 -0.017664 0.000000
vt 0.093586 -0.023078 0.000000
vt 0.101257 -0.033362 0.000000
vt 0.346181 0.554588 0.000000
vt 0.159787 0.463889 0.000000
vt 0.346181 0.334809 0.000000
vt 0.186145 0.245885 0.000000
vt -0.000000 0.363892 0.000000
vt 0.084718 0.176852 0.000000
vt -0.000000 0.109506 0.000000
vt 0.097614 0.343088 0.000000
vt 0.000000 0.333981 0.000000
vt 0.097614 0.083144 0.000000
vt 0.000000 0.071269 0.000000
vt -0.071886 0.158747 0.000000
vt 0.000000 0.333981 0.000000
vt -0.143573 0.459136 0.000000
vt -0.173526 0.245775 0.000000
vt -0.321520 0.551964 0.000000
vt -0.318940 0.330194 0.000000
vt -0.464617 0.398733 0.000000
vt -0.488763 0.618515 0.000000
vt -0.546643 0.433788 0.000000
vt -0.565932 0.646151 0.000000
vt -0.623224 0.461070 0.000000
vt -0.623224 0.618000 0.000000
vt -0.641457 0.668625 0.000000
vt -0.641457 0.618000 0.000000
vt 0.641487 0.618000 0.000000
vt 0.641487 0.668625 0.000000
vt 0.623253 0.618000 0.000000
vt 0.505492 0.624698 0.000000
vt 0.546240 0.433625 0.000000
vt 0.464633 0.398751 0.000000
vt 0.356110 0.566084 0.000000
vt 0.317632 0.329543 0.000000
vt 0.275239 0.531579 0.000000
vt 0.173533 0.245778 0.000000
vt 0.180574 0.482617 0.000000
vt 0.083051 0.413795 0.000000
vt 0.071601 0.158454 0.000000
vt 0.000000 0.333981 0.000000
vt 0.000000 0.071269 0.000000
vt 0.623253 0.461070 0.000000
vt 0.000000 0.343088 0.000000
vt 0.000000 0.083144 0.000000
vt 0.097614 0.333981 0.000000
vt 0.097614 0.071269 0.000000
vt 0.344288 -0.037303 0.000000
vt 0.223518 -0.034560 0.000000
vt 0.343088 -0.043200 0.000000
vt 0.084771 -0.037069 0.000000
vt 0.083144 -0.043200 0.000000
vt 0.346082 -0.031547 0.000000
vt 0.223518 -0.025941 0.000000
vt 0.087170 -0.031179 0.000000
vt 0.090154 -0.025547 0.000000
vt 0.093574 -0.020138 0.000000
vt 0.223518 -0.017280 0.000000
vt 0.101236 -0.009862 0.000000
vt 0.223518 -0.008640 0.000000
vt 0.109506 0.000000 0.000000
vt 0.363892 0.000000 0.000000
vt 0.357149 -0.010084 0.000000
vt 0.351022 -0.020533 0.000000
vt 0.348360 -0.025961 0.000000
vt -0.599784 -0.000000 0.000000
vt -0.594634 -0.019907 0.000000
vt -0.387916 -0.000000 0.000000
vt -0.381835 -0.020048 0.000000
vt -0.588663 -0.039614 0.000000
vt -0.374797 -0.039797 0.000000
vt -0.582026 -0.059130 0.000000
vt -0.367006 -0.059249 0.000000
vt -0.574913 -0.078485 0.000000
vt -0.358687 -0.078485 0.000000
vt 0.518990 0.681881 0.000000
vt 0.370313 0.666945 0.000000
vt 0.518990 0.618000 0.000000
vt 0.345209 0.618000 0.000000
vt 0.233735 0.647011 0.000000
vt 0.345209 0.461070 0.000000
vt 0.110037 0.623989 0.000000
vt 0.180600 0.431736 0.000000
vt 0.000000 0.599784 0.000000
vt 0.041289 0.398968 0.000000
vt 0.000000 0.387916 0.000000
vt -0.243068 0.539570 0.000000
vt -0.250264 0.533935 0.000000
vt -0.116257 0.512136 0.000000
vt -0.128314 0.491087 0.000000
vt -0.000000 0.499743 0.000000
vt -0.000006 0.476578 0.000000
vt 0.128324 0.491089 0.000000
vt 0.116257 0.512136 0.000000
vt 0.250264 0.533935 0.000000
vt 0.243068 0.539570 0.000000
vt 0.235389 0.544524 0.000000
vt 0.227289 0.548757 0.000000
vt -0.227289 0.548757 0.000000
vt -0.235389 0.544524 0.000000
vt 0.518990 0.681881 0.000000
vt 0.370313 0.666945 0.000000
vt 0.518990 0.618000 0.000000
vt 0.345209 0.618000 0.000000
vt 0.233735 0.647011 0.000000
vt 0.345209 0.461070 0.000000
vt 0.110037 0.623989 0.000000
vt 0.180600 0.431736 0.000000
vt 0.000000 0.599784 0.000000
vt 0.041289 0.398968 0.000000
vt 0.000000 0.387916 0.000000
vt -0.599784 0.000000 0.000000
vt -0.594634 -0.019907 0.000000
vt -0.387916 0.000000 0.000000
vt -0.381835 -0.020048 0.000000
vt -0.588663 -0.039614 0.000000
vt -0.374797 -0.039797 0.000000
vt -0.582026 -0.059130 0.000000
vt -0.367006 -0.059249 0.000000
vt -0.574913 -0.078485 0.000000
vt -0.358687 -0.078485 0.000000
vt -0.599784 -0.000000 0.000000
vt -0.594634 -0.019909 0.000000
vt -0.387916 -0.000000 0.000000
vt -0.381835 -0.020047 0.000000
vt -0.588663 -0.039616 0.000000
vt -0.374797 -0.039797 0.000000
vt -0.582025 -0.059130 0.000000
vt -0.367004 -0.059254 0.000000
vt -0.574913 -0.078485 0.000000
vt -0.358687 -0.078485 0.000000
vt 0.518990 0.681881 0.000000
vt 0.370313 0.666945 0.000000
vt 0.518990 0.618000 0.000000
vt 0.345209 0.618000 0.000000
vt 0.233735 0.647011 0.000000
vt 0.345209 0.461070 0.000000
vt 0.110037 0.623989 0.000000
vt 0.180600 0.431736 0.000000
vt -0.000000 0.599784 0.000000
vt 0.041289 0.398968 0.000000
vt -0.000000 0.387916 0.000000
vt -0.243068 0.539570 0.000000
vt -0.250264 0.533935 0.000000
vt -0.116257 0.512136 0.000000
vt -0.128301 0.491084 0.000000
vt -0.000000 0.499743 0.000000
vt -0.000019 0.476578 0.000000
vt 0.128487 0.491126 0.000000
vt 0.116257 0.512136 0.000000
vt 0.250264 0.533935 0.000000
vt 0.243068 0.539570 0.000000
vt 0.235389 0.544524 0.000000
vt 0.227289 0.548757 0.000000
vt -0.227289 0.548757 0.000000
vt -0.235389 0.544524 0.000000
vt 0.518990 0.681881 0.000000
vt 0.370313 0.666945 0.000000
vt 0.518990 0.618000 0.000000
vt 0.345209 0.618000 0.000000
vt 0.233735 0.647011 0.000000
vt 0.345209 0.461070 0.000000
vt 0.110037 0.623989 0.000000
vt 0.180600 0.431736 0.000000
vt 0.000000 0.599784 0.000000
vt 0.041289 0.398968 0.000000
vt 0.000000 0.387916 0.000000
vt -0.599784 0.000000 0.000000
vt -0.594635 -0.019906 0.000000
vt -0.387916 0.000000 0.000000
vt -0.381835 -0.020048 0.000000
vt -0.588663 -0.039614 0.000000
vt -0.374797 -0.039797 0.000000
vt -0.582025 -0.059130 0.000000
vt -0.367006 -0.059249 0.000000
vt -0.574913 -0.078485 0.000000
vt -0.358687 -0.078485 0.000000
vt -0.599784 0.000000 0.000000
vt -0.594636 -0.019902 0.000000
vt -0.387916 0.000000 0.000000
vt -0.381835 -0.020047 0.000000
vt -0.588663 -0.039614 0.000000
vt -0.374797 -0.039797 0.000000
vt -0.582025 -0.059130 0.000000
vt -0.367006 -0.059248 0.000000
vt -0.574913 -0.078485 0.000000
vt -0.358687 -0.078485 0.000000
vt 0.518990 0.681881 0.000000
vt 0.370313 0.666945 0.000000
vt 0.518990 0.618000 0.000000
vt 0.345209 0.618000 0.000000
vt 0.233735 0.647011 0.000000
vt 0.345209 0.461070 0.000000
vt 0.110037 0.623989 0.000000
vt 0.180600 0.431736 0.000000
vt -0.000000 0.599784 0.000000
vt 0.041289 0.398968 0.000000
vt -0.000000 0.387916 0.000000
vt -0.506570 -1.399548 0.000000
vt -0.506570 -1.272549 0.000000
vt -0.663500 -1.399548 0.000000
vt -0.663500 -1.196111 0.000000
vt -0.506570 -1.145225 0.000000
vt -0.663500 -0.992674 0.000000
vt -0.506570 -1.018087 0.000000
vt -0.506570 -0.891177 0.000000
vt -0.663500 -0.789237 0.000000
vt -0.506570 -0.764244 0.000000
vt -0.506570 -0.637036 0.000000
vt -0.663500 -0.585801 0.000000
vt -0.506570 -0.509662 0.000000
vt -0.663500 -0.382364 0.000000
vt -0.506570 -0.382364 0.000000
vt -0.506570 -3.181459 0.000000
vt -0.506570 -3.054506 0.000000
vt -0.663500 -3.181459 0.000000
vt -0.663500 -2.978022 0.000000
vt -0.506570 -2.927441 0.000000
vt -0.663500 -2.774585 0.000000
vt -0.506570 -2.800051 0.000000
vt -0.506570 -2.672854 0.000000
vt -0.663500 -2.571149 0.000000
vt -0.506570 -2.545882 0.000000
vt -0.506570 -2.418884 0.000000
vt -0.663500 -2.367712 0.000000
vt -0.506570 -2.291606 0.000000
vt -0.663500 -2.164275 0.000000
vt -0.506570 -2.164275 0.000000
vt -0.506570 0.382364 0.000000
vt -0.506570 0.509535 0.000000
vt -0.663500 0.382364 0.000000
vt -0.663500 0.585801 0.000000
vt -0.506570 0.636929 0.000000
vt -0.663500 0.789237 0.000000
vt -0.506570 0.764002 0.000000
vt -0.506570 0.890948 0.000000
vt -0.663500 0.992674 0.000000
vt -0.506570 1.018019 0.000000
vt -0.506570 1.145410 0.000000
vt -0.663500 1.196111 0.000000
vt -0.506570 1.272586 0.000000
vt -0.663500 1.399548 0.000000
vt -0.506570 1.399548 0.000000
vt -0.506570 3.946186 0.000000
vt -0.506570 4.073303 0.000000
vt -0.663500 3.946186 0.000000
vt -0.663500 4.149623 0.000000
vt -0.506570 4.200285 0.000000
vt -0.663500 4.353060 0.000000
vt -0.506570 4.327383 0.000000
vt -0.506570 4.454806 0.000000
vt -0.663500 4.556497 0.000000
vt -0.506570 4.582027 0.000000
vt -0.506570 4.709027 0.000000
vt -0.663500 4.759934 0.000000
vt -0.506570 4.836057 0.000000
vt -0.663500 4.963370 0.000000
vt -0.506570 4.963370 0.000000
vt -0.506570 2.164275 0.000000
vt -0.506570 2.291692 0.000000
vt -0.663500 2.164275 0.000000
vt -0.663500 2.367712 0.000000
vt -0.506570 2.418790 0.000000
vt -0.663500 2.571149 0.000000
vt -0.506570 2.545757 0.000000
vt -0.506570 2.672845 0.000000
vt -0.663500 2.774585 0.000000
vt -0.506570 2.800256 0.000000
vt -0.506570 2.927457 0.000000
vt -0.663500 2.978022 0.000000
vt -0.506570 3.054441 0.000000
vt -0.663500 3.181459 0.000000
vt -0.506570 3.181459 0.000000
vt -0.506570 0.208398 0.000000
vt -0.663500 0.150930 0.000000
vt -0.506570 0.035995 0.000000
vt -0.663500 0.093462 0.000000
vt -0.663500 0.035995 0.000000
vt -0.663500 0.208398 0.000000
vt -0.506570 1.990309 0.000000
vt -0.663500 1.932841 0.000000
vt -0.506570 1.817906 0.000000
vt -0.663500 1.875374 0.000000
vt -0.663500 1.817906 0.000000
vt -0.663500 1.990309 0.000000
vt -0.506570 -0.035995 0.000000
vt -0.663500 -0.093462 0.000000
vt -0.506570 -0.208398 0.000000
vt -0.663500 -0.150930 0.000000
vt -0.663500 -0.208398 0.000000
vt -0.663500 -0.035995 0.000000
vt -0.506570 3.772220 0.000000
vt -0.663500 3.714753 0.000000
vt -0.506570 3.599817 0.000000
vt -0.663500 3.657285 0.000000
vt -0.663500 3.599817 0.000000
vt -0.663500 3.772220 0.000000
vt -0.506570 1.745917 0.000000
vt -0.663500 1.688449 0.000000
vt -0.506570 1.573514 0.000000
vt -0.663500 1.630981 0.000000
vt -0.663500 1.573514 0.000000
vt -0.663500 1.745917 0.000000
vt -0.506570 -3.355425 0.000000
vt -0.663500 -3.412893 0.000000
vt -0.506570 -3.527828 0.000000
vt -0.663500 -3.470360 0.000000
vt -0.663500 -3.527828 0.000000
vt -0.663500 -3.355425 0.000000
vt -0.506570 3.527828 0.000000
vt -0.663500 3.470360 0.000000
vt -0.506570 3.355425 0.000000
vt -0.663500 3.412893 0.000000
vt -0.663500 3.355425 0.000000
vt -0.663500 3.527828 0.000000
vt -0.506570 -1.573514 0.000000
vt -0.663500 -1.630981 0.000000
vt -0.506570 -1.745917 0.000000
vt -0.663500 -1.688449 0.000000
vt -0.663500 -1.745917 0.000000
vt -0.663500 -1.573514 0.000000
vt -0.506570 -3.599817 0.000000
vt -0.663500 -3.657285 0.000000
vt -0.506570 -3.772220 0.000000
vt -0.663500 -3.714753 0.000000
vt -0.663500 -3.772220 0.000000
vt -0.663500 -3.599817 0.000000
vt 0.663500 0.247488 0.000000
vt -0.021606 0.139212 0.000000
vt 0.663500 0.000000 0.000000
vt -0.021606 0.000000 0.000000
vt -0.021606 -0.139212 0.000000
vt 0.663500 0.494975 0.000000
vt -0.021606 0.417635 0.000000
vt -0.021606 0.278424 0.000000
vt -0.021606 0.556847 0.000000
vt 0.663500 0.742463 0.000000
vt -0.021606 0.696059 0.000000
vt -0.021606 0.835271 0.000000
vt 0.663500 0.989951 0.000000
vt -0.021606 0.974483 0.000000
vt -0.021606 1.113695 0.000000
vt 0.663500 1.237438 0.000000
vt -0.021606 1.252906 0.000000
vt -0.021606 1.392118 0.000000
vt 0.663500 1.484926 0.000000
vt -0.021606 1.531330 0.000000
vt -0.021606 1.670542 0.000000
vt 0.663500 1.732414 0.000000
vt -0.021606 1.809754 0.000000
vt 0.663500 1.979902 0.000000
vt -0.021606 1.948966 0.000000
vt -0.021606 2.088177 0.000000
vt 0.663500 2.227389 0.000000
vt -0.021606 2.227389 0.000000
vt -0.021606 2.366601 0.000000
vt 0.663500 2.474877 0.000000
vt -0.021606 2.505813 0.000000
vt -0.021606 2.645025 0.000000
vt 0.663500 2.722365 0.000000
vt -0.021606 2.784236 0.000000
vt 0.663500 2.969852 0.000000
vt -0.021606 2.923448 0.000000
vt -0.021606 3.062660 0.000000
vt 0.663500 3.217340 0.000000
vt -0.021606 3.201872 0.000000
vt -0.021606 3.341084 0.000000
vt 0.663500 3.464828 0.000000
vt -0.021606 3.480296 0.000000
vt -0.021606 3.619507 0.000000
vt 0.663500 3.712315 0.000000
vt -0.021606 3.758719 0.000000
vt -0.021606 3.897931 0.000000
vt 0.663500 3.959803 0.000000
vt -0.021606 4.037143 0.000000
vt 0.663500 4.207291 0.000000
vt -0.021606 4.176355 0.000000
vt -0.021606 4.315567 0.000000
vt 0.663500 4.454778 0.000000
vt -0.021606 4.454778 0.000000
vt -0.021606 -4.454778 0.000000
vt 0.663500 -4.454778 0.000000
vt -0.021606 -4.315567 0.000000
vt 0.663500 -4.207291 0.000000
vt -0.021606 -4.176355 0.000000
vt -0.021606 -4.037143 0.000000
vt 0.663500 -3.959803 0.000000
vt -0.021606 -3.897931 0.000000
vt 0.663500 -3.712315 0.000000
vt -0.021606 -3.758719 0.000000
vt -0.021606 -3.619507 0.000000
vt 0.663500 -3.464828 0.000000
vt -0.021606 -3.480296 0.000000
vt -0.021606 -3.341084 0.000000
vt 0.663500 -3.217340 0.000000
vt -0.021606 -3.201872 0.000000
vt -0.021606 -3.062660 0.000000
vt 0.663500 -2.969852 0.000000
vt -0.021606 -2.923448 0.000000
vt -0.021606 -2.784236 0.000000
vt 0.663500 -2.722365 0.000000
vt -0.021606 -2.645025 0.000000
vt 0.663500 -2.474877 0.000000
vt -0.021606 -2.505813 0.000000
vt -0.021606 -2.366601 0.000000
vt 0.663500 -2.227389 0.000000
vt -0.021606 -2.227389 0.000000
vt -0.021606 -2.088177 0.000000
vt 0.663500 -1.979902 0.000000
vt -0.021606 -1.948966 0.000000
vt -0.021606 -1.809754 0.000000
vt 0.663500 -1.732414 0.000000
vt -0.021606 -1.670542 0.000000
vt 0.663500 -1.484926 0.000000
vt -0.021606 -1.531330 0.000000
vt -0.021606 -1.392118 0.000000
vt 0.663500 -1.237438 0.000000
vt -0.021606 -1.252906 0.000000
vt -0.021606 -1.113695 0.000000
vt 0.663500 -0.989951 0.000000
vt -0.021606 -0.974483 0.000000
vt -0.021606 -0.835271 0.000000
vt 0.663500 -0.742463 0.000000
vt -0.021606 -0.696059 0.000000
vt -0.021606 -0.556847 0.000000
vt 0.663500 -0.494975 0.000000
vt -0.021606 -0.417635 0.000000
vt 0.663500 -0.247488 0.000000
vt -0.021606 -0.278424 0.000000
vt 0.258628 0.632023 0.000000
vt 0.258628 0.749030 0.000000
vt 0.200000 0.632023 0.000000
vt 0.200000 0.749159 0.000000
vt 0.258628 0.866118 0.000000
vt 0.200000 0.866294 0.000000
vt 0.258628 0.983341 0.000000
vt 0.200000 0.983430 0.000000
vt 0.258628 1.100565 0.000000
vt 0.200000 1.100565 0.000000
vt 0.000000 0.669773 0.000000
vt 0.000000 0.618000 0.000000
vt 0.124869 0.668625 0.000000
vt 0.124869 0.618000 0.000000
vt 0.665858 -0.059954 0.000000
vt 0.666820 -0.052505 0.000000
vt 0.618000 -0.059954 0.000000
vt 0.618000 -0.047963 0.000000
vt 0.667667 -0.045047 0.000000
vt 0.618000 -0.035973 0.000000
vt 0.668387 -0.037565 0.000000
vt 0.668967 -0.030078 0.000000
vt 0.618000 -0.023982 0.000000
vt 0.669401 -0.022568 0.000000
vt 0.669682 -0.015051 0.000000
vt 0.618000 -0.011991 0.000000
vt 0.669806 -0.007527 0.000000
vt 0.618000 0.000000 0.000000
vt 0.669773 0.000000 0.000000
vt 0.212313 0.628079 0.000000
vt 0.163872 0.432394 0.000000
vt 0.386272 0.583453 0.000000
vt 0.291756 0.398934 0.000000
vt 0.386272 0.368738 0.000000
vt 0.000000 0.665858 0.000000
vt 0.015248 0.618000 0.000000
vt 0.015248 0.461070 0.000000
vt 0.000000 0.618000 0.000000
vt 0.669773 -0.059954 0.000000
vt 0.669806 -0.052424 0.000000
vt 0.618000 -0.059954 0.000000
vt 0.618000 -0.047963 0.000000
vt 0.669682 -0.044896 0.000000
vt 0.618000 -0.035973 0.000000
vt 0.669401 -0.037387 0.000000
vt 0.668967 -0.029878 0.000000
vt 0.618000 -0.023982 0.000000
vt 0.668387 -0.022389 0.000000
vt 0.667666 -0.014903 0.000000
vt 0.618000 -0.011991 0.000000
vt 0.666820 -0.007450 0.000000
vt 0.618000 -0.000000 0.000000
vt 0.665858 -0.000000 0.000000
vt 0.386272 0.618000 0.000000
vt 0.386272 0.665858 0.000000
vt 0.371024 0.618000 0.000000
vt 0.173959 0.628079 0.000000
vt 0.371024 0.461070 0.000000
vt 0.222400 0.432394 0.000000
vt -0.000000 0.583453 0.000000
vt 0.094515 0.398934 0.000000
vt -0.000000 0.368738 0.000000
vt 0.583453 -0.078485 0.000000
vt 0.577164 -0.058573 0.000000
vt 0.368738 -0.078485 0.000000
vt 0.361287 -0.058445 0.000000
vt 0.570119 -0.038888 0.000000
vt 0.352978 -0.038729 0.000000
vt 0.562514 -0.019384 0.000000
vt 0.344062 -0.019283 0.000000
vt 0.554588 0.000000 0.000000
vt 0.334809 0.000000 0.000000
vt 0.186390 0.463890 0.000000
vt 0.160037 0.245884 0.000000
vt 0.346181 0.363892 0.000000
vt 0.261464 0.176852 0.000000
vt 0.346181 0.109506 0.000000
vt -0.000000 0.554588 0.000000
vt -0.000000 0.334809 0.000000
vt 0.334809 -0.078485 0.000000
vt 0.554588 -0.078485 0.000000
vt 0.344070 -0.059181 0.000000
vt 0.562513 -0.059099 0.000000
vt 0.352988 -0.039734 0.000000
vt 0.570123 -0.039588 0.000000
vt 0.361293 -0.020020 0.000000
vt 0.577163 -0.019913 0.000000
vt 0.368738 -0.000000 0.000000
vt 0.583453 -0.000000 0.000000
vt 0.463304 0.574913 0.000000
vt 0.315092 0.510467 0.000000
vt 0.463304 0.358687 0.000000
vt 0.254172 0.245832 0.000000
vt 0.187846 0.440755 0.000000
vt 0.082504 0.371981 0.000000
vt 0.000000 0.310348 0.000000
vt 0.113810 0.145768 0.000000
vt 0.176609 0.193137 0.000000
vt 0.000000 0.039894 0.000000
vt 0.020341 0.060705 0.000000
vt -0.039894 -0.000000 0.000000
vt -0.310348 -0.000000 0.000000
vt -0.019716 -0.019686 0.000000
vt -0.283883 -0.033148 0.000000
vt -0.000000 -0.039760 0.000000
vt -0.270917 -0.049951 0.000000
vt -0.000000 -0.048903 0.000000
vt -0.000000 -0.058045 0.000000
vt -0.258628 -0.067188 0.000000
vt -0.200000 -0.067188 0.000000
vt -0.000000 -0.067188 0.000000
vt -0.200000 -0.043582 0.000000
vt -0.258628 -0.043582 0.000000
vt -0.000000 -0.052724 0.000000
vt -0.270917 -0.060819 0.000000
vt -0.000000 -0.061867 0.000000
vt -0.000000 -0.071009 0.000000
vt -0.283883 -0.077621 0.000000
vt -0.019716 -0.091083 0.000000
vt -0.310348 -0.110769 0.000000
vt -0.039894 -0.110769 0.000000
vt -0.000000 -0.043582 0.000000
vt 0.380791 0.371986 0.000000
vt 0.349494 0.145768 0.000000
vt 0.463304 0.310348 0.000000
vt 0.442963 0.060705 0.000000
vt 0.463304 0.039894 0.000000
vt 0.275442 0.440763 0.000000
vt 0.209131 0.245832 0.000000
vt 0.286694 0.193137 0.000000
vt 0.148198 0.510473 0.000000
vt 0.000000 0.358687 0.000000
vt 0.000000 0.574913 0.000000
vt -0.358687 0.000000 0.000000
vt -0.574913 0.000000 0.000000
vt -0.367018 -0.019261 0.000000
vt -0.582012 -0.019322 0.000000
vt -0.374813 -0.038732 0.000000
vt -0.588647 -0.038822 0.000000
vt -0.381845 -0.058468 0.000000
vt -0.594626 -0.058546 0.000000
vt -0.387916 -0.078485 0.000000
vt -0.599784 -0.078485 0.000000
vt 0.408953 0.623989 0.000000
vt 0.338390 0.431736 0.000000
vt 0.518990 0.599784 0.000000
vt 0.477701 0.398968 0.000000
vt 0.518990 0.387916 0.000000
vt 0.173781 0.461070 0.000000
vt 0.285255 0.647011 0.000000
vt 0.173781 0.618000 0.000000
vt 0.148677 0.666945 0.000000
vt 0.000000 0.618000 0.000000
vt 0.000000 0.681881 0.000000
vt 0.258628 0.632023 0.000000
vt 0.258628 0.749014 0.000000
vt 0.200000 0.632023 0.000000
vt 0.200000 0.749159 0.000000
vt 0.258628 0.866087 0.000000
vt 0.200000 0.866294 0.000000
vt 0.258628 0.983328 0.000000
vt 0.200000 0.983430 0.000000
vt 0.258628 1.100565 0.000000
vt 0.200000 1.100565 0.000000
vt 0.000000 0.669773 0.000000
vt 0.000000 0.618000 0.000000
vt 0.124869 0.668625 0.000000
vt 0.124869 0.618000 0.000000
vt 0.665858 -0.059954 0.000000
vt 0.666819 -0.052515 0.000000
vt 0.618000 -0.059954 0.000000
vt 0.618000 -0.047963 0.000000
vt 0.667667 -0.045044 0.000000
vt 0.618000 -0.035973 0.000000
vt 0.668385 -0.037580 0.000000
vt 0.668966 -0.030091 0.000000
vt 0.618000 -0.023982 0.000000
vt 0.669400 -0.022578 0.000000
vt 0.669682 -0.015057 0.000000
vt 0.618000 -0.011991 0.000000
vt 0.669806 -0.007530 0.000000
vt 0.618000 0.000000 0.000000
vt 0.669773 0.000000 0.000000
vt 0.212313 0.628079 0.000000
vt 0.163872 0.432394 0.000000
vt 0.386272 0.583453 0.000000
vt 0.291756 0.398934 0.000000
vt 0.386272 0.368738 0.000000
vt 0.000000 0.665858 0.000000
vt 0.015248 0.618000 0.000000
vt 0.015248 0.461070 0.000000
vt 0.000000 0.618000 0.000000
vt 0.669773 -0.059954 0.000000
vt 0.669806 -0.052425 0.000000
vt 0.618000 -0.059954 0.000000
vt 0.618000 -0.047963 0.000000
vt 0.669682 -0.044898 0.000000
vt 0.618000 -0.035973 0.000000
vt 0.669401 -0.037395 0.000000
vt 0.668968 -0.029899 0.000000
vt 0.618000 -0.023982 0.000000
vt 0.668388 -0.022405 0.000000
vt 0.667669 -0.014928 0.000000
vt 0.618000 -0.011991 0.000000
vt 0.666821 -0.007456 0.000000
vt 0.618000 -0.000000 0.000000
vt 0.665858 -0.000000 0.000000
vt 0.386272 0.618000 0.000000
vt 0.386272 0.665858 0.000000
vt 0.371024 0.618000 0.000000
vt 0.173959 0.628079 0.000000
vt 0.371024 0.461070 0.000000
vt 0.222400 0.432394 0.000000
vt 0.000000 0.583453 0.000000
vt 0.094515 0.398934 0.000000
vt 0.000000 0.368738 0.000000
vt 0.583453 -0.078485 0.000000
vt 0.577159 -0.058559 0.000000
vt 0.368738 -0.078485 0.000000
vt 0.361297 -0.058475 0.000000
vt 0.570108 -0.038860 0.000000
vt 0.353003 -0.038784 0.000000
vt 0.562508 -0.019375 0.000000
vt 0.344076 -0.019314 0.000000
vt 0.554588 0.000000 0.000000
vt 0.334809 0.000000 0.000000
vt 0.186390 0.463890 0.000000
vt 0.160037 0.245884 0.000000
vt 0.346181 0.363892 0.000000
vt 0.261464 0.176852 0.000000
vt 0.346181 0.109506 0.000000
vt -0.000000 0.554588 0.000000
vt -0.000000 0.334809 0.000000
vt 0.334809 -0.078485 0.000000
vt 0.554588 -0.078485 0.000000
vt 0.344070 -0.059181 0.000000
vt 0.562513 -0.059100 0.000000
vt 0.352988 -0.039733 0.000000
vt 0.570123 -0.039589 0.000000
vt 0.361293 -0.020021 0.000000
vt 0.577163 -0.019915 0.000000
vt 0.368738 -0.000000 0.000000
vt 0.583453 -0.000000 0.000000
vt 0.463304 0.574913 0.000000
vt 0.315092 0.510467 0.000000
vt 0.463304 0.358687 0.000000
vt 0.254172 0.245832 0.000000
vt 0.187846 0.440755 0.000000
vt 0.082504 0.371981 0.000000
vt -0.000000 0.310348 0.000000
vt 0.113810 0.145768 0.000000
vt 0.176609 0.193137 0.000000
vt -0.000000 0.039894 0.000000
vt 0.020341 0.060705 0.000000
vt -0.039894 0.000000 0.000000
vt -0.310348 0.000000 0.000000
vt -0.019716 -0.019686 0.000000
vt -0.283884 -0.033146 0.000000
vt 0.000000 -0.039760 0.000000
vt -0.270921 -0.049946 0.000000
vt -0.000000 -0.048903 0.000000
vt -0.000000 -0.058045 0.000000
vt -0.258628 -0.067188 0.000000
vt -0.200000 -0.067188 0.000000
vt -0.000000 -0.067188 0.000000
vt -0.200000 -0.043582 0.000000
vt -0.258628 -0.043582 0.000000
vt -0.000000 -0.052724 0.000000
vt -0.270912 -0.060812 0.000000
vt -0.000000 -0.061867 0.000000
vt -0.000000 -0.071009 0.000000
vt -0.283878 -0.077616 0.000000
vt -0.019708 -0.091076 0.000000
vt -0.310348 -0.110769 0.000000
vt -0.039894 -0.110769 0.000000
vt -0.000000 -0.043582 0.000000
vt 0.380791 0.371986 0.000000
vt 0.349494 0.145768 0.000000
vt 0.463304 0.310348 0.000000
vt 0.442963 0.060705 0.000000
vt 0.463304 0.039894 0.000000
vt 0.275442 0.440763 0.000000
vt 0.209131 0.245832 0.000000
vt 0.286694 0.193137 0.000000
vt 0.148198 0.510473 0.000000
vt 0.000000 0.358687 0.000000
vt 0.000000 0.574913 0.000000
vt -0.358687 -0.000000 0.000000
vt -0.574913 -0.000000 0.000000
vt -0.367018 -0.019260 0.000000
vt -0.582015 -0.019329 0.000000
vt -0.374814 -0.038734 0.000000
vt -0.588648 -0.038823 0.000000
vt -0.381845 -0.058469 0.000000
vt -0.594626 -0.058546 0.000000
vt -0.387916 -0.078485 0.000000
vt -0.599784 -0.078485 0.000000
vt 0.408953 0.623989 0.000000
vt 0.338390 0.431736 0.000000
vt 0.518990 0.599784 0.000000
vt 0.477701 0.398968 0.000000
vt 0.518990 0.387916 0.000000
vt 0.173781 0.461070 0.000000
vt 0.285255 0.647011 0.000000
vt 0.173781 0.618000 0.000000
vt 0.148677 0.666945 0.000000
vt 0.000000 0.618000 0.000000
vt 0.000000 0.681881 0.000000
vt 0.258628 0.632023 0.000000
vt 0.258628 0.749014 0.000000
vt 0.200000 0.632023 0.000000
vt 0.200000 0.749159 0.000000
vt 0.258628 0.866087 0.000000
vt 0.200000 0.866294 0.000000
vt 0.258628 0.983328 0.000000
vt 0.200000 0.983430 0.000000
vt 0.258628 1.100565 0.000000
vt 0.200000 1.100565 0.000000
vt -0.000000 0.669773 0.000000
vt -0.000000 0.618000 0.000000
vt 0.124869 0.668625 0.000000
vt 0.124869 0.618000 0.000000
vt 0.665858 -0.059954 0.000000
vt 0.666820 -0.052505 0.000000
vt 0.618000 -0.059954 0.000000
vt 0.618000 -0.047963 0.000000
vt 0.667667 -0.045047 0.000000
vt 0.618000 -0.035973 0.000000
vt 0.668387 -0.037565 0.000000
vt 0.668967 -0.030078 0.000000
vt 0.618000 -0.023982 0.000000
vt 0.669401 -0.022568 0.000000
vt 0.669682 -0.015051 0.000000
vt 0.618000 -0.011991 0.000000
vt 0.669806 -0.007527 0.000000
vt 0.618000 -0.000000 0.000000
vt 0.669773 -0.000000 0.000000
vt 0.212313 0.628079 0.000000
vt 0.163872 0.432394 0.000000
vt 0.386272 0.583453 0.000000
vt 0.291756 0.398934 0.000000
vt 0.386272 0.368738 0.000000
vt 0.000000 0.665858 0.000000
vt 0.015248 0.618000 0.000000
vt 0.015248 0.461070 0.000000
vt 0.000000 0.618000 0.000000
vt 0.669773 -0.059954 0.000000
vt 0.669806 -0.052426 0.000000
vt 0.618000 -0.059954 0.000000
vt 0.618000 -0.047963 0.000000
vt 0.669682 -0.044901 0.000000
vt 0.618000 -0.035973 0.000000
vt 0.669401 -0.037398 0.000000
vt 0.668969 -0.029904 0.000000
vt 0.618000 -0.023982 0.000000
vt 0.668388 -0.022410 0.000000
vt 0.667670 -0.014934 0.000000
vt 0.618000 -0.011991 0.000000
vt 0.666821 -0.007461 0.000000
vt 0.618000 -0.000000 0.000000
vt 0.665858 -0.000000 0.000000
vt 0.386272 0.618000 0.000000
vt 0.386272 0.665858 0.000000
vt 0.371024 0.618000 0.000000
vt 0.173959 0.628079 0.000000
vt 0.371024 0.461070 0.000000
vt 0.222400 0.432394 0.000000
vt 0.000000 0.583453 0.000000
vt 0.094515 0.398934 0.000000
vt 0.000000 0.368738 0.000000
vt 0.583453 -0.078485 0.000000
vt 0.577159 -0.058559 0.000000
vt 0.368738 -0.078485 0.000000
vt 0.361297 -0.058475 0.000000
vt 0.570108 -0.038860 0.000000
vt 0.353003 -0.038784 0.000000
vt 0.562508 -0.019375 0.000000
vt 0.344076 -0.019314 0.000000
vt 0.554588 -0.000000 0.000000
vt 0.334809 -0.000000 0.000000
vt 0.186390 0.463890 0.000000
vt 0.160037 0.245884 0.000000
vt 0.346181 0.363892 0.000000
vt 0.261464 0.176852 0.000000
vt 0.346181 0.109506 0.000000
vt 0.000000 0.554588 0.000000
vt 0.000000 0.334809 0.000000
vt 0.334809 -0.078485 0.000000
vt 0.554588 -0.078485 0.000000
vt 0.344070 -0.059181 0.000000
vt 0.562513 -0.059100 0.000000
vt 0.352988 -0.039733 0.000000
vt 0.570123 -0.039589 0.000000
vt 0.361293 -0.020021 0.000000
vt 0.577163 -0.019915 0.000000
vt 0.368738 -0.000000 0.000000
vt 0.583453 -0.000000 0.000000
vt 0.463304 0.574913 0.000000
vt 0.315092 0.510467 0.000000
vt 0.463304 0.358687 0.000000
vt 0.254172 0.245832 0.000000
vt 0.187846 0.440755 0.000000
vt 0.082504 0.371981 0.000000
vt 0.000000 0.310348 0.000000
vt 0.113810 0.145768 0.000000
vt 0.176609 0.193137 0.000000
vt 0.000000 0.039894 0.000000
vt 0.020341 0.060705 0.000000
vt -0.039894 0.000000 0.000000
vt -0.310348 0.000000 0.000000
vt -0.019708 -0.019694 0.000000
vt -0.283879 -0.033153 0.000000
vt -0.000000 -0.039760 0.000000
vt -0.270912 -0.049957 0.000000
vt -0.000000 -0.048903 0.000000
vt -0.000000 -0.058045 0.000000
vt -0.258628 -0.067188 0.000000
vt -0.200000 -0.067188 0.000000
vt -0.000000 -0.067188 0.000000
vt -0.200000 -0.043582 0.000000
vt -0.258628 -0.043582 0.000000
vt -0.000000 -0.052724 0.000000
vt -0.270921 -0.060824 0.000000
vt -0.000000 -0.061867 0.000000
vt -0.000000 -0.071009 0.000000
vt -0.283884 -0.077623 0.000000
vt -0.019716 -0.091083 0.000000
vt -0.310348 -0.110769 0.000000
vt -0.039894 -0.110769 0.000000
vt -0.000000 -0.043582 0.000000
vt 0.380791 0.371986 0.000000
vt 0.349494 0.145768 0.000000
vt 0.463304 0.310348 0.000000
vt 0.442963 0.060705 0.000000
vt 0.463304 0.039894 0.000000
vt 0.275442 0.440763 0.000000
vt 0.209131 0.245832 0.000000
vt 0.286694 0.193137 0.000000
vt 0.148198 0.510473 0.000000
vt 0.000000 0.358687 0.000000
vt 0.000000 0.574913 0.000000
vt -0.358687 0.000000 0.000000
vt -0.574913 0.000000 0.000000
vt -0.367018 -0.019260 0.000000
vt -0.582015 -0.019329 0.000000
vt -0.374814 -0.038734 0.000000
vt -0.588648 -0.038823 0.000000
vt -0.381845 -0.058469 0.000000
vt -0.594626 -0.058546 0.000000
vt -0.387916 -0.078485 0.000000
vt -0.599784 -0.078485 0.000000
vt 0.408953 0.623989 0.000000
vt 0.338390 0.431736 0.000000
vt 0.518990 0.599784 0.000000
vt 0.477701 0.398968 0.000000
vt 0.518990 0.387916 0.000000
vt 0.173781 0.461070 0.000000
vt 0.285255 0.647011 0.000000
vt 0.173781 0.618000 0.000000
vt 0.148677 0.666945 0.000000
vt 0.000000 0.618000 0.000000
vt 0.000000 0.681881 0.000000
vt -0.243068 0.539570 0.000000
vt -0.250264 0.533935 0.000000
vt -0.116257 0.512136 0.000000
vt -0.128314 0.491087 0.000000
vt -0.000000 0.499743 0.000000
vt -0.000006 0.476578 0.000000
vt 0.128324 0.491089 0.000000
vt 0.116257 0.512136 0.000000
vt 0.250264 0.533935 0.000000
vt 0.243068 0.539570 0.000000
vt 0.235389 0.544524 0.000000
vt 0.227289 0.548757 0.000000
vt -0.227289 0.548757 0.000000
vt -0.235389 0.544524 0.000000
vt 0.258628 0.632023 0.000000
vt 0.258628 0.748952 0.000000
vt 0.200000 0.632023 0.000000
vt 0.200000 0.749159 0.000000
vt 0.258628 0.866105 0.000000
vt 0.200000 0.866294 0.000000
vt 0.258628 0.983343 0.000000
vt 0.200000 0.983430 0.000000
vt 0.258628 1.100565 0.000000
vt 0.200000 1.100565 0.000000
vt 0.000000 0.669773 0.000000
vt 0.000000 0.618000 0.000000
vt 0.124869 0.668625 0.000000
vt 0.124869 0.618000 0.000000
vt 0.665858 -0.059954 0.000000
vt 0.666820 -0.052501 0.000000
vt 0.618000 -0.059954 0.000000
vt 0.618000 -0.047963 0.000000
vt 0.667668 -0.045038 0.000000
vt 0.618000 -0.035973 0.000000
vt 0.668387 -0.037556 0.000000
vt 0.668967 -0.030076 0.000000
vt 0.618000 -0.023982 0.000000
vt 0.669401 -0.022568 0.000000
vt 0.669682 -0.015057 0.000000
vt 0.618000 -0.011991 0.000000
vt 0.669806 -0.007530 0.000000
vt 0.618000 0.000000 0.000000
vt 0.669773 0.000000 0.000000
vt 0.212313 0.628079 0.000000
vt 0.163872 0.432394 0.000000
vt 0.386272 0.583453 0.000000
vt 0.291756 0.398934 0.000000
vt 0.386272 0.368738 0.000000
vt -0.000000 0.665858 0.000000
vt 0.015248 0.618000 0.000000
vt 0.015248 0.461070 0.000000
vt -0.000000 0.618000 0.000000
vt 0.669773 -0.059954 0.000000
vt 0.669806 -0.052425 0.000000
vt 0.618000 -0.059954 0.000000
vt 0.618000 -0.047963 0.000000
vt 0.669682 -0.044899 0.000000
vt 0.618000 -0.035973 0.000000
vt 0.669401 -0.037395 0.000000
vt 0.668968 -0.029900 0.000000
vt 0.618000 -0.023982 0.000000
vt 0.668388 -0.022405 0.000000
vt 0.667669 -0.014928 0.000000
vt 0.618000 -0.011991 0.000000
vt 0.666821 -0.007456 0.000000
vt 0.618000 -0.000000 0.000000
vt 0.665858 -0.000000 0.000000
vt 0.386272 0.618000 0.000000
vt 0.386272 0.665858 0.000000
vt 0.371024 0.618000 0.000000
vt 0.173959 0.628079 0.000000
vt 0.371024 0.461070 0.000000
vt 0.222400 0.432394 0.000000
vt 0.000000 0.583453 0.000000
vt 0.094515 0.398934 0.000000
vt 0.000000 0.368738 0.000000
vt 0.583453 -0.078485 0.000000
vt 0.577165 -0.058575 0.000000
vt 0.368738 -0.078485 0.000000
vt 0.361297 -0.058477 0.000000
vt 0.570120 -0.038890 0.000000
vt 0.353003 -0.038785 0.000000
vt 0.562514 -0.019384 0.000000
vt 0.344076 -0.019314 0.000000
vt 0.554588 -0.000000 0.000000
vt 0.334809 -0.000000 0.000000
vt 0.186390 0.463890 0.000000
vt 0.160037 0.245884 0.000000
vt 0.346181 0.363892 0.000000
vt 0.261464 0.176852 0.000000
vt 0.346181 0.109506 0.000000
vt -0.000000 0.554588 0.000000
vt -0.000000 0.334809 0.000000
vt 0.334809 -0.078485 0.000000
vt 0.554588 -0.078485 0.000000
vt 0.344075 -0.059176 0.000000
vt 0.562500 -0.059134 0.000000
vt 0.352997 -0.039714 0.000000
vt 0.570101 -0.039646 0.000000
vt 0.361297 -0.020011 0.000000
vt 0.577154 -0.019944 0.000000
vt 0.368738 -0.000000 0.000000
vt 0.583453 -0.000000 0.000000
vt 0.463304 0.574913 0.000000
vt 0.315092 0.510467 0.000000
vt 0.463304 0.358687 0.000000
vt 0.254172 0.245832 0.000000
vt 0.187846 0.440755 0.000000
vt 0.082504 0.371981 0.000000
vt 0.000000 0.310348 0.000000
vt 0.113810 0.145768 0.000000
vt 0.176609 0.193137 0.000000
vt 0.000000 0.039894 0.000000
vt 0.020341 0.060705 0.000000
vt -0.039894 0.000000 0.000000
vt -0.310348 0.000000 0.000000
vt -0.019716 -0.019686 0.000000
vt -0.283883 -0.033148 0.000000
vt -0.000000 -0.039760 0.000000
vt -0.270917 -0.049951 0.000000
vt -0.000000 -0.048903 0.000000
vt 0.000000 -0.058045 0.000000
vt -0.258628 -0.067188 0.000000
vt -0.200000 -0.067188 0.000000
vt 0.000000 -0.067188 0.000000
vt -0.200000 -0.043582 0.000000
vt -0.258628 -0.043582 0.000000
vt -0.000000 -0.052724 0.000000
vt -0.270917 -0.060819 0.000000
vt -0.000000 -0.061867 0.000000
vt -0.000000 -0.071009 0.000000
vt -0.283883 -0.077621 0.000000
vt -0.019716 -0.091083 0.000000
vt -0.310348 -0.110769 0.000000
vt -0.039894 -0.110769 0.000000
vt -0.000000 -0.043582 0.000000
vt 0.380791 0.371986 0.000000
vt 0.349494 0.145768 0.000000
vt 0.463304 0.310348 0.000000
vt 0.442963 0.060705 0.000000
vt 0.463304 0.039894 0.000000
vt 0.275442 0.440763 0.000000
vt 0.209131 0.245832 0.000000
vt 0.286694 0.193137 0.000000
vt 0.148198 0.510473 0.000000
vt -0.000000 0.358687 0.000000
vt -0.000000 0.574913 0.000000
vt -0.358687 0.000000 0.000000
vt -0.574913 0.000000 0.000000
vt -0.367018 -0.019260 0.000000
vt -0.582015 -0.019329 0.000000
vt -0.374814 -0.038734 0.000000
vt -0.588648 -0.038823 0.000000
vt -0.381845 -0.058470 0.000000
vt -0.594626 -0.058546 0.000000
vt -0.387916 -0.078485 0.000000
vt -0.599784 -0.078485 0.000000
vt 0.408953 0.623989 0.000000
vt 0.338390 0.431736 0.000000
vt 0.518990 0.599784 0.000000
vt 0.477701 0.398968 0.000000
vt 0.518990 0.387916 0.000000
vt 0.173781 0.461070 0.000000
vt 0.285255 0.647011 0.000000
vt 0.173781 0.618000 0.000000
vt 0.148677 0.666945 0.000000
vt 0.000000 0.618000 0.000000
vt 0.000000 0.681881 0.000000
vt -0.243068 0.539570 0.000000
vt -0.250264 0.533935 0.000000
vt -0.116257 0.512136 0.000000
vt -0.128301 0.491084 0.000000
vt -0.000000 0.499743 0.000000
vt -0.000019 0.476578 0.000000
vt 0.128487 0.491126 0.000000
vt 0.116257 0.512136 0.000000
vt 0.250264 0.533935 0.000000
vt 0.243068 0.539570 0.000000
vt 0.235389 0.544524 0.000000
vt 0.227289 0.548757 0.000000
vt -0.227289 0.548757 0.000000
vt -0.235389 0.544524 0.000000
vt 0.735000 -1.588206 0.000000
vt -0.000000 -1.671576 0.000000
vt 0.735000 -1.732588 0.000000
vt 0.735000 1.732588 0.000000
vt 0.000000 1.793600 0.000000
vt -0.000000 1.676465 0.000000
vt 0.735000 1.588206 0.000000
vt -0.000000 1.559330 0.000000
vt 0.735000 1.443824 0.000000
vt -0.000000 1.442194 0.000000
vt -0.000000 1.325059 0.000000
vt 0.735000 -1.443824 0.000000
vt -0.000000 -1.447083 0.000000
vt -0.200000 -1.521914 0.000000
vt -0.200000 -1.596745 0.000000
vt 0.000000 -1.329947 0.000000
vt 0.735000 -1.299441 0.000000
vt 0.000000 -1.212812 0.000000
vt 0.735000 -1.155059 0.000000
vt 0.000000 -1.095676 0.000000
vt 0.735000 -1.010677 0.000000
vt -0.000000 -0.978541 0.000000
vt -0.200000 -0.903710 0.000000
vt -0.200000 -0.978541 0.000000
vt 0.735000 -0.866294 0.000000
vt -0.200000 -0.828879 0.000000
vt -0.000000 -0.754047 0.000000
vt -0.200000 -0.754047 0.000000
vt 0.735000 -0.721912 0.000000
vt -0.000000 -0.636912 0.000000
vt 0.735000 -0.577529 0.000000
vt -0.000000 -0.519777 0.000000
vt 0.735000 -0.433147 0.000000
vt -0.000000 -0.402641 0.000000
vt 0.735000 -0.288765 0.000000
vt -0.000000 -0.285506 0.000000
vt -0.200000 -0.210674 0.000000
vt -0.200000 -0.285506 0.000000
vt 0.735000 -0.144382 0.000000
vt -0.200000 -0.135843 0.000000
vt -0.000000 -0.061012 0.000000
vt -0.200000 -0.061012 0.000000
vt 0.735000 0.000000 0.000000
vt -0.000000 0.056123 0.000000
vt 0.735000 0.144382 0.000000
vt -0.000000 0.173259 0.000000
vt 0.735000 0.288765 0.000000
vt -0.000000 0.290394 0.000000
vt -0.000000 0.407530 0.000000
vt 0.735000 0.433147 0.000000
vt -0.200000 0.407530 0.000000
vt -0.200000 0.482361 0.000000
vt 0.735000 0.577529 0.000000
vt -0.200000 0.557192 0.000000
vt -0.200000 0.632023 0.000000
vt -0.000000 0.632023 0.000000
vt 0.735000 0.721912 0.000000
vt -0.000000 0.749159 0.000000
vt 0.735000 0.866294 0.000000
vt -0.000000 0.866294 0.000000
vt -0.000000 0.983430 0.000000
vt 0.735000 1.010677 0.000000
vt -0.000000 1.100565 0.000000
vt 0.735000 1.155059 0.000000
vt -0.200000 1.175396 0.000000
vt -0.200000 1.250227 0.000000
vt 0.735000 1.299441 0.000000
vt -0.200000 1.325059 0.000000
vt -0.200000 -1.671576 0.000000
vt -0.200000 1.100565 0.000000
vt -0.200000 -1.447083 0.000000
vt 0.087102 0.271255 0.000000
vt -0.007537 0.154241 0.000000
vt 0.109000 0.000000 0.000000
vt -0.003623 -0.107010 0.000000
vt 0.087102 -0.271255 0.000000
vt -0.042764 -0.365343 0.000000
vt 0.021975 -0.535486 0.000000
vt -0.123890 -0.613710 0.000000
vt -0.084694 -0.785847 0.000000
vt -0.244791 -0.845337 0.000000
vt -0.230142 -1.015855 0.000000
vt -0.402166 -1.053905 0.000000
vt -0.410603 -1.219553 0.000000
vt -0.591725 -1.233726 0.000000
vt -0.621403 -1.391666 0.000000
vt -0.808295 -1.379893 0.000000
vt -0.857081 -1.527735 0.000000
vt -1.045971 -1.488421 0.000000
vt -1.111534 -1.624236 0.000000
vt -1.298267 -1.556348 0.000000
vt -1.378172 -1.678671 0.000000
vt -1.558304 -1.581823 0.000000
vt -1.650090 -1.689629 0.000000
vt -1.818986 -1.564149 0.000000
vt -1.920243 -1.656826 0.000000
vt -2.073205 -1.503809 0.000000
vt -2.181637 -1.581112 0.000000
vt -2.314024 -1.402450 0.000000
vt -2.427500 -1.464449 0.000000
vt -2.534876 -1.262835 0.000000
vt -2.651465 -1.309857 0.000000
vt -2.729736 -1.088773 0.000000
vt -2.847732 -1.121340 0.000000
vt -2.893288 -0.885013 0.000000
vt -3.011216 -0.903782 0.000000
vt -3.021072 -0.657111 0.000000
vt -3.137685 -0.662816 0.000000
vt -3.109602 -0.411286 0.000000
vt -3.223863 -0.404683 0.000000
vt -3.156463 -0.154241 0.000000
vt -3.267517 -0.136069 0.000000
vt -3.160377 0.107010 0.000000
vt -3.267517 0.136069 0.000000
vt -3.121236 0.365343 0.000000
vt -3.223863 0.404683 0.000000
vt -3.040110 0.613710 0.000000
vt -3.137685 0.662816 0.000000
vt -2.919209 0.845337 0.000000
vt -3.011216 0.903782 0.000000
vt -2.847732 1.121340 0.000000
vt -2.761834 1.053905 0.000000
vt -2.651465 1.309857 0.000000
vt -2.572275 1.233726 0.000000
vt -2.427500 1.464449 0.000000
vt -2.355705 1.379893 0.000000
vt -2.181637 1.581112 0.000000
vt -2.118029 1.488421 0.000000
vt -1.920243 1.656826 0.000000
vt -1.865733 1.556348 0.000000
vt -1.650090 1.689629 0.000000
vt -1.605696 1.581823 0.000000
vt -1.378172 1.678671 0.000000
vt -1.345014 1.564149 0.000000
vt -1.111534 1.624236 0.000000
vt -1.090795 1.503809 0.000000
vt -0.857081 1.527735 0.000000
vt -0.849976 1.402450 0.000000
vt -0.621403 1.391666 0.000000
vt -0.629124 1.262835 0.000000
vt -0.410603 1.219553 0.000000
vt -0.434264 1.088773 0.000000
vt -0.230142 1.015855 0.000000
vt -0.270712 0.885013 0.000000
vt -0.084694 0.785847 0.000000
vt -0.142928 0.657111 0.000000
vt 0.021975 0.535486 0.000000
vt -0.054398 0.411286 0.000000
vt -0.054500 -4.553934 0.000000
vt 0.054500 -4.292355 0.000000
vt -0.054500 -4.292355 0.000000
vt 0.054500 -4.030776 0.000000
vt -0.054500 -4.030776 0.000000
vt 0.054500 -3.769197 0.000000
vt -0.054500 -3.769197 0.000000
vt 0.054500 -3.507618 0.000000
vt -0.054500 -3.507618 0.000000
vt 0.054500 -3.246039 0.000000
vt -0.054500 -3.246039 0.000000
vt 0.054500 -2.984460 0.000000
vt -0.054500 -2.984460 0.000000
vt 0.054500 -2.722881 0.000000
vt -0.054500 -2.722881 0.000000
vt 0.054500 -2.461303 0.000000
vt -0.054500 -2.461303 0.000000
vt 0.054500 -2.199724 0.000000
vt -0.054500 -2.199724 0.000000
vt 0.054500 -1.938145 0.000000
vt -0.054500 -1.938145 0.000000
vt 0.054500 -1.676566 0.000000
vt -0.054500 -1.676566 0.000000
vt 0.054500 -1.414987 0.000000
vt -0.054500 -1.414987 0.000000
vt 0.054500 -1.153408 0.000000
vt -0.054500 -1.153408 0.000000
vt 0.054500 -0.891829 0.000000
vt -0.054500 -0.891829 0.000000
vt 0.054500 -0.630250 0.000000
vt -0.054500 -0.630250 0.000000
vt 0.054500 -0.368671 0.000000
vt -0.054500 -0.368671 0.000000
vt 0.054500 -0.107092 0.000000
vt -0.054500 -0.107092 0.000000
vt 0.054500 0.154487 0.000000
vt -0.054500 0.154487 0.000000
vt 0.054500 0.416066 0.000000
vt -0.054500 0.416066 0.000000
vt 0.054500 0.677645 0.000000
vt -0.054500 0.677645 0.000000
vt 0.054500 0.939223 0.000000
vt -0.054500 0.939223 0.000000
vt 0.054500 1.200802 0.000000
vt -0.054500 1.200802 0.000000
vt 0.054500 1.462381 0.000000
vt -0.054500 1.462381 0.000000
vt 0.054500 1.723960 0.000000
vt -0.054500 1.723960 0.000000
vt 0.054500 1.985539 0.000000
vt -0.054500 1.985539 0.000000
vt 0.054500 2.247118 0.000000
vt -0.054500 2.247118 0.000000
vt 0.054500 2.508697 0.000000
vt -0.054500 2.508697 0.000000
vt 0.054500 2.770276 0.000000
vt -0.054500 2.770276 0.000000
vt 0.054500 3.031855 0.000000
vt -0.054500 3.031855 0.000000
vt 0.054500 3.293434 0.000000
vt -0.054500 3.293434 0.000000
vt 0.054500 3.555013 0.000000
vt -0.054500 3.555013 0.000000
vt 0.054500 3.816592 0.000000
vt -0.054500 3.816592 0.000000
vt 0.054500 4.078171 0.000000
vt -0.054500 4.078171 0.000000
vt 0.054500 4.339750 0.000000
vt -0.054500 4.339750 0.000000
vt 0.054500 4.601328 0.000000
vt -0.054500 4.601328 0.000000
vt 0.054500 4.862907 0.000000
vt -0.054500 4.862907 0.000000
vt -0.054500 -5.077092 0.000000
vt 0.054500 -5.077092 0.000000
vt 0.054500 -4.815513 0.000000
vt -0.054500 -4.815513 0.000000
vt 0.054500 -4.553934 0.000000
vt 0.050000 -2.529225 0.000000
vt 0.050000 -2.303780 0.000000
vt -0.050000 -2.352722 0.000000
vt -0.032000 -2.303780 0.000000
vt -0.050000 -2.091309 0.000000
vt -0.032000 -2.092422 0.000000
vt -0.032000 -1.881064 0.000000
vt -0.050000 -1.829895 0.000000
vt -0.032000 -1.669706 0.000000
vt -0.050000 -1.568481 0.000000
vt 0.050000 -1.669706 0.000000
vt 0.050000 -1.444261 0.000000
vt -0.050000 -1.307068 0.000000
vt 0.050000 -1.218816 0.000000
vt -0.050000 -1.045654 0.000000
vt 0.050000 -0.993372 0.000000
vt -0.050000 -0.784241 0.000000
vt 0.050000 -0.767927 0.000000
vt 0.050000 -0.542482 0.000000
vt -0.050000 -0.522827 0.000000
vt 0.050000 -0.317037 0.000000
vt -0.032000 -0.317037 0.000000
vt -0.050000 -0.261414 0.000000
vt -0.032000 -0.105679 0.000000
vt -0.050000 0.000000 0.000000
vt -0.032000 0.105679 0.000000
vt -0.050000 0.261414 0.000000
vt -0.032000 0.317037 0.000000
vt -0.050000 0.522827 0.000000
vt 0.050000 0.317037 0.000000
vt 0.050000 0.542482 0.000000
vt -0.050000 0.784241 0.000000
vt 0.050000 0.767927 0.000000
vt 0.050000 0.993372 0.000000
vt -0.050000 1.045654 0.000000
vt 0.050000 1.218816 0.000000
vt -0.050000 1.307068 0.000000
vt 0.050000 1.444261 0.000000
vt -0.050000 1.568481 0.000000
vt 0.050000 1.669706 0.000000
vt -0.032000 1.669706 0.000000
vt -0.050000 1.829895 0.000000
vt -0.032000 1.881064 0.000000
vt -0.050000 2.091309 0.000000
vt -0.032000 2.092422 0.000000
vt -0.032000 2.303780 0.000000
vt -0.050000 2.352722 0.000000
vt 0.050000 2.303780 0.000000
vt 0.050000 2.529225 0.000000
vt -0.050000 2.614136 0.000000
vt 0.050000 2.754670 0.000000
vt -0.050000 2.875549 0.000000
vt 0.050000 2.980115 0.000000
vt -0.050000 3.136963 0.000000
vt 0.050000 3.205560 0.000000
vt -0.050000 3.398377 0.000000
vt 0.050000 3.431005 0.000000
vt -0.032000 3.656449 0.000000
vt 0.050000 3.656449 0.000000
vt -0.050000 3.659790 0.000000
vt -0.032000 3.867807 0.000000
vt -0.050000 3.921204 0.000000
vt -0.032000 4.079165 0.000000
vt -0.050000 4.182617 0.000000
vt -0.032000 4.290523 0.000000
vt -0.050000 4.444031 0.000000
vt 0.050000 4.290523 0.000000
vt 0.050000 4.515968 0.000000
vt -0.050000 4.705444 0.000000
vt 0.050000 4.741413 0.000000
vt -0.050000 4.966858 0.000000
vt 0.050000 4.966858 0.000000
vt -0.050000 -4.966858 0.000000
vt 0.050000 -4.966858 0.000000
vt 0.050000 -4.741413 0.000000
vt -0.050000 -4.705444 0.000000
vt 0.050000 -4.515968 0.000000
vt -0.050000 -4.444031 0.000000
vt 0.050000 -4.290523 0.000000
vt -0.032000 -4.290523 0.000000
vt -0.050000 -4.182617 0.000000
vt -0.032000 -4.079165 0.000000
vt -0.050000 -3.921204 0.000000
vt -0.032000 -3.867807 0.000000
vt -0.050000 -3.659790 0.000000
vt -0.032000 -3.656449 0.000000
vt 0.050000 -3.431005 0.000000
vt 0.050000 -3.656449 0.000000
vt -0.050000 -3.398377 0.000000
vt 0.050000 -3.205560 0.000000
vt -0.050000 -3.136963 0.000000
vt 0.050000 -2.980115 0.000000
vt -0.050000 -2.875549 0.000000
vt 0.050000 -2.754670 0.000000
vt -0.050000 -2.614136 0.000000
vt -0.506570 -1.817906 0.000000
vt -0.663500 -1.875374 0.000000
vt -0.506570 -1.990309 0.000000
vt -0.663500 -1.932841 0.000000
vt -0.663500 -1.990309 0.000000
vt -0.663500 -1.817906 0.000000
vt 0.802731 -1.376175 0.000000
vt 0.801642 -1.369802 0.000000
vt 0.615057 -1.251605 0.000000
vt 0.800967 -1.363372 0.000000
vt 0.800709 -1.356912 0.000000
vt 0.799389 -1.183135 0.000000
vt 0.638260 -1.059229 0.000000
vt 0.446991 -1.101628 0.000000
vt 0.496501 -0.913557 0.000000
vt 0.301944 -0.929288 0.000000
vt 0.377027 -0.749115 0.000000
vt 0.182862 -0.738085 0.000000
vt 0.282291 -0.569279 0.000000
vt 0.092160 -0.531899 0.000000
vt 0.214241 -0.377747 0.000000
vt 0.049377 -0.322792 0.000000
vt 0.043313 -0.320551 0.000000
vt 0.037406 -0.317922 0.000000
vt 0.031681 -0.314916 0.000000
vt 0.638260 1.059229 0.000000
vt 0.799389 1.183135 0.000000
vt 0.615057 1.251605 0.000000
vt 0.800709 1.356912 0.000000
vt 0.800967 1.363372 0.000000
vt 0.801642 1.369802 0.000000
vt 0.802731 1.376175 0.000000
vt 0.446991 1.101628 0.000000
vt 0.496501 0.913557 0.000000
vt 0.301944 0.929288 0.000000
vt 0.377027 0.749115 0.000000
vt 0.182862 0.738085 0.000000
vt 0.282291 0.569279 0.000000
vt 0.092160 0.531899 0.000000
vt 0.214241 0.377747 0.000000
vt 0.049377 0.322792 0.000000
vt 0.043313 0.320551 0.000000
vt 0.037406 0.317922 0.000000
vt 0.031681 0.314916 0.000000
vt 1.177184 1.359285 0.000000
vt 1.232589 1.374530 0.000000
vt 1.163759 1.389050 0.000000
vt 1.288566 1.387518 0.000000
vt 1.282517 1.427637 0.000000
vt 1.327721 1.419156 0.000000
vt 1.317589 1.425511 0.000000
vt 1.345023 1.398227 0.000000
vt 1.335967 1.410494 0.000000
vt 1.306201 1.429163 0.000000
vt 1.294263 1.429887 0.000000
vt 0.950052 1.269893 0.000000
vt 1.002022 1.294414 0.000000
vt 0.950168 1.285140 0.000000
vt 0.951748 1.296995 0.000000
vt 0.956210 1.308092 0.000000
vt 0.963276 1.317740 0.000000
vt 0.972509 1.325343 0.000000
vt 0.983334 1.330427 0.000000
vt 1.054942 1.316809 0.000000
vt 1.102092 1.369013 0.000000
vt 1.108726 1.337042 0.000000
vt 2.464698 1.108965 0.000000
vt 2.630376 1.161410 0.000000
vt 2.297064 1.223919 0.000000
vt 2.636600 1.163161 0.000000
vt 2.472854 1.305434 0.000000
vt 2.642924 1.164506 0.000000
vt 2.649322 1.165439 0.000000
vt 2.114716 1.313724 0.000000
vt 2.278282 1.418929 0.000000
vt 1.921402 1.376536 0.000000
vt 2.069556 1.503620 0.000000
vt 1.721094 1.411063 0.000000
vt 1.850912 1.557790 0.000000
vt 1.626790 1.580337 0.000000
vt 1.401737 1.570804 0.000000
vt 1.406365 1.566288 0.000000
vt 1.410690 1.561483 0.000000
vt 1.414696 1.556408 0.000000
vt 1.517907 1.416596 0.000000
vt 2.748971 0.804094 0.000000
vt 2.780591 0.756112 0.000000
vt 2.773131 0.826060 0.000000
vt 2.846527 0.725039 0.000000
vt 2.810241 0.706888 0.000000
vt 2.852297 0.714563 0.000000
vt 2.855297 0.702985 0.000000
vt 2.855343 0.691026 0.000000
vt 2.852430 0.679426 0.000000
vt 2.846740 0.668907 0.000000
vt 2.837872 0.656504 0.000000
vt 2.593767 0.992485 0.000000
vt 2.633147 0.950637 0.000000
vt 2.608303 0.997087 0.000000
vt 2.620066 0.999248 0.000000
vt 2.631998 0.998433 0.000000
vt 2.643358 0.994694 0.000000
vt 2.653442 0.988263 0.000000
vt 2.661622 0.979539 0.000000
vt 2.670799 0.907228 0.000000
vt 2.735018 0.878517 0.000000
vt 2.706662 0.862328 0.000000
vt 2.908766 -0.497757 0.000000
vt 3.009841 -0.639121 0.000000
vt 2.966292 -0.302805 0.000000
vt 2.995353 -0.101631 0.000000
vt 3.013430 -0.644499 0.000000
vt 3.016664 -0.650098 0.000000
vt 3.019528 -0.655894 0.000000
vt 3.098139 -0.444802 0.000000
vt 3.145953 -0.224682 0.000000
vt 3.162000 0.000000 0.000000
vt 3.145953 0.224682 0.000000
vt 2.995353 0.101631 0.000000
vt 3.098139 0.444802 0.000000
vt 3.016664 0.650098 0.000000
vt 3.019528 0.655894 0.000000
vt 3.013430 0.644499 0.000000
vt 3.009841 0.639121 0.000000
vt 2.966292 0.302805 0.000000
vt 2.908766 0.497757 0.000000
vt 2.706662 -0.862328 0.000000
vt 2.670799 -0.907228 0.000000
vt 2.735018 -0.878517 0.000000
vt 2.661622 -0.979539 0.000000
vt 2.633147 -0.950637 0.000000
vt 2.653442 -0.988263 0.000000
vt 2.643358 -0.994694 0.000000
vt 2.631998 -0.998433 0.000000
vt 2.620066 -0.999248 0.000000
vt 2.608303 -0.997087 0.000000
vt 2.593767 -0.992485 0.000000
vt 2.837872 -0.656504 0.000000
vt 2.810241 -0.706888 0.000000
vt 2.846740 -0.668907 0.000000
vt 2.852430 -0.679426 0.000000
vt 2.855343 -0.691026 0.000000
vt 2.855297 -0.702985 0.000000
vt 2.852297 -0.714563 0.000000
vt 2.846527 -0.725039 0.000000
vt 2.780591 -0.756112 0.000000
vt 2.773131 -0.826060 0.000000
vt 2.748971 -0.804094 0.000000
vt 1.721094 -1.411063 0.000000
vt 1.517907 -1.416596 0.000000
vt 1.626790 -1.580337 0.000000
vt 1.414696 -1.556408 0.000000
vt 1.410690 -1.561483 0.000000
vt 1.406365 -1.566288 0.000000
vt 1.401737 -1.570804 0.000000
vt 1.850912 -1.557790 0.000000
vt 2.069556 -1.503620 0.000000
vt 1.921402 -1.376536 0.000000
vt 2.278282 -1.418929 0.000000
vt 2.114716 -1.313724 0.000000
vt 2.472854 -1.305434 0.000000
vt 2.297064 -1.223919 0.000000
vt 2.636600 -1.163161 0.000000
vt 2.630376 -1.161410 0.000000
vt 2.649322 -1.165439 0.000000
vt 2.642924 -1.164506 0.000000
vt 2.464698 -1.108965 0.000000
vt 1.108726 -1.337042 0.000000
vt 1.054942 -1.316809 0.000000
vt 1.102092 -1.369013 0.000000
vt 0.983334 -1.330427 0.000000
vt 1.002022 -1.294414 0.000000
vt 0.972509 -1.325343 0.000000
vt 0.963276 -1.317740 0.000000
vt 0.956210 -1.308092 0.000000
vt 0.951748 -1.296995 0.000000
vt 0.950168 -1.285140 0.000000
vt 0.950052 -1.269893 0.000000
vt 0.000000 0.669773 0.000000
vt 0.000000 0.618000 0.000000
vt 0.124869 0.668625 0.000000
vt 0.124869 0.618000 0.000000
vt 0.665858 -0.059954 0.000000
vt 0.666820 -0.052505 0.000000
vt 0.618000 -0.059954 0.000000
vt 0.618000 -0.047963 0.000000
vt 0.667667 -0.045047 0.000000
vt 0.618000 -0.035973 0.000000
vt 0.668387 -0.037565 0.000000
vt 0.668967 -0.030078 0.000000
vt 0.618000 -0.023982 0.000000
vt 0.669401 -0.022568 0.000000
vt 0.669682 -0.015051 0.000000
vt 0.618000 -0.011991 0.000000
vt 0.669806 -0.007527 0.000000
vt 0.618000 0.000000 0.000000
vt 0.669773 0.000000 0.000000
vt 0.212313 0.628079 0.000000
vt 0.163872 0.432394 0.000000
vt 0.386272 0.583453 0.000000
vt 0.291756 0.398934 0.000000
vt 0.386272 0.368738 0.000000
vt 0.000000 0.665858 0.000000
vt 0.015248 0.618000 0.000000
vt 0.015248 0.461070 0.000000
vt 0.000000 0.618000 0.000000
vt 0.258628 0.983432 0.000000
vt 0.200000 0.983430 0.000000
vt 0.258628 0.866294 0.000000
vt 0.200000 0.866294 0.000000
vt 0.200000 0.749159 0.000000
vt 0.258628 1.100565 0.000000
vt 0.200000 1.100565 0.000000
vt 0.258628 0.749118 0.000000
vt 0.200000 0.632023 0.000000
vt 0.258628 0.632023 0.000000
vt 0.669773 -0.059954 0.000000
vt 0.669806 -0.052425 0.000000
vt 0.618000 -0.059954 0.000000
vt 0.618000 -0.047963 0.000000
vt 0.669682 -0.044899 0.000000
vt 0.618000 -0.035973 0.000000
vt 0.669401 -0.037395 0.000000
vt 0.668968 -0.029900 0.000000
vt 0.618000 -0.023982 0.000000
vt 0.668388 -0.022405 0.000000
vt 0.667669 -0.014928 0.000000
vt 0.618000 -0.011991 0.000000
vt 0.666821 -0.007456 0.000000
vt 0.618000 0.000000 0.000000
vt 0.665858 0.000000 0.000000
vt 0.386272 0.618000 0.000000
vt 0.386272 0.665858 0.000000
vt 0.371024 0.618000 0.000000
vt 0.173959 0.628079 0.000000
vt 0.371024 0.461070 0.000000
vt 0.222400 0.432394 0.000000
vt 0.000000 0.583453 0.000000
vt 0.094515 0.398934 0.000000
vt 0.000000 0.368738 0.000000
vt 0.583453 -0.078485 0.000000
vt 0.577167 -0.058579 0.000000
vt 0.368738 -0.078485 0.000000
vt 0.361286 -0.058445 0.000000
vt 0.570120 -0.038889 0.000000
vt 0.352978 -0.038728 0.000000
vt 0.562514 -0.019383 0.000000
vt 0.344063 -0.019287 0.000000
vt 0.554588 -0.000000 0.000000
vt 0.334809 -0.000000 0.000000
vt 0.186390 0.463890 0.000000
vt 0.160037 0.245884 0.000000
vt 0.346181 0.363892 0.000000
vt 0.261464 0.176852 0.000000
vt 0.346181 0.109506 0.000000
vt -0.000000 0.554588 0.000000
vt -0.000000 0.334809 0.000000
vt 0.334809 -0.078485 0.000000
vt 0.554588 -0.078485 0.000000
vt 0.344075 -0.059177 0.000000
vt 0.562502 -0.059127 0.000000
vt 0.352997 -0.039714 0.000000
vt 0.570101 -0.039646 0.000000
vt 0.361300 -0.020006 0.000000
vt 0.577154 -0.019944 0.000000
vt 0.368738 0.000000 0.000000
vt 0.583453 0.000000 0.000000
vt 0.463304 0.574913 0.000000
vt 0.315092 0.510467 0.000000
vt 0.463304 0.358687 0.000000
vt 0.254172 0.245832 0.000000
vt 0.187846 0.440755 0.000000
vt 0.082504 0.371981 0.000000
vt 0.000000 0.310348 0.000000
vt 0.113810 0.145768 0.000000
vt 0.176609 0.193137 0.000000
vt 0.000000 0.039894 0.000000
vt 0.020341 0.060705 0.000000
vt -0.039894 0.000000 0.000000
vt -0.310348 0.000000 0.000000
vt -0.019716 -0.019686 0.000000
vt -0.283883 -0.033148 0.000000
vt -0.000000 -0.039760 0.000000
vt -0.270917 -0.049951 0.000000
vt -0.000000 -0.048903 0.000000
vt -0.000000 -0.058045 0.000000
vt -0.258628 -0.067188 0.000000
vt -0.200000 -0.067188 0.000000
vt -0.000000 -0.067188 0.000000
vt -0.200000 -0.043582 0.000000
vt -0.258628 -0.043582 0.000000
vt 0.000000 -0.052724 0.000000
vt -0.270917 -0.060819 0.000000
vt -0.000000 -0.061867 0.000000
vt -0.000000 -0.071009 0.000000
vt -0.283883 -0.077621 0.000000
vt -0.019716 -0.091083 0.000000
vt -0.310348 -0.110769 0.000000
vt -0.039894 -0.110769 0.000000
vt 0.000000 -0.043582 0.000000
vt 0.380791 0.371986 0.000000
vt 0.349494 0.145768 0.000000
vt 0.463304 0.310348 0.000000
vt 0.442963 0.060705 0.000000
vt 0.463304 0.039894 0.000000
vt 0.275442 0.440763 0.000000
vt 0.209131 0.245832 0.000000
vt 0.286694 0.193137 0.000000
vt 0.148198 0.510473 0.000000
vt 0.000000 0.358687 0.000000
vt 0.000000 0.574913 0.000000
vt -0.358687 0.000000 0.000000
vt -0.574913 0.000000 0.000000
vt -0.367018 -0.019260 0.000000
vt -0.582015 -0.019330 0.000000
vt -0.374814 -0.038733 0.000000
vt -0.588648 -0.038823 0.000000
vt -0.381847 -0.058474 0.000000
vt -0.594626 -0.058547 0.000000
vt -0.387916 -0.078485 0.000000
vt -0.599784 -0.078485 0.000000
vt 0.408953 0.623989 0.000000
vt 0.338390 0.431736 0.000000
vt 0.518990 0.599784 0.000000
vt 0.477701 0.398968 0.000000
vt 0.518990 0.387916 0.000000
vt 0.173781 0.461070 0.000000
vt 0.285255 0.647011 0.000000
vt 0.173781 0.618000 0.000000
vt 0.148677 0.666945 0.000000
vt 0.000000 0.618000 0.000000
vt 0.000000 0.681881 0.000000
vt -0.128282 0.491079 0.000000
vt 0.000000 0.476578 0.000000
vt -0.000000 0.499743 0.000000
vt 0.128354 0.491096 0.000000
vt 0.116257 0.512136 0.000000
vt 0.250264 0.533935 0.000000
vt 0.243068 0.539570 0.000000
vt 0.235389 0.544524 0.000000
vt 0.227289 0.548757 0.000000
vt -0.116257 0.512136 0.000000
vt -0.250264 0.533935 0.000000
vt -0.243068 0.539570 0.000000
vt -0.235389 0.544524 0.000000
vt -0.227289 0.548757 0.000000
vt 0.302532 0.685000 0.000000
vt 0.000000 0.685000 0.000000
vt 0.302532 0.000000 0.000000
vt 0.000000 0.000000 0.000000
vt 0.302532 0.685000 0.000000
vt 0.000000 0.685000 0.000000
vt 0.302532 0.000000 0.000000
vt 0.000000 0.000000 0.000000
vt 0.302532 0.685000 0.000000
vt 0.000000 0.685000 0.000000
vt 0.302532 0.000000 0.000000
vt 0.000000 0.000000 0.000000
vt 0.200000 -0.514043 0.000000
vt -0.000000 -0.514043 0.000000
vt 0.200000 -0.560774 0.000000
vt 0.000000 -0.560774 0.000000
vt 0.200000 0.560774 0.000000
vt 0.000000 0.560774 0.000000
vt 0.200000 0.514043 0.000000
vt 0.000000 0.514043 0.000000
vt 0.200000 0.467312 0.000000
vt 0.000000 0.467312 0.000000
vt 0.200000 0.420581 0.000000
vt 0.000000 0.420581 0.000000
vt 0.200000 0.373850 0.000000
vt 0.000000 0.373850 0.000000
vt 0.200000 0.327118 0.000000
vt 0.000000 0.327118 0.000000
vt 0.200000 0.280387 0.000000
vt 0.000000 0.280387 0.000000
vt 0.200000 0.233656 0.000000
vt 0.000000 0.233656 0.000000
vt 0.200000 0.186925 0.000000
vt 0.000000 0.186925 0.000000
vt 0.200000 0.140194 0.000000
vt 0.000000 0.140194 0.000000
vt 0.200000 0.093462 0.000000
vt 0.000000 0.093462 0.000000
vt 0.200000 0.046731 0.000000
vt 0.000000 0.046731 0.000000
vt 0.200000 0.000000 0.000000
vt 0.000000 0.000000 0.000000
vt 0.200000 -0.046731 0.000000
vt 0.000000 -0.046731 0.000000
vt 0.200000 -0.093462 0.000000
vt 0.000000 -0.093462 0.000000
vt 0.200000 -0.140194 0.000000
vt -0.000000 -0.140194 0.000000
vt 0.200000 -0.186925 0.000000
vt 0.000000 -0.186925 0.000000
vt 0.200000 -0.233656 0.000000
vt 0.000000 -0.233656 0.000000
vt 0.200000 -0.280387 0.000000
vt 0.000000 -0.280387 0.000000
vt 0.200000 -0.327118 0.000000
vt -0.000000 -0.327118 0.000000
vt 0.200000 -0.373850 0.000000
vt -0.000000 -0.373850 0.000000
vt 0.200000 -0.420581 0.000000
vt -0.000000 -0.420581 0.000000
vt 0.200000 -0.467312 0.000000
vt -0.000000 -0.467312 0.000000
vt 0.000000 0.302532 0.000000
vt 0.089250 0.154586 0.000000
vt 0.262000 0.151266 0.000000
vt 0.126219 0.126219 0.000000
vt 0.154586 0.089250 0.000000
vt -0.262000 0.151266 0.000000
vt -0.089250 0.154586 0.000000
vt -0.046199 0.172418 0.000000
vt 0.000000 0.178500 0.000000
vt -0.262000 -0.151266 0.000000
vt -0.178500 -0.000000 0.000000
vt -0.172418 0.046199 0.000000
vt -0.154586 0.089250 0.000000
vt -0.000000 -0.302532 0.000000
vt -0.089250 -0.154586 0.000000
vt -0.126219 -0.126219 0.000000
vt -0.154586 -0.089250 0.000000
vt 0.262000 -0.151266 0.000000
vt 0.089250 -0.154586 0.000000
vt 0.046199 -0.172418 0.000000
vt 0.000000 -0.178500 0.000000
vt 0.178500 0.000000 0.000000
vt 0.172418 -0.046199 0.000000
vt 0.154586 -0.089250 0.000000
vt -0.126219 0.126219 0.000000
vt 0.046199 0.172418 0.000000
vt 0.172418 0.046199 0.000000
vt 0.126219 -0.126219 0.000000
vt -0.046199 -0.172418 0.000000
vt -0.172418 -0.046199 0.000000
vt 0.172418 -0.046199 0.000000
vt 0.548647 -0.056027 0.000000
vt 0.178500 -0.000000 0.000000
vt 0.548129 0.060888 0.000000
vt 0.172418 0.046199 0.000000
vt 0.534854 0.134474 0.000000
vt 0.511748 0.205588 0.000000
vt 0.524508 -0.170423 0.000000
vt 0.154586 -0.089250 0.000000
vt 0.476796 -0.277160 0.000000
vt 0.407656 -0.371441 0.000000
vt 0.126219 -0.126219 0.000000
vt 0.353664 -0.423171 0.000000
vt 0.089250 -0.154586 0.000000
vt 0.293171 -0.467122 0.000000
vt 0.227289 -0.502486 0.000000
vt 0.046199 -0.172418 0.000000
vt 0.116257 -0.539107 0.000000
vt -0.000000 -0.178500 0.000000
vt -0.000000 -0.551500 0.000000
vt -0.116257 -0.539107 0.000000
vt -0.046199 -0.172418 0.000000
vt -0.227289 -0.502486 0.000000
vt -0.089250 -0.154586 0.000000
vt -0.293171 -0.467122 0.000000
vt -0.353664 -0.423171 0.000000
vt -0.126219 -0.126219 0.000000
vt -0.407656 -0.371441 0.000000
vt -0.154586 -0.089250 0.000000
vt -0.476796 -0.277160 0.000000
vt -0.524508 -0.170423 0.000000
vt -0.172418 -0.046199 0.000000
vt -0.548647 -0.056027 0.000000
vt -0.178500 0.000000 0.000000
vt -0.548129 0.060888 0.000000
vt -0.172418 0.046199 0.000000
vt -0.534854 0.134474 0.000000
vt -0.511748 0.205588 0.000000
vt -0.154586 0.089250 0.000000
vt -0.479234 0.272923 0.000000
vt -0.410933 0.367813 0.000000
vt -0.126219 0.126219 0.000000
vt -0.324164 0.446173 0.000000
vt -0.089250 0.154586 0.000000
vt -0.222826 0.504481 0.000000
vt -0.046199 0.172418 0.000000
vt -0.111473 0.540117 0.000000
vt -0.037387 0.550231 0.000000
vt -0.000000 0.178500 0.000000
vt 0.037387 0.550231 0.000000
vt 0.046199 0.172418 0.000000
vt 0.111473 0.540117 0.000000
vt 0.222826 0.504481 0.000000
vt 0.089250 0.154586 0.000000
vt 0.324164 0.446173 0.000000
vt 0.126219 0.126219 0.000000
vt 0.410933 0.367813 0.000000
vt 0.154586 0.089250 0.000000
vt 0.479234 0.272923 0.000000
vt 1.345023 -1.398227 0.000000
vt 1.288566 -1.387518 0.000000
vt 1.335967 -1.410494 0.000000
vt 1.327721 -1.419156 0.000000
vt 1.282517 -1.427637 0.000000
vt 1.317589 -1.425511 0.000000
vt 1.306201 -1.429163 0.000000
vt 1.294263 -1.429887 0.000000
vt 1.163759 -1.389050 0.000000
vt 1.232589 -1.374530 0.000000
vt 1.177184 -1.359285 0.000000
vt 0.163457 0.035991 0.000000
vt 0.166079 0.093395 0.000000
vt 0.131000 0.032421 0.000000
vt 0.131000 0.157290 0.000000
vt 0.136867 0.180286 0.000000
vt 0.132490 0.169156 0.000000
vt 0.171025 0.150645 0.000000
vt 0.153035 0.197660 0.000000
vt 0.143860 0.189988 0.000000
vt 0.178286 0.207648 0.000000
vt 0.163821 0.202826 0.000000
vt 0.131563 0.260224 0.000000
vt 0.021898 0.271255 0.000000
vt 0.110000 0.000000 0.000000
vt 0.000000 0.000000 0.000000
vt 0.021898 -0.271255 0.000000
vt 0.087025 0.535486 0.000000
vt 0.195663 0.513350 0.000000
vt 0.193694 0.785847 0.000000
vt 0.300552 0.752473 0.000000
vt 0.339142 1.015855 0.000000
vt 0.443369 0.971070 0.000000
vt 0.519603 1.219553 0.000000
vt 0.620218 1.163180 0.000000
vt 0.730403 1.391666 0.000000
vt 0.826275 1.323560 0.000000
vt 0.966081 1.527735 0.000000
vt 1.055920 1.447838 0.000000
vt 1.220534 1.624236 0.000000
vt 1.302887 1.532622 0.000000
vt 1.487172 1.678671 0.000000
vt 1.560442 1.575600 0.000000
vt 1.759090 1.689629 0.000000
vt 1.821558 1.575600 0.000000
vt 2.029243 1.656826 0.000000
vt 2.079113 1.532622 0.000000
vt 2.290637 1.581112 0.000000
vt 2.326080 1.447838 0.000000
vt 2.536500 1.464449 0.000000
vt 2.555725 1.323560 0.000000
vt 2.760465 1.309857 0.000000
vt 2.761782 1.163180 0.000000
vt 2.956732 1.121340 0.000000
vt 2.938631 0.971070 0.000000
vt 3.120216 0.903782 0.000000
vt 3.081448 0.752473 0.000000
vt 3.246685 0.662816 0.000000
vt 3.186337 0.513350 0.000000
vt 3.332863 0.404683 0.000000
vt 3.250437 0.260224 0.000000
vt 3.376517 0.136069 0.000000
vt 3.272000 0.000000 0.000000
vt 3.376517 -0.136069 0.000000
vt 3.250437 -0.260224 0.000000
vt 3.332863 -0.404683 0.000000
vt 3.186337 -0.513350 0.000000
vt 3.246685 -0.662816 0.000000
vt 3.081448 -0.752473 0.000000
vt 3.120216 -0.903782 0.000000
vt 2.938631 -0.971070 0.000000
vt 2.956732 -1.121340 0.000000
vt 2.761782 -1.163180 0.000000
vt 2.760465 -1.309857 0.000000
vt 2.555725 -1.323560 0.000000
vt 2.536500 -1.464449 0.000000
vt 2.326080 -1.447838 0.000000
vt 2.290637 -1.581112 0.000000
vt 2.079113 -1.532622 0.000000
vt 2.029243 -1.656826 0.000000
vt 1.821558 -1.575600 0.000000
vt 1.759090 -1.689629 0.000000
vt 1.560442 -1.575600 0.000000
vt 1.487172 -1.678671 0.000000
vt 1.302887 -1.532622 0.000000
vt 1.220534 -1.624236 0.000000
vt 1.055920 -1.447838 0.000000
vt 0.966081 -1.527735 0.000000
vt 0.826275 -1.323560 0.000000
vt 0.730403 -1.391666 0.000000
vt 0.620218 -1.163180 0.000000
vt 0.519603 -1.219553 0.000000
vt 0.443369 -0.971070 0.000000
vt 0.339142 -1.015855 0.000000
vt 0.300552 -0.752473 0.000000
vt 0.193694 -0.785847 0.000000
vt 0.195663 -0.513350 0.000000
vt 0.087025 -0.535486 0.000000
vt 0.131563 -0.260224 0.000000
vt 0.079000 0.272432 0.000000
vt -0.079000 0.000000 0.000000
vt 0.079000 0.000000 0.000000
vt -0.079000 -0.272432 0.000000
vt 0.079000 -0.272432 0.000000
vt -0.079000 -0.544865 0.000000
vt 0.079000 -0.544865 0.000000
vt -0.079000 -0.817297 0.000000
vt 0.079000 -0.817297 0.000000
vt -0.079000 -1.089730 0.000000
vt 0.079000 -1.089730 0.000000
vt -0.079000 -1.362162 0.000000
vt 0.079000 -1.362162 0.000000
vt -0.079000 -1.634595 0.000000
vt 0.079000 -1.634595 0.000000
vt -0.079000 -1.907027 0.000000
vt 0.079000 -1.907027 0.000000
vt -0.079000 -2.179460 0.000000
vt 0.079000 -2.179460 0.000000
vt -0.079000 -2.451892 0.000000
vt 0.079000 -2.451892 0.000000
vt -0.079000 -2.724325 0.000000
vt 0.079000 -2.724325 0.000000
vt -0.079000 -2.996757 0.000000
vt 0.079000 -2.996757 0.000000
vt -0.079000 -3.269190 0.000000
vt 0.079000 -3.269190 0.000000
vt -0.079000 -3.541622 0.000000
vt 0.079000 -3.541622 0.000000
vt -0.079000 -3.814055 0.000000
vt 0.079000 -3.814055 0.000000
vt -0.079000 -4.086487 0.000000
vt 0.079000 -4.086487 0.000000
vt -0.079000 -4.358920 0.000000
vt 0.079000 -4.358920 0.000000
vt -0.079000 -4.631352 0.000000
vt 0.079000 -4.631352 0.000000
vt -0.079000 -4.903784 0.000000
vt 0.079000 -4.903784 0.000000
vt -0.079000 -5.176217 0.000000
vt 0.079000 -5.176217 0.000000
vt 0.079000 5.448649 0.000000
vt -0.079000 5.448649 0.000000
vt -0.079000 5.176217 0.000000
vt 0.079000 5.176217 0.000000
vt -0.079000 4.903784 0.000000
vt 0.079000 4.903784 0.000000
vt -0.079000 4.631352 0.000000
vt 0.079000 4.631352 0.000000
vt -0.079000 4.358920 0.000000
vt 0.079000 4.358920 0.000000
vt -0.079000 4.086487 0.000000
vt 0.079000 4.086487 0.000000
vt -0.079000 3.814055 0.000000
vt 0.079000 3.814055 0.000000
vt -0.079000 3.541622 0.000000
vt 0.079000 3.541622 0.000000
vt -0.079000 3.269190 0.000000
vt 0.079000 3.269190 0.000000
vt -0.079000 2.996757 0.000000
vt 0.079000 2.996757 0.000000
vt -0.079000 2.724325 0.000000
vt 0.079000 2.724325 0.000000
vt -0.079000 2.451892 0.000000
vt 0.079000 2.451892 0.000000
vt -0.079000 2.179460 0.000000
vt 0.079000 2.179460 0.000000
vt -0.079000 1.907027 0.000000
vt 0.079000 1.907027 0.000000
vt -0.079000 1.634595 0.000000
vt 0.079000 1.634595 0.000000
vt -0.079000 1.362162 0.000000
vt 0.079000 1.362162 0.000000
vt -0.079000 1.089730 0.000000
vt 0.079000 1.089730 0.000000
vt -0.079000 0.817297 0.000000
vt 0.079000 0.817297 0.000000
vt -0.079000 0.544865 0.000000
vt 0.079000 0.544865 0.000000
vt -0.079000 0.272432 0.000000
vt 3.231288 -0.885013 0.000000
vt 3.649860 -0.833057 0.000000
vt 3.359072 -0.657111 0.000000
vt 3.754700 -0.565930 0.000000
vt 3.447602 -0.411286 0.000000
vt 3.818555 -0.286161 0.000000
vt 3.494463 -0.154241 0.000000
vt 3.840000 0.000000 0.000000
vt 3.498377 0.107010 0.000000
vt 3.818555 0.286161 0.000000
vt 3.459236 0.365343 0.000000
vt 3.754700 0.565930 0.000000
vt 3.378110 0.613710 0.000000
vt 3.649860 0.833057 0.000000
vt 3.257209 0.845337 0.000000
vt 3.506378 1.081575 0.000000
vt 3.099834 1.053905 0.000000
vt 3.327460 1.305932 0.000000
vt 2.910275 1.233726 0.000000
vt 3.117100 1.501116 0.000000
vt 2.880000 1.662769 0.000000
vt 3.067736 -1.088773 0.000000
vt 3.327460 -1.305932 0.000000
vt 3.506378 -1.081575 0.000000
vt 3.117100 -1.501116 0.000000
vt 2.872876 -1.262835 0.000000
vt 2.880000 -1.662769 0.000000
vt 2.652024 -1.402450 0.000000
vt 2.621455 -1.787278 0.000000
vt 2.411205 -1.503809 0.000000
vt 2.347240 -1.871862 0.000000
vt 2.156986 -1.564149 0.000000
vt 2.063482 -1.914631 0.000000
vt 1.896304 -1.581823 0.000000
vt 1.776518 -1.914631 0.000000
vt 1.636267 -1.556348 0.000000
vt 1.492760 -1.871862 0.000000
vt 1.383971 -1.488421 0.000000
vt 1.218545 -1.787278 0.000000
vt 1.146295 -1.379893 0.000000
vt 0.960000 -1.662769 0.000000
vt 0.929725 -1.233726 0.000000
vt 0.722900 -1.501116 0.000000
vt 0.512540 -1.305932 0.000000
vt 0.740166 -1.053905 0.000000
vt 0.333622 -1.081575 0.000000
vt 0.582791 -0.845337 0.000000
vt 0.190140 -0.833057 0.000000
vt 0.461890 -0.613710 0.000000
vt 0.085300 -0.565930 0.000000
vt 0.380764 -0.365343 0.000000
vt 0.021445 -0.286161 0.000000
vt 0.341623 -0.107010 0.000000
vt 0.000000 0.000000 0.000000
vt 0.345537 0.154241 0.000000
vt 0.021445 0.286161 0.000000
vt 0.392398 0.411286 0.000000
vt 0.085300 0.565930 0.000000
vt 0.480928 0.657111 0.000000
vt 0.190140 0.833057 0.000000
vt 0.608712 0.885013 0.000000
vt 0.333622 1.081575 0.000000
vt 0.512540 1.305932 0.000000
vt 0.772264 1.088773 0.000000
vt 0.722900 1.501116 0.000000
vt 0.967124 1.262835 0.000000
vt 0.960000 1.662769 0.000000
vt 1.187976 1.402450 0.000000
vt 1.218545 1.787278 0.000000
vt 1.428795 1.503809 0.000000
vt 1.492760 1.871862 0.000000
vt 1.683014 1.564149 0.000000
vt 1.776518 1.914631 0.000000
vt 1.943696 1.581823 0.000000
vt 2.063482 1.914631 0.000000
vt 2.203733 1.556348 0.000000
vt 2.347240 1.871862 0.000000
vt 2.456029 1.488421 0.000000
vt 2.621455 1.787278 0.000000
vt 2.693705 1.379893 0.000000
vt 0.446500 0.287231 0.000000
vt -0.446500 0.000000 0.000000
vt 0.446500 0.000000 0.000000
vt -0.446500 -0.287231 0.000000
vt 0.446500 -0.287231 0.000000
vt -0.446500 -0.574463 0.000000
vt 0.446500 -0.574463 0.000000
vt -0.446500 -0.861694 0.000000
vt 0.446500 -0.861694 0.000000
vt -0.446500 -1.148925 0.000000
vt 0.446500 -1.148925 0.000000
vt -0.446500 -1.436157 0.000000
vt 0.446500 -1.436157 0.000000
vt -0.446500 -1.723388 0.000000
vt 0.446500 -1.723388 0.000000
vt -0.446500 -2.010619 0.000000
vt 0.446500 -2.010619 0.000000
vt -0.446500 -2.297851 0.000000
vt 0.446500 -2.297851 0.000000
vt -0.446500 -2.585082 0.000000
vt 0.446500 -2.585082 0.000000
vt -0.446500 -2.872313 0.000000
vt 0.446500 -2.872313 0.000000
vt -0.446500 -3.159545 0.000000
vt 0.446500 -3.159545 0.000000
vt -0.446500 -3.446776 0.000000
vt 0.446500 -3.446776 0.000000
vt -0.446500 -3.734007 0.000000
vt 0.446500 -3.734007 0.000000
vt -0.446500 -4.021239 0.000000
vt 0.446500 -4.021239 0.000000
vt -0.446500 -4.308470 0.000000
vt 0.446500 -4.308470 0.000000
vt -0.446500 -4.595701 0.000000
vt 0.446500 -4.595701 0.000000
vt -0.446500 -4.882933 0.000000
vt 0.446500 -4.882933 0.000000
vt -0.446500 -5.170164 0.000000
vt 0.446500 -5.170164 0.000000
vt -0.446500 -5.457395 0.000000
vt 0.446500 -5.457395 0.000000
vt -0.446500 -5.744627 0.000000
vt 0.446500 -5.744627 0.000000
vt 0.446500 -6.031858 0.000000
vt -0.446500 -6.031858 0.000000
vt 0.446500 6.031858 0.000000
vt -0.446500 6.031858 0.000000
vt 0.446500 5.744627 0.000000
vt -0.446500 5.744627 0.000000
vt -0.446500 5.457395 0.000000
vt -0.446500 0.287231 0.000000
vt 0.446500 0.574463 0.000000
vt -0.446500 0.574463 0.000000
vt 0.446500 0.861694 0.000000
vt -0.446500 0.861694 0.000000
vt 0.446500 1.148925 0.000000
vt -0.446500 1.148925 0.000000
vt 0.446500 1.436157 0.000000
vt -0.446500 1.436157 0.000000
vt 0.446500 1.723388 0.000000
vt -0.446500 1.723388 0.000000
vt 0.446500 2.010619 0.000000
vt -0.446500 2.010619 0.000000
vt 0.446500 2.297851 0.000000
vt -0.446500 2.297851 0.000000
vt 0.446500 2.585082 0.000000
vt -0.446500 2.585082 0.000000
vt 0.446500 2.872313 0.000000
vt -0.446500 2.872313 0.000000
vt 0.446500 3.159545 0.000000
vt -0.446500 3.159545 0.000000
vt 0.446500 3.446776 0.000000
vt -0.446500 3.446776 0.000000
vt 0.446500 3.734007 0.000000
vt -0.446500 3.734007 0.000000
vt 0.446500 4.021239 0.000000
vt -0.446500 4.021239 0.000000
vt 0.446500 4.308470 0.000000
vt -0.446500 4.308470 0.000000
vt 0.446500 4.595701 0.000000
vt -0.446500 4.595701 0.000000
vt 0.446500 4.882933 0.000000
vt -0.446500 4.882933 0.000000
vt 0.446500 5.170164 0.000000
vt -0.446500 5.170164 0.000000
vt 0.446500 5.457395 0.000000
vt 0.316555 -0.286161 0.000000
vt 0.338000 0.000000 0.000000
vt 0.000000 0.000000 0.000000
vt 0.316555 0.286161 0.000000
vt -0.021576 0.260389 0.000000
vt 0.252700 0.565930 0.000000
vt -0.085717 0.513675 0.000000
vt 0.147860 0.833057 0.000000
vt -0.190673 0.752949 0.000000
vt 0.004378 1.081575 0.000000
vt -0.333580 0.971685 0.000000
vt -0.174540 1.305932 0.000000
vt -0.510541 1.163915 0.000000
vt -0.384900 1.501116 0.000000
vt -0.716728 1.324397 0.000000
vt -0.622000 1.662769 0.000000
vt -0.946518 1.448753 0.000000
vt -0.880545 1.787278 0.000000
vt -1.193642 1.533591 0.000000
vt -1.154760 1.871862 0.000000
vt -1.451359 1.576597 0.000000
vt -1.438518 1.914631 0.000000
vt -1.725482 1.914631 0.000000
vt -1.712641 1.576597 0.000000
vt -2.009240 1.871862 0.000000
vt -1.970358 1.533591 0.000000
vt -2.283455 1.787278 0.000000
vt -2.217482 1.448753 0.000000
vt -2.542000 1.662769 0.000000
vt -2.447272 1.324397 0.000000
vt -2.779100 1.501116 0.000000
vt -2.653459 1.163915 0.000000
vt -2.989460 1.305932 0.000000
vt -2.830420 0.971685 0.000000
vt -3.168378 1.081575 0.000000
vt -2.973327 0.752949 0.000000
vt -3.311860 0.833057 0.000000
vt -3.078283 0.513675 0.000000
vt -3.416700 0.565930 0.000000
vt -3.142424 0.260389 0.000000
vt -3.480555 0.286161 0.000000
vt -3.164000 0.000000 0.000000
vt -3.502000 0.000000 0.000000
vt -3.480555 -0.286161 0.000000
vt -3.142424 -0.260389 0.000000
vt -3.416700 -0.565930 0.000000
vt -3.078283 -0.513675 0.000000
vt -3.311860 -0.833057 0.000000
vt -2.973327 -0.752949 0.000000
vt -3.168378 -1.081575 0.000000
vt -2.830420 -0.971685 0.000000
vt -2.989460 -1.305932 0.000000
vt -2.653459 -1.163915 0.000000
vt -2.779100 -1.501116 0.000000
vt -2.447272 -1.324397 0.000000
vt -2.542000 -1.662769 0.000000
vt -2.217482 -1.448753 0.000000
vt -2.283455 -1.787278 0.000000
vt -1.970358 -1.533591 0.000000
vt -2.009240 -1.871862 0.000000
vt -1.712641 -1.576597 0.000000
vt -1.725482 -1.914631 0.000000
vt -1.438518 -1.914631 0.000000
vt -1.451359 -1.576597 0.000000
vt -1.154760 -1.871862 0.000000
vt -1.193642 -1.533591 0.000000
vt -0.880545 -1.787278 0.000000
vt -0.946518 -1.448753 0.000000
vt -0.622000 -1.662769 0.000000
vt -0.716728 -1.324397 0.000000
vt -0.384900 -1.501116 0.000000
vt -0.510541 -1.163915 0.000000
vt -0.174540 -1.305932 0.000000
vt -0.333580 -0.971685 0.000000
vt 0.004378 -1.081575 0.000000
vt -0.190673 -0.752949 0.000000
vt 0.147860 -0.833057 0.000000
vt -0.085717 -0.513675 0.000000
vt 0.252700 -0.565930 0.000000
vt -0.021576 -0.260389 0.000000
vt 0.054500 0.261579 0.000000
vt -0.054500 0.261579 0.000000
vt 0.054500 0.000000 0.000000
vt -0.054500 0.000000 0.000000
vt 0.054500 -0.261579 0.000000
vt -0.054500 -0.261579 0.000000
vt 0.054500 -0.523158 0.000000
vt -0.054500 -0.523158 0.000000
vt 0.054500 -0.784737 0.000000
vt -0.054500 -0.784737 0.000000
vt 0.054500 -1.046316 0.000000
vt -0.054500 -1.046316 0.000000
vt 0.054500 -1.307895 0.000000
vt -0.054500 -1.307895 0.000000
vt 0.054500 -1.569474 0.000000
vt -0.054500 -1.569474 0.000000
vt 0.054500 -1.831052 0.000000
vt -0.054500 -1.831052 0.000000
vt 0.054500 -2.092631 0.000000
vt -0.054500 -2.092631 0.000000
vt 0.054500 -2.354210 0.000000
vt -0.054500 -2.354210 0.000000
vt 0.054500 -2.615789 0.000000
vt -0.054500 -2.615789 0.000000
vt 0.054500 -2.877368 0.000000
vt -0.054500 -2.877368 0.000000
vt 0.054500 -3.138947 0.000000
vt -0.054500 -3.138947 0.000000
vt 0.054500 -3.400526 0.000000
vt -0.054500 -3.400526 0.000000
vt 0.054500 -3.662105 0.000000
vt -0.054500 -3.662105 0.000000
vt 0.054500 -3.923684 0.000000
vt -0.054500 -3.923684 0.000000
vt 0.054500 -4.185263 0.000000
vt -0.054500 -4.185263 0.000000
vt 0.054500 -4.446842 0.000000
vt -0.054500 -4.446842 0.000000
vt 0.054500 -4.708421 0.000000
vt -0.054500 -4.708421 0.000000
vt 0.054500 -4.970000 0.000000
vt -0.054500 -4.970000 0.000000
vt 0.054500 4.970000 0.000000
vt -0.054500 4.970000 0.000000
vt 0.054500 4.708421 0.000000
vt -0.054500 4.708421 0.000000
vt 0.054500 4.446842 0.000000
vt -0.054500 4.446842 0.000000
vt 0.054500 4.185263 0.000000
vt -0.054500 4.185263 0.000000
vt 0.054500 3.923684 0.000000
vt -0.054500 3.923684 0.000000
vt 0.054500 3.662105 0.000000
vt -0.054500 3.662105 0.000000
vt 0.054500 3.400526 0.000000
vt -0.054500 3.400526 0.000000
vt 0.054500 3.138947 0.000000
vt -0.054500 3.138947 0.000000
vt 0.054500 2.877368 0.000000
vt -0.054500 2.877368 0.000000
vt 0.054500 2.615789 0.000000
vt -0.054500 2.615789 0.000000
vt 0.054500 2.354210 0.000000
vt -0.054500 2.354210 0.000000
vt 0.054500 2.092631 0.000000
vt -0.054500 2.092631 0.000000
vt 0.054500 1.831052 0.000000
vt -0.054500 1.831052 0.000000
vt 0.054500 1.569474 0.000000
vt -0.054500 1.569474 0.000000
vt 0.054500 1.307895 0.000000
vt -0.054500 1.307895 0.000000
vt 0.054500 1.046316 0.000000
vt -0.054500 1.046316 0.000000
vt 0.054500 0.784737 0.000000
vt -0.054500 0.784737 0.000000
vt 0.054500 0.523158 0.000000
vt -0.054500 0.523158 0.000000
vt 0.130576 0.260389 0.000000
vt 0.021898 0.271255 0.000000
vt 0.109000 0.000000 0.000000
vt 0.000000 0.000000 0.000000
vt 0.021898 -0.271255 0.000000
vt 0.087025 0.535486 0.000000
vt 0.194717 0.513675 0.000000
vt 0.193694 0.785847 0.000000
vt 0.299673 0.752949 0.000000
vt 0.339142 1.015855 0.000000
vt 0.442580 0.971685 0.000000
vt 0.519603 1.219553 0.000000
vt 0.619541 1.163915 0.000000
vt 0.730403 1.391666 0.000000
vt 0.825728 1.324397 0.000000
vt 0.966081 1.527735 0.000000
vt 1.055518 1.448753 0.000000
vt 1.220534 1.624236 0.000000
vt 1.302642 1.533591 0.000000
vt 1.487172 1.678671 0.000000
vt 1.560359 1.576597 0.000000
vt 1.759090 1.689629 0.000000
vt 1.821641 1.576597 0.000000
vt 2.029243 1.656826 0.000000
vt 2.079358 1.533591 0.000000
vt 2.290637 1.581112 0.000000
vt 2.326482 1.448753 0.000000
vt 2.536500 1.464449 0.000000
vt 2.556272 1.324397 0.000000
vt 2.760465 1.309857 0.000000
vt 2.762459 1.163915 0.000000
vt 2.956732 1.121340 0.000000
vt 2.939420 0.971685 0.000000
vt 3.120216 0.903782 0.000000
vt 3.082327 0.752949 0.000000
vt 3.246685 0.662816 0.000000
vt 3.187283 0.513675 0.000000
vt 3.332863 0.404683 0.000000
vt 3.251424 0.260389 0.000000
vt 3.376517 0.136069 0.000000
vt 3.273000 0.000000 0.000000
vt 3.376517 -0.136069 0.000000
vt 3.251424 -0.260389 0.000000
vt 3.332863 -0.404683 0.000000
vt 3.187283 -0.513675 0.000000
vt 3.246685 -0.662816 0.000000
vt 3.082327 -0.752949 0.000000
vt 3.120216 -0.903782 0.000000
vt 2.939420 -0.971685 0.000000
vt 2.956732 -1.121340 0.000000
vt 2.762459 -1.163915 0.000000
vt 2.760465 -1.309857 0.000000
vt 2.556272 -1.324397 0.000000
vt 2.536500 -1.464449 0.000000
vt 2.326482 -1.448753 0.000000
vt 2.290637 -1.581112 0.000000
vt 2.079358 -1.533591 0.000000
vt 2.029243 -1.656826 0.000000
vt 1.821641 -1.576597 0.000000
vt 1.759090 -1.689629 0.000000
vt 1.560359 -1.576597 0.000000
vt 1.487172 -1.678671 0.000000
vt 1.302642 -1.533591 0.000000
vt 1.220534 -1.624236 0.000000
vt 1.055518 -1.448753 0.000000
vt 0.966081 -1.527735 0.000000
vt 0.825728 -1.324397 0.000000
vt 0.730403 -1.391666 0.000000
vt 0.619541 -1.163915 0.000000
vt 0.519603 -1.219553 0.000000
vt 0.442580 -0.971685 0.000000
vt 0.339142 -1.015855 0.000000
vt 0.299673 -0.752949 0.000000
vt 0.193694 -0.785847 0.000000
vt 0.194717 -0.513675 0.000000
vt 0.087025 -0.535486 0.000000
vt 0.130576 -0.260389 0.000000
vt 0.079000 0.272432 0.000000
vt -0.079000 0.000000 0.000000
vt 0.079000 0.000000 0.000000
vt -0.079000 -0.272432 0.000000
vt 0.079000 -0.272432 0.000000
vt -0.079000 -0.544865 0.000000
vt 0.079000 -0.544865 0.000000
vt -0.079000 -0.817297 0.000000
vt 0.079000 -0.817297 0.000000
vt -0.079000 -1.089730 0.000000
vt 0.079000 -1.089730 0.000000
vt -0.079000 -1.362162 0.000000
vt 0.079000 -1.362162 0.000000
vt -0.079000 -1.634595 0.000000
vt 0.079000 -1.634595 0.000000
vt -0.079000 -1.907027 0.000000
vt 0.079000 -1.907027 0.000000
vt -0.079000 -2.179460 0.000000
vt 0.079000 -2.179460 0.000000
vt -0.079000 -2.451892 0.000000
vt 0.079000 -2.451892 0.000000
vt -0.079000 -2.724325 0.000000
vt 0.079000 -2.724325 0.000000
vt -0.079000 -2.996757 0.000000
vt 0.079000 -2.996757 0.000000
vt -0.079000 -3.269190 0.000000
vt 0.079000 -3.269190 0.000000
vt -0.079000 -3.541622 0.000000
vt 0.079000 -3.541622 0.000000
vt -0.079000 -3.814055 0.000000
vt 0.079000 -3.814055 0.000000
vt -0.079000 -4.086487 0.000000
vt 0.079000 -4.086487 0.000000
vt -0.079000 -4.358920 0.000000
vt 0.079000 -4.358920 0.000000
vt -0.079000 -4.631352 0.000000
vt 0.079000 -4.631352 0.000000
vt -0.079000 -4.903784 0.000000
vt 0.079000 -4.903784 0.000000
vt -0.079000 -5.176217 0.000000
vt 0.079000 -5.176217 0.000000
vt 0.079000 5.448649 0.000000
vt -0.079000 5.448649 0.000000
vt -0.079000 5.176217 0.000000
vt 0.079000 5.176217 0.000000
vt -0.079000 4.903784 0.000000
vt 0.079000 4.903784 0.000000
vt -0.079000 4.631352 0.000000
vt 0.079000 4.631352 0.000000
vt -0.079000 4.358920 0.000000
vt 0.079000 4.358920 0.000000
vt -0.079000 4.086487 0.000000
vt 0.079000 4.086487 0.000000
vt -0.079000 3.814055 0.000000
vt 0.079000 3.814055 0.000000
vt -0.079000 3.541622 0.000000
vt 0.079000 3.541622 0.000000
vt -0.079000 3.269190 0.000000
vt 0.079000 3.269190 0.000000
vt -0.079000 2.996757 0.000000
vt 0.079000 2.996757 0.000000
vt -0.079000 2.724325 0.000000
vt 0.079000 2.724325 0.000000
vt -0.079000 2.451892 0.000000
vt 0.079000 2.451892 0.000000
vt -0.079000 2.179460 0.000000
vt 0.079000 2.179460 0.000000
vt -0.079000 1.907027 0.000000
vt 0.079000 1.907027 0.000000
vt -0.079000 1.634595 0.000000
vt 0.079000 1.634595 0.000000
vt -0.079000 1.362162 0.000000
vt 0.079000 1.362162 0.000000
vt -0.079000 1.089730 0.000000
vt 0.079000 1.089730 0.000000
vt -0.079000 0.817297 0.000000
vt 0.079000 0.817297 0.000000
vt -0.079000 0.544865 0.000000
vt 0.079000 0.544865 0.000000
vt -0.079000 0.272432 0.000000
vt 0.251102 -0.271255 0.000000
vt 0.273000 0.000000 0.000000
vt 0.000000 0.000000 0.000000
vt 0.251102 0.271255 0.000000
vt -0.021543 0.246233 0.000000
vt 0.185975 0.535486 0.000000
vt -0.085516 0.484985 0.000000
vt 0.079306 0.785847 0.000000
vt -0.189976 0.709000 0.000000
vt -0.066142 1.015855 0.000000
vt -0.331749 0.911473 0.000000
vt -0.246603 1.219553 0.000000
vt -0.506527 1.086251 0.000000
vt -0.457403 1.391666 0.000000
vt -0.709000 1.228024 0.000000
vt -0.693081 1.527735 0.000000
vt -0.933015 1.332484 0.000000
vt -0.947534 1.624236 0.000000
vt -1.171767 1.396457 0.000000
vt -1.214172 1.678671 0.000000
vt -1.418000 1.418000 0.000000
vt -1.486090 1.689629 0.000000
vt -1.664233 1.396457 0.000000
vt -1.756243 1.656826 0.000000
vt -1.902985 1.332484 0.000000
vt -2.017637 1.581112 0.000000
vt -2.127000 1.228024 0.000000
vt -2.263500 1.464449 0.000000
vt -2.487465 1.309857 0.000000
vt -2.329473 1.086251 0.000000
vt -2.683732 1.121340 0.000000
vt -2.504251 0.911473 0.000000
vt -2.847216 0.903782 0.000000
vt -2.646024 0.709000 0.000000
vt -2.973685 0.662816 0.000000
vt -2.750484 0.484985 0.000000
vt -3.059863 0.404683 0.000000
vt -2.814457 0.246233 0.000000
vt -3.103517 0.136069 0.000000
vt -2.836000 0.000000 0.000000
vt -3.103517 -0.136069 0.000000
vt -2.814457 -0.246233 0.000000
vt -3.059863 -0.404683 0.000000
vt -2.750484 -0.484985 0.000000
vt -2.973685 -0.662816 0.000000
vt -2.646024 -0.709000 0.000000
vt -2.847216 -0.903782 0.000000
vt -2.504251 -0.911473 0.000000
vt -2.683732 -1.121340 0.000000
vt -2.329473 -1.086251 0.000000
vt -2.487465 -1.309857 0.000000
vt -2.127000 -1.228024 0.000000
vt -2.263500 -1.464449 0.000000
vt -2.017637 -1.581112 0.000000
vt -1.902985 -1.332484 0.000000
vt -1.756243 -1.656826 0.000000
vt -1.664233 -1.396457 0.000000
vt -1.486090 -1.689629 0.000000
vt -1.418000 -1.418000 0.000000
vt -1.214172 -1.678671 0.000000
vt -1.171767 -1.396457 0.000000
vt -0.947534 -1.624236 0.000000
vt -0.933015 -1.332484 0.000000
vt -0.693081 -1.527735 0.000000
vt -0.709000 -1.228024 0.000000
vt -0.457403 -1.391666 0.000000
vt -0.506527 -1.086251 0.000000
vt -0.246603 -1.219553 0.000000
vt -0.331749 -0.911473 0.000000
vt -0.066142 -1.015855 0.000000
vt -0.189976 -0.709000 0.000000
vt 0.079306 -0.785847 0.000000
vt -0.085516 -0.484985 0.000000
vt 0.185975 -0.535486 0.000000
vt -0.021543 -0.246233 0.000000
vt 0.178286 -0.207648 0.000000
vt 0.171025 -0.150645 0.000000
vt 0.163821 -0.202826 0.000000
vt 0.153035 -0.197660 0.000000
vt 0.166079 -0.093395 0.000000
vt 0.143860 -0.189988 0.000000
vt 0.136867 -0.180286 0.000000
vt 0.131000 -0.157290 0.000000
vt 0.132490 -0.169156 0.000000
vt 0.163457 -0.035991 0.000000
vt 0.131000 -0.032421 0.000000
vn 0.000000 1.000000 0.000000
vn -0.000000 1.000000 -0.000000
vn 0.097545 0.980785 0.168953
vn 0.129410 0.965926 0.224144
vn 0.191342 0.923880 0.331414
vn 0.250000 0.866025 0.433013
vn 0.277785 0.831470 0.481138
vn 0.353553 0.707107 0.612372
vn 0.353553 0.707107 0.612372
vn 0.415735 0.555570 0.720074
vn 0.433013 0.500000 0.750000
vn 0.461940 0.382683 0.800103
vn 0.482963 0.258819 0.836516
vn 0.490393 0.195090 0.849385
vn 0.500000 0.000000 0.866025
vn 0.490393 0.195090 0.849385
vn 0.500000 -0.000000 0.866025
vn 0.097545 0.980785 0.168953
vn 0.191342 0.923880 0.331414
vn 0.277785 0.831470 0.481138
vn 0.353553 0.707107 0.612372
vn 0.415735 0.555570 0.720074
vn 0.461940 0.382683 0.800103
vn -0.000000 1.000000 -0.000000
vn 0.195090 0.980785 0.000000
vn 0.258819 0.965926 0.000000
vn 0.382683 0.923880 0.000000
vn 0.500000 0.866025 0.000000
vn 0.555570 0.831470 0.000000
vn 0.707107 0.707107 0.000000
vn 0.707107 0.707107 0.000000
vn 0.831470 0.555570 0.000000
vn 0.866025 0.500000 0.000000
vn 0.923880 0.382683 0.000000
vn 0.965926 0.258819 0.000000
vn 0.980785 0.195090 0.000000
vn 1.000000 -0.000000 0.000000
vn 0.980785 0.195090 0.000000
vn 1.000000 0.000000 0.000000
vn 0.195090 0.980785 0.000000
vn 0.382683 0.923880 0.000000
vn 0.555570 0.831470 0.000000
vn 0.707107 0.707107 0.000000
vn 0.831470 0.555570 0.000000
vn 0.923880 0.382683 0.000000
vn -0.000000 1.000000 0.000000
vn 0.097545 0.980785 -0.168953
vn 0.129410 0.965926 -0.224144
vn 0.191342 0.923880 -0.331414
vn 0.250000 0.866025 -0.433013
vn 0.277785 0.831470 -0.481138
vn 0.353553 0.707107 -0.612372
vn 0.353553 0.707107 -0.612372
vn 0.415735 0.555570 -0.720074
vn 0.433013 0.500000 -0.750000
vn 0.461940 0.382683 -0.800103
vn 0.482963 0.258819 -0.836516
vn 0.490393 0.195090 -0.849385
vn 0.500000 0.000000 -0.866025
vn 0.490393 0.195090 -0.849385
vn 0.500000 -0.000000 -0.866025
vn 0.097545 0.980785 -0.168953
vn 0.191342 0.923880 -0.331414
vn 0.277785 0.831470 -0.481138
vn 0.353553 0.707107 -0.612372
vn 0.415735 0.555570 -0.720074
vn 0.461940 0.382683 -0.800103
vn -0.000000 1.000000 -0.000000
vn -0.097545 0.980785 -0.168953
vn -0.129410 0.965926 -0.224144
vn -0.191342 0.923880 -0.331414
vn -0.250000 0.866025 -0.433013
vn -0.277785 0.831470 -0.481138
vn -0.353553 0.707107 -0.612372
vn -0.353553 0.707107 -0.612372
vn -0.415735 0.555570 -0.720074
vn -0.433013 0.500000 -0.750000
vn -0.461940 0.382683 -0.800103
vn -0.482963 0.258819 -0.836516
vn -0.490393 0.195090 -0.849385
vn -0.500000 0.000000 -0.866025
vn -0.490393 0.195090 -0.849385
vn -0.500000 0.000000 -0.866025
vn -0.097545 0.980785 -0.168953
vn -0.191342 0.923880 -0.331414
vn -0.277785 0.831470 -0.481138
vn -0.353553 0.707107 -0.612372
vn -0.415735 0.555570 -0.720074
vn -0.461940 0.382683 -0.800103
vn -1.000000 -0.000000 -0.000000
vn -1.000000 -0.000000 -0.000000
vn -0.980785 0.195090 -0.000000
vn -0.965926 0.258819 -0.000000
vn -0.923880 0.382683 -0.000000
vn -0.866025 0.500000 -0.000000
vn -0.831470 0.555570 -0.000000
vn -0.707107 0.707107 -0.000000
vn -0.707107 0.707107 -0.000000
vn -0.555570 0.831470 -0.000000
vn -0.500000 0.866025 -0.000000
vn -0.382683 0.923880 -0.000000
vn -0.258819 0.965926 -0.000000
vn -0.195090 0.980785 -0.000000
vn 0.000000 1.000000 0.000000
vn -0.195090 0.980785 -0.000000
vn -0.980785 0.195090 -0.000000
vn -0.923880 0.382683 -0.000000
vn -0.831470 0.555570 -0.000000
vn -0.707107 0.707107 -0.000000
vn -0.555570 0.831470 -0.000000
vn -0.382683 0.923880 -0.000000
vn -0.500000 0.000000 0.866025
vn -0.500000 -0.000000 0.866025
vn -0.490393 0.195090 0.849385
vn -0.482963 0.258819 0.836516
vn -0.461940 0.382683 0.800103
vn -0.433013 0.500000 0.750000
vn -0.415735 0.555570 0.720074
vn -0.353553 0.707107 0.612372
vn -0.353553 0.707107 0.612372
vn -0.277785 0.831470 0.481138
vn -0.250000 0.866025 0.433013
vn -0.191342 0.923880 0.331414
vn -0.129410 0.965926 0.224144
vn -0.097545 0.980785 0.168953
vn -0.097545 0.980785 0.168953
vn -0.490393 0.195090 0.849385
vn -0.461940 0.382683 0.800103
vn -0.415735 0.555570 0.720074
vn -0.353553 0.707107 0.612372
vn -0.277785 0.831470 0.481138
vn -0.191342 0.923880 0.331414
vn -1.000000 0.000000 -0.000000
vn -1.000000 0.000000 -0.000000
vn -0.500000 0.000000 0.866025
vn -0.500000 0.000000 0.866025
vn 0.500000 -0.000000 0.866025
vn 0.500000 -0.000000 0.866025
vn 0.000000 1.000000 0.000000
vn 0.000000 1.000000 0.000000
vn 0.000000 1.000000 0.000000
vn 0.000000 1.000000 0.000000
vn 0.000000 1.000000 0.000000
vn 0.000000 1.000000 0.000000
vn 0.000000 1.000000 0.000000
vn 0.000000 1.000000 0.000000
vn 0.000000 1.000000 0.000000
vn 0.000000 1.000000 0.000000
vn 0.000000 1.000000 0.000000
vn 0.000000 1.000000 0.000000
vn 0.000000 1.000000 0.000000
vn 0.000000 1.000000 0.000000
vn 0.000000 1.000000 0.000000
vn 0.000000 1.000000 0.000000
vn 0.000000 1.000000 0.000000
vn 0.000000 1.000000 0.000000
vn 0.000000 1.000000 0.000000
vn 0.000000 1.000000 0.000000
vn 0.000000 1.000000 0.000000
vn 0.000000 1.000000 0.000000
vn 0.000000 1.000000 0.000000
vn 0.000000 1.000000 0.000000
vn 0.199198 0.000000 -0.979959
vn 0.199198 0.000000 -0.979959
vn 0.066797 0.000000 -0.997767
vn 0.066797 0.000000 -0.997767
vn -0.066797 0.000000 -0.997767
vn -0.066797 0.000000 -0.997767
vn -0.199198 0.000000 -0.979959
vn -0.199198 0.000000 -0.979959
vn -0.870441 0.000000 -0.492273
vn -0.870441 0.000000 -0.492273
vn -0.928291 0.000000 -0.371854
vn -0.928291 0.000000 -0.371854
vn -0.969574 0.000000 -0.244799
vn -0.969574 0.000000 -0.244799
vn -0.993552 0.000000 -0.113375
vn -0.993552 0.000000 -0.113375
vn -0.737160 0.000000 0.675718
vn -0.737160 0.000000 0.675718
vn -0.640512 0.000000 0.767948
vn -0.640512 0.000000 0.767948
vn -0.532433 0.000000 0.846472
vn -0.532433 0.000000 0.846472
vn -0.414851 0.000000 0.909890
vn -0.414851 0.000000 0.909890
vn 0.414851 -0.000000 0.909890
vn 0.414851 -0.000000 0.909890
vn 0.532433 -0.000000 0.846472
vn 0.532433 -0.000000 0.846472
vn 0.640512 -0.000000 0.767948
vn 0.640512 -0.000000 0.767948
vn 0.737160 -0.000000 0.675718
vn 0.737160 -0.000000 0.675718
vn 0.993552 0.000000 -0.113375
vn 0.993552 0.000000 -0.113375
vn 0.969574 0.000000 -0.244799
vn 0.969574 0.000000 -0.244799
vn 0.928291 0.000000 -0.371854
vn 0.928291 0.000000 -0.371854
vn 0.870441 0.000000 -0.492273
vn 0.870441 0.000000 -0.492273
vn 0.015532 -0.990502 -0.136616
vn 0.014840 -0.990486 -0.136809
vn 0.010490 -0.995135 -0.097964
vn 0.003163 -0.989936 -0.141479
vn -0.000000 -0.995135 -0.098524
vn -0.003163 -0.989936 -0.141479
vn -0.000643 -0.995135 -0.098522
vn -0.005199 -0.995135 -0.098387
vn -0.005418 -0.996705 -0.080934
vn -0.010490 -0.995135 -0.097964
vn -0.016158 -0.996705 -0.079489
vn -0.018184 -0.996105 -0.086284
vn -0.021334 -0.988598 -0.149063
vn -0.035601 -0.986356 -0.160734
vn -0.051323 -0.971549 -0.231210
vn -0.063463 -0.978992 -0.193770
vn -0.077029 -0.971549 -0.223962
vn -0.094938 -0.966081 -0.240153
vn -0.096433 -0.955060 -0.280287
vn -0.130671 -0.951387 -0.278905
vn -0.116807 -0.933362 -0.339399
vn -0.142935 -0.944394 -0.296125
vn -0.148092 -0.940179 -0.306809
vn -0.153423 -0.935645 -0.317852
vn -0.120146 -0.922690 -0.366344
vn -0.136900 -0.907265 -0.397654
vn -0.139051 -0.868788 -0.475260
vn -0.155328 -0.878885 -0.451037
vn -0.186343 -0.820283 -0.540752
vn -0.224648 -0.856109 -0.465413
vn -0.248896 -0.819852 -0.515648
vn -0.269716 -0.784229 -0.558782
vn -0.273470 -0.748126 -0.604584
vn -0.279094 -0.766667 -0.578211
vn -0.279642 -0.757392 -0.590049
vn 0.000000 -0.986356 -0.164629
vn 0.007195 -0.978521 -0.206023
vn 0.000000 -0.971549 -0.236838
vn 0.012733 -0.962842 -0.269766
vn -0.000000 -0.955060 -0.296412
vn 0.025905 -0.920903 -0.388929
vn -0.000000 -0.933362 -0.358937
vn -0.000000 -0.907265 -0.420560
vn -0.016607 -0.933362 -0.358553
vn -0.019825 -0.907265 -0.420092
vn -0.023530 -0.930016 -0.366765
vn -0.022191 -0.907265 -0.419974
vn -0.029179 -0.908214 -0.417488
vn -0.033817 -0.879221 -0.475213
vn -0.025171 -0.878885 -0.476370
vn -0.034883 -0.842151 -0.538112
vn -0.022903 -0.878885 -0.476484
vn -0.000000 -0.878885 -0.477034
vn 0.034810 -0.866241 -0.498413
vn -0.000000 -0.820283 -0.571958
vn 0.030299 -0.798630 -0.601060
vn -0.000000 -0.748126 -0.663557
vn 0.139881 -0.748126 -0.648645
vn 0.117864 -0.803919 -0.582943
vn 0.122697 -0.804608 -0.580992
vn 0.126985 -0.805631 -0.578648
vn 0.130647 -0.806925 -0.576024
vn 0.133648 -0.808427 -0.573223
vn 0.137711 -0.811852 -0.567390
vn 0.186343 -0.820283 -0.540752
vn 0.273470 -0.748126 -0.604584
vn 0.139347 -0.815578 -0.561618
vn 0.139052 -0.868787 -0.475262
vn 0.155328 -0.878885 -0.451037
vn 0.136900 -0.907265 -0.397654
vn 0.193661 -0.895277 -0.401216
vn 0.153423 -0.935645 -0.317852
vn 0.120146 -0.922690 -0.366344
vn 0.116807 -0.933362 -0.339399
vn 0.116638 -0.927732 -0.354554
vn 0.112340 -0.933362 -0.340904
vn 0.111881 -0.932585 -0.343173
vn 0.106202 -0.937083 -0.332560
vn 0.099919 -0.941088 -0.323064
vn 0.096433 -0.955060 -0.280287
vn 0.093401 -0.955060 -0.281312
vn 0.054013 -0.968461 -0.243242
vn 0.075132 -0.971549 -0.224605
vn 0.051323 -0.971549 -0.231210
vn 0.063463 -0.978992 -0.193770
vn 0.035601 -0.986356 -0.160734
vn 0.037791 -0.989130 -0.142102
vn 0.020504 -0.989065 -0.146045
vn 0.019644 -0.989476 -0.143359
vn 0.021334 -0.988598 -0.149063
vn 0.018774 -0.989822 -0.141065
vn 0.017914 -0.990101 -0.139207
vn 0.017079 -0.990309 -0.137830
vn 0.016282 -0.990443 -0.136960
vn 0.018184 -0.996105 -0.086284
vn 0.016158 -0.996705 -0.079489
vn 0.005418 -0.996705 -0.080934
vn -0.139347 -0.815578 -0.561618
vn -0.137713 -0.811856 -0.567384
vn -0.133652 -0.808429 -0.573219
vn -0.130646 -0.806925 -0.576024
vn -0.126984 -0.805631 -0.578649
vn -0.139927 -0.748126 -0.648635
vn -0.122692 -0.804607 -0.580995
vn -0.117864 -0.803919 -0.582943
vn -0.030299 -0.798630 -0.601060
vn -0.030180 -0.820283 -0.571162
vn -0.028459 -0.820283 -0.571250
vn -0.011497 -0.966542 -0.256250
vn -0.013456 -0.955060 -0.296107
vn -0.018940 -0.933362 -0.358437
vn -0.014840 -0.990486 -0.136809
vn -0.015532 -0.990502 -0.136616
vn -0.016282 -0.990443 -0.136960
vn -0.017080 -0.990308 -0.137832
vn -0.017916 -0.990100 -0.139212
vn -0.018776 -0.989822 -0.141069
vn -0.019646 -0.989475 -0.143366
vn -0.020505 -0.989065 -0.146048
vn -0.054013 -0.968461 -0.243242
vn -0.099919 -0.941088 -0.323064
vn -0.106213 -0.937075 -0.332579
vn -0.111895 -0.932573 -0.343201
vn -0.116643 -0.927726 -0.354569
vn 0.077029 -0.971549 -0.223962
vn 0.094938 -0.966081 -0.240153
vn 0.130671 -0.951387 -0.278905
vn 0.137927 -0.948156 -0.286314
vn 0.148099 -0.940173 -0.306824
vn 0.142948 -0.944384 -0.296150
vn 0.224645 -0.856114 -0.465406
vn 0.248894 -0.819856 -0.515644
vn 0.269716 -0.784229 -0.558782
vn 0.279094 -0.766667 -0.578211
vn 0.279642 -0.757392 -0.590049
vn -0.193665 -0.895273 -0.401223
vn -0.137914 -0.948163 -0.286299
vn -0.037791 -0.989130 -0.142102
vn -0.075298 -0.996705 -0.030163
vn -0.070606 -0.996705 -0.039931
vn -0.087600 -0.995135 -0.045091
vn -0.076441 -0.996105 -0.043958
vn -0.123469 -0.989130 -0.079853
vn -0.164676 -0.978992 -0.120235
vn -0.138128 -0.986356 -0.089574
vn -0.146376 -0.986356 -0.075345
vn -0.135175 -0.988598 -0.066353
vn -0.214646 -0.968461 -0.126535
vn -0.198713 -0.971549 -0.128862
vn -0.235687 -0.955060 -0.179755
vn -0.199061 -0.966081 -0.164503
vn -0.231167 -0.955060 -0.185532
vn -0.224875 -0.951387 -0.210462
vn -0.279929 -0.933362 -0.224668
vn -0.243134 -0.940173 -0.238663
vn -0.251450 -0.935645 -0.247671
vn -0.229679 -0.948156 -0.219653
vn -0.235822 -0.944384 -0.229187
vn -0.327987 -0.907265 -0.263239
vn -0.317382 -0.895277 -0.312647
vn -0.372031 -0.878885 -0.298587
vn -0.368159 -0.856114 -0.362667
vn -0.446061 -0.820283 -0.358003
vn -0.407900 -0.819856 -0.401814
vn -0.442024 -0.784229 -0.435430
vn -0.461405 -0.766667 -0.446461
vn -0.474756 -0.757392 -0.448291
vn -0.490486 -0.748126 -0.446912
vn -0.503873 -0.808424 -0.304240
vn -0.573726 -0.748126 -0.333385
vn -0.507470 -0.806921 -0.302246
vn -0.511098 -0.805627 -0.299573
vn -0.514642 -0.804607 -0.296228
vn -0.517990 -0.803919 -0.292235
vn -0.562279 -0.798630 -0.214554
vn -0.631150 -0.748126 -0.204834
vn -0.581005 -0.798630 -0.156921
vn -0.660149 -0.748126 -0.067163
vn -0.590834 -0.803919 -0.068044
vn -0.590473 -0.804607 -0.062850
vn -0.589568 -0.805631 -0.058043
vn -0.588204 -0.806925 -0.053750
vn -0.586464 -0.808429 -0.050024
vn -0.571911 -0.820283 0.007379
vn -0.582170 -0.811856 -0.044358
vn -0.577191 -0.815578 -0.041023
vn -0.494968 -0.868788 -0.014618
vn -0.476994 -0.878885 0.006154
vn -0.420525 -0.907265 0.005425
vn -0.441242 -0.895273 0.061581
vn -0.349554 -0.935645 0.048785
vn -0.659500 -0.748126 0.073259
vn -0.614515 -0.784229 0.085764
vn -0.567079 -0.819852 0.079143
vn -0.647585 -0.757392 0.083620
vn -0.635882 -0.766667 0.088746
vn -0.511834 -0.856109 0.071433
vn -0.337410 -0.940179 0.047090
vn -0.358907 -0.933362 0.004630
vn -0.385541 -0.922690 0.001059
vn -0.305635 -0.951387 0.038089
vn -0.325662 -0.944393 0.045450
vn -0.314908 -0.948162 0.042694
vn -0.296388 -0.955060 0.003824
vn -0.257736 -0.966081 0.016080
vn -0.236818 -0.971549 0.003055
vn -0.203898 -0.978992 0.000478
vn -0.248028 -0.968461 -0.023796
vn -0.163603 -0.986356 -0.018349
vn -0.148360 -0.988598 -0.025773
vn -0.145234 -0.989065 -0.025630
vn -0.097910 -0.995135 -0.010981
vn -0.142416 -0.989475 -0.025618
vn -0.097000 -0.995135 -0.017262
vn -0.095656 -0.995135 -0.023599
vn -0.078647 -0.996705 -0.019857
vn -0.091607 -0.995135 -0.036266
vn -0.146825 -0.989130 -0.007971
vn -0.087680 -0.996105 -0.009369
vn -0.080592 -0.996705 -0.009196
vn -0.133577 -0.989936 -0.046728
vn -0.125527 -0.990486 -0.056391
vn -0.125130 -0.990502 -0.056989
vn -0.125225 -0.990443 -0.057808
vn -0.125807 -0.990309 -0.058835
vn -0.126859 -0.990101 -0.060054
vn -0.128359 -0.989822 -0.061447
vn -0.130272 -0.989476 -0.062982
vn -0.132561 -0.989065 -0.064631
vn -0.193716 -0.978521 -0.070507
vn -0.157621 -0.986356 -0.047521
vn -0.135532 -0.989936 -0.040711
vn -0.226552 -0.971549 -0.069040
vn -0.252628 -0.962842 -0.095472
vn -0.247261 -0.966542 -0.068252
vn -0.283344 -0.955060 -0.087044
vn -0.285772 -0.955060 -0.078704
vn -0.342874 -0.933362 -0.106176
vn -0.346136 -0.933362 -0.095004
vn -0.401458 -0.907265 -0.125308
vn -0.405658 -0.907265 -0.110960
vn -0.455046 -0.878885 -0.143159
vn -0.460241 -0.878885 -0.125458
vn -0.522555 -0.842151 -0.133110
vn -0.462405 -0.879221 -0.114687
vn -0.361888 -0.920903 -0.144823
vn -0.391031 -0.907265 -0.154806
vn -0.443541 -0.878885 -0.175594
vn -0.463262 -0.866241 -0.187124
vn -0.544816 -0.820283 -0.174103
vn -0.497067 -0.811851 -0.306304
vn -0.479887 -0.820283 -0.311200
vn -0.409031 -0.868787 -0.279110
vn -0.491070 -0.815578 -0.306076
vn -0.311287 -0.922690 -0.227472
vn -0.301157 -0.927732 -0.220492
vn -0.288838 -0.933362 -0.213092
vn -0.291803 -0.932585 -0.212451
vn -0.283466 -0.937083 -0.203772
vn -0.276375 -0.941088 -0.194861
vn -0.552086 -0.820283 -0.149459
vn -0.406072 -0.908214 -0.101260
vn -0.356085 -0.930016 -0.090958
vn -0.134699 -0.990486 -0.028162
vn -0.134729 -0.990502 -0.027445
vn -0.135288 -0.990443 -0.026838
vn -0.136364 -0.990308 -0.026348
vn -0.137935 -0.990100 -0.025980
vn -0.139964 -0.989822 -0.025736
vn -0.338129 -0.941088 -0.004803
vn -0.349123 -0.937075 -0.001758
vn -0.360981 -0.932573 0.000363
vn -0.373264 -0.927724 0.001367
vn -0.114039 -0.927733 0.355397
vn -0.118132 -0.922690 0.366999
vn -0.129564 -0.907265 0.400104
vn -0.166856 -0.868788 0.466225
vn -0.146940 -0.878885 0.453839
vn -0.162229 -0.850021 0.501144
vn -0.084607 -0.856109 0.509822
vn -0.176126 -0.820283 0.544165
vn -0.093674 -0.819852 0.564860
vn -0.189803 -0.787382 0.586519
vn -0.101438 -0.784229 0.612123
vn -0.110864 -0.766664 0.632405
vn -0.120591 -0.757388 0.641733
vn -0.134123 -0.748126 0.649860
vn -0.267942 -0.748126 0.607054
vn -0.234306 -0.787382 0.570202
vn -0.277614 -0.787382 0.550418
vn -0.228807 -0.808427 0.542303
vn -0.232887 -0.806924 0.542805
vn -0.217377 -0.815578 0.536264
vn -0.222091 -0.811854 0.539971
vn -0.237391 -0.805630 0.542776
vn -0.242242 -0.804606 0.542151
vn -0.247291 -0.803919 0.540890
vn -0.328781 -0.798630 0.504077
vn -0.360819 -0.787382 0.499839
vn -0.389827 -0.748126 0.536975
vn -0.435907 -0.787382 0.435907
vn -0.494347 -0.748126 0.442638
vn -0.497765 -0.787382 0.363675
vn -0.576607 -0.748126 0.328376
vn -0.573056 -0.757395 0.312986
vn -0.550818 -0.784229 0.285630
vn -0.567191 -0.766668 0.300858
vn -0.288074 -0.842151 0.455846
vn -0.312748 -0.820283 0.478879
vn -0.334769 -0.820283 0.463752
vn -0.377807 -0.798630 0.468458
vn -0.321121 -0.866241 0.382764
vn -0.308307 -0.850021 0.427095
vn -0.279209 -0.878885 0.386786
vn -0.261540 -0.878885 0.398946
vn -0.230884 -0.907265 0.351515
vn -0.251964 -0.879221 0.404333
vn -0.221787 -0.908214 0.354906
vn -0.288412 -0.850021 0.440775
vn -0.196543 -0.930016 0.310550
vn -0.246155 -0.907265 0.340996
vn -0.141319 -0.966542 0.214068
vn -0.163161 -0.955060 0.247465
vn -0.197316 -0.933362 0.299837
vn -0.210087 -0.933362 0.291031
vn -0.173491 -0.955060 0.240336
vn -0.168866 -0.962842 0.210761
vn -0.138622 -0.971549 0.192032
vn -0.126918 -0.978521 0.162447
vn -0.096358 -0.986356 0.133484
vn -0.085718 -0.989936 0.112599
vn -0.080600 -0.989936 0.116318
vn -0.057667 -0.995135 0.079885
vn -0.057214 -0.995135 0.080210
vn -0.043188 -0.996705 0.068662
vn -0.044369 -0.995135 0.087969
vn -0.033651 -0.996705 0.073806
vn -0.036005 -0.996105 0.080493
vn -0.052952 -0.989130 0.137176
vn -0.067728 -0.989822 0.125164
vn -0.068374 -0.989475 0.127533
vn -0.068408 -0.990486 0.119404
vn -0.067735 -0.990502 0.119654
vn -0.067331 -0.990443 0.120373
vn -0.067198 -0.990308 0.121547
vn -0.067333 -0.990100 0.123156
vn -0.069256 -0.989065 0.130208
vn -0.070358 -0.988598 0.133134
vn -0.074138 -0.986356 0.146991
vn -0.099277 -0.968461 0.228535
vn -0.089876 -0.971549 0.219122
vn -0.072780 -0.971549 0.225378
vn -0.062553 -0.978992 0.194066
vn -0.064352 -0.966081 0.250091
vn -0.091346 -0.955060 0.281986
vn -0.058221 -0.951387 0.302446
vn -0.109555 -0.937081 0.331476
vn -0.111197 -0.932587 0.343390
vn -0.109056 -0.941088 0.320095
vn -0.057850 -0.935645 0.348169
vn -0.056416 -0.940179 0.335977
vn -0.056072 -0.944394 0.324000
vn -0.092867 -0.990502 0.101395
vn -0.092421 -0.990486 0.101958
vn -0.069667 -0.995135 0.069667
vn -0.249564 -0.920903 0.299424
vn -0.437999 -0.803919 0.402332
vn -0.440762 -0.804608 0.397914
vn -0.442853 -0.805631 0.393497
vn -0.444273 -0.806925 0.389222
vn -0.445056 -0.808427 0.385190
vn -0.444914 -0.811852 0.378084
vn -0.461828 -0.820283 0.337419
vn -0.508263 -0.819856 0.263639
vn -0.425323 -0.850021 0.310748
vn -0.458717 -0.856114 0.238006
vn -0.385181 -0.878885 0.281420
vn -0.395428 -0.895277 0.205221
vn -0.339581 -0.907265 0.248103
vn -0.312532 -0.922690 0.225759
vn -0.391847 -0.868787 0.302762
vn -0.442844 -0.815578 0.372452
vn -0.302768 -0.927730 0.218285
vn -0.313252 -0.935645 0.162608
vn -0.269652 -0.951387 0.148833
vn -0.302115 -0.940173 0.157483
vn -0.290843 -0.944384 0.153457
vn -0.279877 -0.948156 0.150562
vn -0.291741 -0.933362 0.209101
vn -0.292242 -0.932578 0.211879
vn -0.281404 -0.937079 0.206627
vn -0.270728 -0.941088 0.202633
vn -0.243011 -0.955060 0.169723
vn -0.239338 -0.955060 0.174864
vn -0.186672 -0.968461 0.165039
vn -0.191235 -0.971549 0.139719
vn -0.165238 -0.978992 0.119461
vn -0.195809 -0.971549 0.133234
vn -0.217965 -0.966081 0.138484
vn -0.116410 -0.986356 0.116410
vn -0.104877 -0.988598 0.108055
vn -0.114099 -0.989130 0.092750
vn -0.102430 -0.989066 0.106100
vn -0.100154 -0.989476 0.104432
vn -0.098103 -0.989823 0.103088
vn -0.065428 -0.996105 0.059116
vn -0.059795 -0.996705 0.054811
vn -0.051955 -0.996705 0.062292
vn -0.096316 -0.990101 0.102091
vn -0.094831 -0.990309 0.101468
vn -0.093675 -0.990443 0.101233
vn -0.072984 -0.895273 0.439499
vn -0.056707 -0.948162 0.312687
vn -0.062405 -0.986356 0.152343
vn 0.036005 -0.996105 0.080493
vn 0.040342 -0.995135 0.089887
vn 0.033651 -0.996705 0.073806
vn 0.048182 -0.995135 0.085939
vn 0.043188 -0.996705 0.068662
vn 0.054253 -0.995135 0.082242
vn 0.060082 -0.995135 0.078084
vn 0.085718 -0.989936 0.112599
vn 0.092421 -0.990486 0.101958
vn 0.052952 -0.989130 0.137176
vn 0.067409 -0.986356 0.150196
vn 0.070358 -0.988598 0.133134
vn 0.062553 -0.978992 0.194066
vn 0.099277 -0.968461 0.228535
vn 0.077586 -0.971549 0.223769
vn 0.097176 -0.955060 0.280031
vn 0.089787 -0.955060 0.282486
vn 0.109056 -0.941088 0.320095
vn 0.109556 -0.937079 0.331483
vn 0.109493 -0.933362 0.341829
vn 0.111201 -0.932578 0.343413
vn 0.114041 -0.927730 0.355404
vn 0.088177 -0.933362 0.347938
vn 0.118132 -0.922690 0.366999
vn 0.117189 -0.878885 0.462416
vn 0.156742 -0.878885 0.450548
vn 0.166857 -0.868787 0.466227
vn 0.071236 -0.971549 0.225871
vn 0.064352 -0.966081 0.250091
vn 0.072817 -0.955060 0.287329
vn 0.056071 -0.944384 0.324029
vn 0.056417 -0.940173 0.335994
vn 0.058221 -0.951387 0.302446
vn 0.056706 -0.948156 0.312705
vn 0.057850 -0.935645 0.348169
vn 0.072983 -0.895277 0.439491
vn 0.084606 -0.856114 0.509814
vn 0.140508 -0.820283 0.554431
vn 0.093673 -0.819856 0.564856
vn 0.101438 -0.784229 0.612123
vn 0.110864 -0.766664 0.632405
vn 0.120591 -0.757388 0.641733
vn 0.134123 -0.748126 0.649860
vn 0.268212 -0.748126 0.606935
vn 0.187762 -0.820283 0.540261
vn 0.217377 -0.815578 0.536264
vn 0.222093 -0.811852 0.539973
vn 0.228810 -0.808426 0.542304
vn 0.232888 -0.806923 0.542806
vn 0.237390 -0.805630 0.542776
vn 0.242237 -0.804607 0.542152
vn 0.390230 -0.748126 0.536682
vn 0.247291 -0.803919 0.540890
vn 0.328781 -0.798630 0.504077
vn 0.377807 -0.798630 0.468458
vn 0.338437 -0.820283 0.461082
vn 0.348793 -0.820283 0.453299
vn 0.344515 -0.842151 0.414838
vn 0.358796 -0.820283 0.445423
vn 0.494544 -0.748126 0.442418
vn 0.437999 -0.803919 0.402332
vn 0.440760 -0.804607 0.397919
vn 0.442853 -0.805630 0.393499
vn 0.444273 -0.806924 0.389224
vn 0.445056 -0.808428 0.385188
vn 0.444913 -0.811855 0.378079
vn 0.464604 -0.820283 0.333586
vn 0.442844 -0.815578 0.372452
vn 0.391846 -0.868788 0.302761
vn 0.387497 -0.878885 0.278223
vn 0.312532 -0.922690 0.225759
vn 0.395436 -0.895273 0.205225
vn 0.313252 -0.935645 0.162608
vn 0.576607 -0.748126 0.328376
vn 0.573056 -0.757395 0.312986
vn 0.550818 -0.784229 0.285630
vn 0.567191 -0.766668 0.300857
vn 0.508267 -0.819852 0.263641
vn 0.458724 -0.856109 0.238010
vn 0.291566 -0.933362 0.209345
vn 0.302099 -0.940179 0.157477
vn 0.290816 -0.944394 0.153449
vn 0.279860 -0.948162 0.150558
vn 0.269652 -0.951387 0.148833
vn 0.240777 -0.955060 0.172878
vn 0.217965 -0.966081 0.138484
vn 0.192385 -0.971549 0.138132
vn 0.165238 -0.978992 0.119461
vn 0.186672 -0.968461 0.165039
vn 0.114099 -0.989130 0.092750
vn 0.118333 -0.986356 0.114456
vn 0.070818 -0.995135 0.068497
vn 0.104877 -0.988598 0.108055
vn 0.102437 -0.989064 0.106105
vn 0.100161 -0.989475 0.104437
vn 0.098112 -0.989821 0.103093
vn 0.096325 -0.990100 0.102096
vn 0.094835 -0.990308 0.101469
vn 0.065620 -0.995135 0.073492
vn 0.093676 -0.990443 0.101233
vn 0.092867 -0.990502 0.101395
vn 0.065428 -0.996105 0.059116
vn 0.059795 -0.996705 0.054811
vn 0.051955 -0.996705 0.062292
vn 0.080600 -0.989936 0.116318
vn 0.068408 -0.990486 0.119404
vn 0.067735 -0.990502 0.119654
vn 0.067331 -0.990443 0.120373
vn 0.067198 -0.990309 0.121546
vn 0.067332 -0.990101 0.123151
vn 0.067727 -0.989822 0.125159
vn 0.068372 -0.989476 0.127526
vn 0.069255 -0.989065 0.130205
vn 0.115277 -0.978521 0.170905
vn 0.099586 -0.986356 0.131093
vn 0.142702 -0.971549 0.189019
vn 0.148263 -0.962842 0.225730
vn 0.178065 -0.955060 0.236966
vn 0.163105 -0.955060 0.247502
vn 0.214981 -0.933362 0.287435
vn 0.197530 -0.933362 0.299696
vn 0.207649 -0.920903 0.329877
vn 0.264798 -0.866241 0.423685
vn 0.262574 -0.878885 0.398267
vn 0.283994 -0.878885 0.383287
vn 0.269000 -0.908214 0.320604
vn 0.218888 -0.933362 0.284471
vn 0.224188 -0.933362 0.280313
vn 0.184933 -0.955060 0.231646
vn 0.234615 -0.930016 0.282888
vn 0.159921 -0.966542 0.200553
vn 0.314887 -0.820283 0.477475
vn 0.290906 -0.878885 0.378068
vn 0.298600 -0.878885 0.372021
vn 0.306682 -0.879221 0.364578
vn 0.144429 -0.971549 0.187703
vn 0.270728 -0.941088 0.202633
vn 0.281398 -0.937081 0.206625
vn 0.292222 -0.932587 0.211868
vn 0.302762 -0.927733 0.218281
vn 0.180759 -0.955060 0.234918
vn 0.078647 -0.996705 -0.019857
vn 0.080592 -0.996705 -0.009196
vn 0.097460 -0.995135 -0.014443
vn 0.087680 -0.996105 -0.009369
vn 0.146825 -0.989130 -0.007971
vn 0.203898 -0.978992 0.000478
vn 0.164416 -0.986356 -0.008371
vn 0.162851 -0.986356 -0.024134
vn 0.145235 -0.989065 -0.025630
vn 0.142421 -0.989475 -0.025618
vn 0.236532 -0.971549 -0.012042
vn 0.257736 -0.966081 0.016080
vn 0.296333 -0.955060 0.006853
vn 0.296142 -0.955060 0.012652
vn 0.358610 -0.933362 0.015321
vn 0.305635 -0.951387 0.038089
vn 0.349554 -0.935645 0.048785
vn 0.337431 -0.940171 0.047093
vn 0.325689 -0.944384 0.045454
vn 0.314923 -0.948156 0.042701
vn 0.420176 -0.907265 0.017951
vn 0.441234 -0.895277 0.061580
vn 0.476599 -0.878885 0.020362
vn 0.511826 -0.856114 0.071432
vn 0.571437 -0.820283 0.024414
vn 0.567074 -0.819856 0.079143
vn 0.614515 -0.784229 0.085764
vn 0.635882 -0.766667 0.088746
vn 0.647584 -0.757392 0.083620
vn 0.659500 -0.748126 0.073259
vn 0.582175 -0.811852 -0.044362
vn 0.571219 -0.820283 -0.029081
vn 0.577191 -0.815578 -0.041023
vn 0.494970 -0.868787 -0.014618
vn 0.660113 -0.748126 -0.067517
vn 0.586467 -0.808427 -0.050028
vn 0.588203 -0.806925 -0.053749
vn 0.589568 -0.805631 -0.058042
vn 0.590472 -0.804608 -0.062844
vn 0.590834 -0.803919 -0.068044
vn 0.581005 -0.798630 -0.156921
vn 0.631014 -0.748126 -0.205252
vn 0.562279 -0.798630 -0.214554
vn 0.573596 -0.748126 -0.333609
vn 0.517990 -0.803919 -0.292235
vn 0.514644 -0.804607 -0.296225
vn 0.511091 -0.805630 -0.299578
vn 0.507460 -0.806925 -0.302253
vn 0.503863 -0.808429 -0.304245
vn 0.490486 -0.748126 -0.446912
vn 0.458103 -0.820283 -0.342459
vn 0.474756 -0.757392 -0.448291
vn 0.461405 -0.766667 -0.446461
vn 0.442024 -0.784229 -0.435430
vn 0.407903 -0.819852 -0.401818
vn 0.368165 -0.856109 -0.362672
vn 0.382075 -0.878885 -0.285623
vn 0.317387 -0.895273 -0.312652
vn 0.336842 -0.907265 -0.251809
vn 0.251450 -0.935645 -0.247671
vn 0.311287 -0.922690 -0.227472
vn 0.287486 -0.933362 -0.214913
vn 0.301156 -0.927733 -0.220491
vn 0.291800 -0.932587 -0.212448
vn 0.283468 -0.937082 -0.203774
vn 0.237408 -0.955060 -0.177476
vn 0.276375 -0.941088 -0.194861
vn 0.214646 -0.968461 -0.126535
vn 0.189693 -0.971549 -0.141806
vn 0.164676 -0.978992 -0.120235
vn 0.199061 -0.966081 -0.164503
vn 0.224875 -0.951387 -0.210462
vn 0.229670 -0.948162 -0.219637
vn 0.235806 -0.944394 -0.229164
vn 0.243123 -0.940179 -0.238650
vn 0.143895 -0.986356 -0.079981
vn 0.123469 -0.989130 -0.079853
vn 0.086116 -0.995135 -0.047865
vn 0.076441 -0.996105 -0.043958
vn 0.070606 -0.996705 -0.039931
vn 0.075298 -0.996705 -0.030163
vn 0.091672 -0.995135 -0.036101
vn 0.125225 -0.990443 -0.057807
vn 0.125130 -0.990502 -0.056989
vn 0.125527 -0.990486 -0.056391
vn 0.133577 -0.989936 -0.046728
vn 0.093817 -0.995135 -0.030088
vn 0.135532 -0.989936 -0.040711
vn 0.095532 -0.995135 -0.024096
vn 0.134729 -0.990502 -0.027445
vn 0.134699 -0.990486 -0.028162
vn 0.156764 -0.986356 -0.050276
vn 0.198162 -0.978521 -0.056822
vn 0.155451 -0.986356 -0.054201
vn 0.223867 -0.971549 -0.077304
vn 0.240156 -0.966542 -0.090120
vn 0.280396 -0.955060 -0.096117
vn 0.277456 -0.955060 -0.104300
vn 0.339804 -0.933362 -0.115626
vn 0.335872 -0.933362 -0.126593
vn 0.398446 -0.907265 -0.134579
vn 0.393405 -0.907265 -0.148671
vn 0.452293 -0.878885 -0.151632
vn 0.446086 -0.878885 -0.169024
vn 0.500996 -0.842151 -0.199461
vn 0.443856 -0.878885 -0.174795
vn 0.441504 -0.879221 -0.179011
vn 0.391310 -0.907265 -0.154101
vn 0.388038 -0.908214 -0.156762
vn 0.341543 -0.930016 -0.135715
vn 0.225524 -0.971549 -0.072328
vn 0.260498 -0.962842 -0.071253
vn 0.282252 -0.955060 -0.090522
vn 0.377898 -0.920903 -0.095549
vn 0.341789 -0.933362 -0.109616
vn 0.400468 -0.907265 -0.128435
vn 0.462610 -0.878885 -0.116421
vn 0.484775 -0.866241 -0.120912
vn 0.454245 -0.878885 -0.145682
vn 0.544634 -0.820283 -0.174671
vn 0.543107 -0.820283 -0.179363
vn 0.534497 -0.820283 -0.203592
vn 0.385541 -0.922690 0.001059
vn 0.373244 -0.927732 0.001366
vn 0.358928 -0.933362 0.002608
vn 0.360950 -0.932585 0.000359
vn 0.349105 -0.937082 -0.001762
vn 0.338129 -0.941088 -0.004803
vn 0.248028 -0.968461 -0.023796
vn 0.148360 -0.988598 -0.025773
vn 0.139967 -0.989822 -0.025735
vn 0.137935 -0.990100 -0.025980
vn 0.136363 -0.990308 -0.026348
vn 0.135288 -0.990443 -0.026838
vn 0.409029 -0.868788 -0.279109
vn 0.491070 -0.815578 -0.306076
vn 0.497057 -0.811857 -0.306305
vn 0.333973 -0.933362 -0.131521
vn 0.125808 -0.990308 -0.058836
vn 0.126863 -0.990100 -0.060058
vn 0.128363 -0.989822 -0.061450
vn 0.130278 -0.989475 -0.062987
vn 0.132563 -0.989065 -0.064633
vn 0.135175 -0.988598 -0.066353
vn 0.160365 0.696060 0.699845
vn 0.208420 0.696060 0.687067
vn 0.312678 0.696060 0.646322
vn 0.306978 0.696060 0.649049
vn 0.319312 0.696060 0.643071
vn 0.321380 0.696060 0.642040
vn 0.321360 0.696060 0.642050
vn 0.281078 0.778099 0.561745
vn 0.266595 0.781796 0.563668
vn 0.262070 0.810498 0.523843
vn 0.156406 0.842432 0.515602
vn 0.230368 0.842432 0.487072
vn 0.204029 0.878795 0.431383
vn 0.241036 0.842432 0.481881
vn 0.181431 0.914017 0.362844
vn 0.174995 0.912403 0.369996
vn 0.174868 0.919825 0.351203
vn 0.167239 0.925400 0.340097
vn 0.158910 0.930571 0.329827
vn 0.150291 0.935153 0.320782
vn 0.122179 0.915826 0.382538
vn 0.132967 0.943792 0.302616
vn 0.115071 0.921051 0.372054
vn 0.095951 0.943792 0.316308
vn 0.082804 0.943791 0.320004
vn 0.064377 0.968499 0.240552
vn 0.050520 0.966846 0.250313
vn 0.025545 0.984667 0.172566
vn 0.105350 0.696060 0.710212
vn -0.000000 0.696060 0.717984
vn -0.000000 0.696060 0.717984
vn 0.035478 0.709522 0.703790
vn -0.000000 0.781796 0.623534
vn 0.029938 0.781796 0.622815
vn 0.039449 0.787493 0.615060
vn -0.000000 0.842432 0.538803
vn 0.024434 0.842432 0.538248
vn 0.038479 0.842430 0.537430
vn 0.020810 0.878795 0.476746
vn 0.030070 0.894599 0.445857
vn -0.000000 0.895881 0.444294
vn 0.017137 0.912403 0.408933
vn -0.000000 0.943792 0.330541
vn 0.013264 0.943792 0.330275
vn 0.009655 0.967710 0.251883
vn 0.016891 0.943806 0.330068
vn -0.000000 0.984870 0.173293
vn 0.004428 0.984667 0.174390
vn 0.002199 0.984870 0.173279
vn 0.004398 0.984870 0.173237
vn 0.014915 0.984870 0.172650
vn 0.025377 0.984870 0.171425
vn 0.035838 0.984870 0.169547
vn 0.046164 0.984870 0.167031
vn 0.046472 0.984667 0.168143
vn 0.060936 0.984870 0.162226
vn 0.061344 0.984667 0.163305
vn 0.075218 0.984870 0.156117
vn 0.075748 0.984667 0.157143
vn 0.088896 0.984870 0.148755
vn 0.089508 0.984667 0.149733
vn 0.101859 0.984870 0.140197
vn 0.102537 0.984667 0.141131
vn 0.114755 0.984667 0.131388
vn 0.114004 0.984870 0.130512
vn 0.125233 0.984870 0.119779
vn 0.126080 0.984667 0.120563
vn 0.135456 0.984870 0.108084
vn 0.136372 0.984667 0.108786
vn 0.144590 0.984870 0.095520
vn 0.145553 0.984667 0.096156
vn 0.150174 0.984870 0.086477
vn 0.213590 0.968499 0.128021
vn 0.156226 0.984667 0.077621
vn 0.222450 0.966846 0.125398
vn 0.155193 0.984870 0.077108
vn 0.159591 0.984870 0.067537
vn 0.164487 0.984667 0.058101
vn 0.163399 0.984870 0.057716
vn 0.164811 0.984870 0.053550
vn 0.167223 0.984667 0.049679
vn 0.166117 0.984870 0.049350
vn 0.168809 0.984870 0.039167
vn 0.172014 0.984667 0.029031
vn 0.170876 0.984870 0.028839
vn 0.172323 0.984870 0.018309
vn 0.173121 0.984870 0.007711
vn 0.174274 0.984667 0.007762
vn 0.247819 0.968499 0.024408
vn 0.253673 0.966846 0.029304
vn 0.248673 0.968499 0.013108
vn 0.329930 0.943791 0.020135
vn 0.256929 0.966405 -0.006937
vn 0.330143 0.943792 -0.016219
vn 0.328894 0.943792 -0.032945
vn 0.351524 0.935153 -0.043808
vn 0.173116 0.984870 -0.007823
vn 0.174267 0.984667 -0.007908
vn 0.171720 0.984870 -0.023293
vn 0.172860 0.984667 -0.023475
vn 0.168944 0.984870 -0.038577
vn 0.170068 0.984667 -0.038838
vn 0.164811 0.984870 -0.053550
vn 0.165909 0.984667 -0.053904
vn 0.159354 0.984870 -0.068094
vn 0.160403 0.984667 -0.068574
vn 0.152616 0.984870 -0.082090
vn 0.153615 0.984667 -0.082668
vn 0.144652 0.984870 -0.095426
vn 0.145606 0.984667 -0.096075
vn 0.135526 0.984870 -0.107996
vn 0.136428 0.984667 -0.108715
vn 0.128650 0.984870 -0.116101
vn 0.200013 0.968499 -0.148340
vn 0.188001 0.966846 -0.172812
vn 0.255084 0.943791 -0.210218
vn 0.122098 0.984667 -0.124594
vn 0.121291 0.984870 -0.123770
vn 0.113547 0.984870 -0.130910
vn 0.106086 0.984667 -0.138482
vn 0.105385 0.984870 -0.137566
vn 0.101859 0.984870 -0.140197
vn 0.098268 0.984870 -0.142737
vn 0.098922 0.984667 -0.143687
vn 0.145047 0.968499 -0.202413
vn 0.155592 0.967821 -0.197770
vn 0.192533 0.943792 -0.268679
vn 0.207688 0.943809 -0.257082
vn 0.238404 0.912403 -0.332692
vn 0.285820 0.895024 -0.342402
vn 0.237741 0.894599 -0.378381
vn 0.277958 0.878795 -0.387890
vn 0.263388 0.878795 -0.397927
vn 0.313841 0.842432 -0.437964
vn 0.296607 0.842432 -0.449814
vn 0.329608 0.787493 -0.520781
vn 0.284763 0.842430 -0.457408
vn 0.089414 0.984870 -0.148443
vn 0.080765 0.984667 -0.154624
vn 0.080231 0.984870 -0.153601
vn 0.070664 0.984870 -0.158231
vn 0.060831 0.984870 -0.162265
vn 0.061236 0.984667 -0.163346
vn 0.089311 0.968499 -0.232451
vn 0.106259 0.966846 -0.232202
vn 0.121104 0.943791 -0.307560
vn 0.072798 0.966405 -0.246498
vn 0.095760 0.943792 -0.316366
vn 0.070301 0.943792 -0.322977
vn 0.066963 0.935153 -0.347857
vn 0.046366 0.984667 -0.168172
vn 0.046056 0.984870 -0.167061
vn 0.031141 0.984667 -0.171645
vn 0.030911 0.984870 -0.170514
vn 0.015651 0.984667 -0.173743
vn 0.015518 0.984870 -0.172597
vn -0.000003 0.984667 -0.174447
vn 0.000000 0.984870 -0.173293
vn -0.015518 0.984870 -0.172597
vn -0.015634 0.984667 -0.173745
vn -0.030911 0.984870 -0.170514
vn -0.031111 0.984667 -0.171650
vn -0.046343 0.984667 -0.168178
vn -0.046056 0.984870 -0.167061
vn -0.061236 0.984667 -0.163346
vn -0.060831 0.984870 -0.162265
vn -0.070664 0.984870 -0.158231
vn -0.080231 0.984870 -0.153601
vn -0.080765 0.984667 -0.154624
vn -0.106259 0.966846 -0.232202
vn -0.087548 0.968499 -0.233121
vn -0.121104 0.943791 -0.307560
vn -0.116393 0.943792 -0.309371
vn -0.125593 0.921051 -0.368635
vn -0.098182 0.943792 -0.315623
vn -0.066963 0.935153 -0.347857
vn -0.070301 0.943792 -0.322977
vn -0.089414 0.984870 -0.148443
vn -0.098922 0.984667 -0.143687
vn -0.098268 0.984870 -0.142737
vn -0.101859 0.984870 -0.140197
vn -0.106086 0.984667 -0.138482
vn -0.105385 0.984870 -0.137566
vn -0.113547 0.984870 -0.130910
vn -0.122098 0.984667 -0.124594
vn -0.121291 0.984870 -0.123770
vn -0.128650 0.984870 -0.116101
vn -0.135526 0.984870 -0.107996
vn -0.136428 0.984667 -0.108715
vn -0.187222 0.968499 -0.164189
vn -0.188001 0.966846 -0.172812
vn -0.255084 0.943791 -0.210218
vn -0.193475 0.968499 -0.156771
vn -0.211937 0.966405 -0.145408
vn -0.145602 0.984667 -0.096082
vn -0.144652 0.984870 -0.095426
vn -0.153616 0.984667 -0.082666
vn -0.152616 0.984870 -0.082090
vn -0.160413 0.984667 -0.068551
vn -0.159354 0.984870 -0.068094
vn -0.165909 0.984667 -0.053905
vn -0.164811 0.984870 -0.053550
vn -0.170065 0.984667 -0.038853
vn -0.168944 0.984870 -0.038577
vn -0.172858 0.984667 -0.023487
vn -0.171720 0.984870 -0.023293
vn -0.174268 0.984667 -0.007897
vn -0.173116 0.984870 -0.007823
vn -0.174274 0.984667 0.007762
vn -0.173121 0.984870 0.007711
vn -0.172323 0.984870 0.018309
vn -0.170876 0.984870 0.028839
vn -0.172014 0.984667 0.029031
vn -0.247819 0.968499 0.024408
vn -0.256929 0.966405 -0.006937
vn -0.329834 0.943792 -0.021618
vn -0.328894 0.943792 -0.032945
vn -0.351524 0.935153 -0.043808
vn -0.408416 0.912403 -0.026769
vn -0.362772 0.930578 -0.049202
vn -0.375103 0.925412 -0.053948
vn -0.401150 0.914017 -0.060427
vn -0.388035 0.919832 -0.057778
vn -0.168809 0.984870 0.039167
vn -0.167223 0.984667 0.049679
vn -0.166117 0.984870 0.049350
vn -0.164811 0.984870 0.053550
vn -0.164487 0.984667 0.058101
vn -0.163399 0.984870 0.057716
vn -0.159591 0.984870 0.067537
vn -0.156226 0.984667 0.077621
vn -0.155193 0.984870 0.077108
vn -0.150174 0.984870 0.086477
vn -0.144590 0.984870 0.095520
vn -0.145553 0.984667 0.096156
vn -0.208885 0.968499 0.135561
vn -0.222450 0.966846 0.125398
vn -0.278754 0.943791 0.177638
vn -0.274835 0.943792 0.183639
vn -0.318285 0.921051 0.224410
vn -0.246716 0.943792 0.219972
vn -0.326067 0.915822 0.234417
vn -0.258639 0.935153 0.242063
vn -0.298820 0.912403 0.279691
vn -0.264579 0.930570 0.253055
vn -0.271772 0.925400 0.264149
vn -0.136369 0.984667 0.108789
vn -0.135456 0.984870 0.108084
vn -0.126064 0.984667 0.120579
vn -0.125233 0.984870 0.119779
vn -0.114004 0.984870 0.130512
vn -0.101859 0.984870 0.140197
vn -0.102559 0.984667 0.141114
vn -0.114761 0.984667 0.131383
vn -0.089534 0.984667 0.149718
vn -0.088896 0.984870 0.148755
vn -0.075760 0.984667 0.157137
vn -0.075218 0.984870 0.156117
vn -0.061359 0.984667 0.163299
vn -0.060936 0.984870 0.162226
vn -0.046472 0.984667 0.168143
vn -0.046164 0.984870 0.167031
vn -0.035838 0.984870 0.169547
vn -0.025377 0.984870 0.171425
vn -0.025545 0.984667 0.172566
vn -0.050520 0.966846 0.250313
vn -0.079936 0.968499 0.235839
vn -0.082804 0.943791 0.320004
vn -0.085993 0.966405 0.242211
vn -0.104798 0.943792 0.313488
vn -0.106249 0.943792 0.313000
vn -0.115071 0.921051 0.372054
vn -0.150291 0.935153 0.320782
vn -0.131563 0.912403 0.387571
vn -0.158895 0.930579 0.329810
vn -0.181431 0.914017 0.362844
vn -0.174859 0.919832 0.351189
vn -0.014915 0.984870 0.172650
vn -0.004428 0.984667 0.174390
vn -0.004398 0.984870 0.173237
vn -0.003299 0.984870 0.173261
vn -0.002199 0.984870 0.173279
vn -0.001100 0.984870 0.173289
vn -0.009630 0.967821 0.251454
vn -0.016914 0.943809 0.330060
vn -0.029974 0.895024 0.445010
vn -0.038444 0.842430 0.537432
vn -0.039414 0.787702 0.614795
vn -0.035478 0.709522 0.703790
vn -0.116956 0.696060 0.708394
vn -0.160275 0.696060 0.699866
vn -0.230788 0.696060 0.679880
vn -0.312678 0.696060 0.646322
vn -0.321360 0.696060 0.642050
vn -0.321380 0.696060 0.642040
vn -0.319312 0.696060 0.643071
vn -0.281078 0.778099 0.561745
vn -0.200428 0.781796 0.590443
vn -0.159535 0.749081 0.642982
vn -0.158479 0.799955 0.578755
vn -0.262070 0.810498 0.523843
vn -0.173192 0.842432 0.510209
vn -0.241036 0.842432 0.481881
vn -0.153391 0.878795 0.451875
vn -0.137104 0.898018 0.418051
vn -0.133526 0.904118 0.405884
vn -0.128453 0.910109 0.393956
vn -0.128280 0.912403 0.388670
vn -0.122190 0.915816 0.382558
vn -0.167220 0.925412 0.340072
vn -0.132967 0.943792 0.302616
vn -0.080044 0.968499 0.235803
vn -0.207051 0.968499 0.138347
vn -0.203783 0.966405 0.156631
vn -0.279977 0.919825 0.274837
vn -0.289019 0.914017 0.284676
vn -0.348380 0.878795 0.326115
vn -0.383812 0.842432 0.378148
vn -0.393333 0.842432 0.368236
vn -0.417221 0.810498 0.411120
vn -0.518449 0.781796 0.346417
vn -0.455151 0.781796 0.426183
vn -0.562214 0.749081 0.350419
vn -0.596982 0.696060 0.398890
vn -0.571162 0.741490 0.352089
vn -0.581200 0.734045 0.351262
vn -0.586482 0.730580 0.349703
vn -0.591770 0.727478 0.347252
vn -0.596871 0.724934 0.343825
vn -0.601538 0.723173 0.339370
vn -0.615949 0.696060 0.368927
vn -0.653985 0.696060 0.296317
vn -0.682850 0.696060 0.221846
vn -0.658381 0.709522 0.251225
vn -0.693519 0.696060 0.185828
vn -0.680307 0.709522 0.183741
vn -0.686132 0.723173 0.079019
vn -0.714549 0.696060 0.070140
vn -0.684976 0.724931 0.072681
vn -0.682862 0.727478 0.066901
vn -0.680015 0.730589 0.061796
vn -0.676653 0.734059 0.057429
vn -0.716446 0.696060 -0.046958
vn -0.669013 0.741508 0.050862
vn -0.660811 0.749081 0.046966
vn -0.622199 0.781796 -0.040781
vn -0.599401 0.799955 0.028122
vn -0.537649 0.842432 -0.035239
vn -0.538643 0.842434 0.013000
vn -0.476178 0.878795 -0.031210
vn -0.439958 0.898018 -0.001209
vn -0.427283 0.904116 -0.001566
vn -0.409286 0.912403 -0.002236
vn -0.414368 0.910109 -0.000427
vn -0.401593 0.915816 0.002007
vn -0.389403 0.921051 0.005532
vn -0.330515 0.943792 -0.004156
vn -0.329930 0.943791 0.020135
vn -0.253673 0.966846 0.029304
vn -0.447393 0.778099 0.440910
vn -0.524053 0.696060 0.490784
vn -0.518066 0.696060 0.497099
vn -0.511320 0.696060 0.504036
vn -0.512924 0.696060 0.502403
vn -0.511304 0.696060 0.504052
vn -0.715142 0.696060 0.063815
vn -0.711312 0.696060 -0.097650
vn -0.709932 0.696060 -0.107227
vn -0.709928 0.696060 -0.107249
vn -0.710270 0.696060 -0.104963
vn -0.621109 0.778099 -0.093733
vn -0.579189 0.810498 -0.087367
vn -0.532781 0.842432 -0.080329
vn -0.280696 0.943792 -0.174548
vn -0.285446 0.943792 -0.166666
vn -0.310139 0.935153 -0.171179
vn -0.347572 0.912403 -0.216134
vn -0.322429 0.930570 -0.173431
vn -0.335203 0.925400 -0.176844
vn -0.347904 0.919825 -0.181345
vn -0.360055 0.914017 -0.186904
vn -0.405239 0.878795 -0.251994
vn -0.478245 0.842432 -0.248173
vn -0.457552 0.842432 -0.284524
vn -0.519927 0.810498 -0.269757
vn -0.468396 0.799954 -0.375071
vn -0.529506 0.781796 -0.329268
vn -0.507002 0.749081 -0.426412
vn -0.609713 0.696060 -0.379144
vn -0.540095 0.696060 -0.473073
vn -0.541072 0.696060 -0.471955
vn -0.455484 0.696060 -0.555009
vn -0.422014 0.696060 -0.580865
vn -0.384975 0.709522 -0.590231
vn -0.358992 0.696060 -0.621792
vn -0.287178 0.723173 -0.628132
vn -0.281668 0.696060 -0.660427
vn -0.253123 0.696060 -0.671885
vn -0.126937 0.696060 -0.706674
vn -0.140072 0.696060 -0.704188
vn -0.117402 0.696060 -0.708320
vn -0.102788 0.778099 -0.619675
vn -0.557582 0.778099 -0.289247
vn -0.637373 0.696060 -0.330539
vn -0.636316 0.696060 -0.332569
vn -0.632861 0.696060 -0.339098
vn -0.637384 0.696060 -0.330519
vn -0.119661 0.696060 -0.707942
vn -0.117380 0.696060 -0.708324
vn -0.121645 0.781796 -0.611553
vn -0.095888 0.810498 -0.577839
vn -0.211971 0.799955 -0.561374
vn -0.105115 0.842432 -0.528450
vn -0.178814 0.842434 -0.508263
vn -0.093097 0.878795 -0.468030
vn -0.134805 0.898018 -0.418798
vn -0.130543 0.904126 -0.406835
vn -0.124351 0.912403 -0.389945
vn -0.127634 0.910126 -0.394183
vn -0.126006 0.915824 -0.381298
vn -0.088241 0.842432 -0.531527
vn -0.066493 0.914017 -0.400189
vn -0.079849 0.912403 -0.401428
vn -0.065309 0.930578 -0.360221
vn -0.064960 0.919832 -0.386898
vn -0.064605 0.925413 -0.373414
vn -0.072798 0.966405 -0.246498
vn 0.065307 0.930570 -0.360241
vn 0.118609 0.912403 -0.391730
vn 0.125593 0.921051 -0.368635
vn 0.064605 0.925400 -0.373445
vn 0.064961 0.919825 -0.386915
vn 0.066493 0.914017 -0.400189
vn 0.088241 0.842432 -0.531527
vn 0.138327 0.878795 -0.456711
vn 0.134805 0.898018 -0.418798
vn 0.130545 0.904123 -0.406841
vn 0.127638 0.910116 -0.394204
vn 0.156230 0.842432 -0.515656
vn 0.095888 0.810498 -0.577839
vn 0.211971 0.799954 -0.561374
vn 0.180879 0.781796 -0.596722
vn 0.248869 0.749081 -0.613956
vn 0.208370 0.696060 -0.687083
vn 0.255127 0.741490 -0.620567
vn 0.263736 0.734043 -0.625799
vn 0.268920 0.730582 -0.627640
vn 0.317556 0.696060 -0.643940
vn 0.274634 0.727482 -0.628766
vn 0.280785 0.724934 -0.628992
vn 0.287178 0.723173 -0.628132
vn 0.384975 0.709522 -0.590231
vn 0.422026 0.696060 -0.580856
vn 0.418209 0.696060 -0.583611
vn 0.442380 0.709522 -0.548525
vn 0.363195 0.781796 -0.506837
vn 0.341861 0.781796 -0.521465
vn 0.102788 0.778099 -0.619675
vn 0.117402 0.696060 -0.708320
vn 0.119661 0.696060 -0.707942
vn 0.126937 0.696060 -0.706674
vn 0.117380 0.696060 -0.708324
vn 0.281656 0.696060 -0.660432
vn 0.507691 0.696060 -0.507691
vn 0.541063 0.696060 -0.471965
vn 0.576690 0.696060 -0.427702
vn 0.632861 0.696060 -0.339098
vn 0.632905 0.696060 -0.339015
vn 0.636316 0.696060 -0.332569
vn 0.637384 0.696060 -0.330519
vn 0.637373 0.696060 -0.330539
vn 0.557582 0.778099 -0.289247
vn 0.549719 0.781796 -0.294285
vn 0.500827 0.781796 -0.371439
vn 0.519927 0.810498 -0.269757
vn 0.468396 0.799955 -0.375071
vn 0.432770 0.842432 -0.320964
vn 0.428130 0.842434 -0.327124
vn 0.356644 0.898018 -0.257623
vn 0.420798 0.878795 -0.225051
vn 0.346583 0.904126 -0.249873
vn 0.332433 0.912403 -0.238765
vn 0.335450 0.910126 -0.243197
vn 0.323698 0.915824 -0.237666
vn 0.310139 0.935153 -0.171179
vn 0.311782 0.921051 -0.233361
vn 0.269835 0.943792 -0.190910
vn 0.265493 0.943792 -0.196903
vn 0.211937 0.966405 -0.145408
vn 0.475080 0.842432 -0.254179
vn 0.478245 0.842432 -0.248173
vn 0.360055 0.914017 -0.186904
vn 0.360948 0.912403 -0.192969
vn 0.347888 0.919832 -0.181338
vn 0.335173 0.925413 -0.176834
vn 0.322409 0.930578 -0.173426
vn 0.285446 0.943792 -0.166666
vn 0.408799 0.912403 -0.020083
vn 0.362790 0.930571 -0.049210
vn 0.375131 0.925400 -0.053958
vn 0.388055 0.919823 -0.057783
vn 0.401150 0.914017 -0.060427
vn 0.476625 0.878795 -0.023415
vn 0.532781 0.842432 -0.080329
vn 0.538154 0.842432 -0.026438
vn 0.579189 0.810498 -0.087367
vn 0.622783 0.781796 -0.030595
vn 0.621109 0.778099 -0.093733
vn 0.717119 0.696060 -0.035230
vn 0.709932 0.696060 -0.107227
vn 0.710270 0.696060 -0.104963
vn 0.709928 0.696060 -0.107249
vn 0.711312 0.696060 -0.097650
vn 0.715163 0.696060 0.063578
vn 0.714550 0.696060 0.070136
vn 0.696467 0.696060 0.174456
vn 0.686132 0.723173 0.079019
vn 0.680307 0.709522 0.183741
vn 0.658381 0.709522 0.251225
vn 0.601583 0.781796 0.163988
vn 0.572525 0.787702 0.227467
vn 0.597147 0.787493 0.152546
vn 0.519455 0.842432 0.143090
vn 0.522652 0.842432 0.130932
vn 0.459843 0.878795 0.127531
vn 0.523017 0.842430 0.129479
vn 0.433327 0.894599 0.109179
vn 0.413967 0.895024 0.166023
vn 0.394214 0.912403 0.110069
vn 0.308679 0.943809 0.118081
vn 0.318209 0.943792 0.089446
vn 0.242538 0.967710 0.068654
vn 0.319133 0.943806 0.085932
vn 0.682836 0.696060 0.221892
vn 0.663330 0.696060 0.274760
vn 0.616072 0.696060 0.368722
vn 0.615929 0.696060 0.368960
vn 0.555009 0.696060 0.455484
vn 0.581664 0.733727 0.351157
vn 0.571617 0.741129 0.352111
vn 0.562214 0.749081 0.350419
vn 0.481998 0.781796 0.395566
vn 0.501456 0.799955 0.329568
vn 0.416500 0.842432 0.341813
vn 0.443413 0.842434 0.306089
vn 0.368880 0.878795 0.302732
vn 0.355223 0.898018 0.259578
vn 0.316387 0.912403 0.259652
vn 0.344743 0.904126 0.252405
vn 0.329806 0.912403 0.242380
vn 0.334953 0.910126 0.243879
vn 0.326062 0.915825 0.234411
vn 0.318285 0.921051 0.224410
vn 0.255512 0.943792 0.209693
vn 0.264950 0.943792 0.197634
vn 0.278754 0.943791 0.177638
vn 0.518066 0.696060 0.497099
vn 0.511320 0.696060 0.504036
vn 0.447393 0.778099 0.440910
vn 0.512924 0.696060 0.502403
vn 0.511304 0.696060 0.504052
vn 0.417221 0.810498 0.411120
vn 0.383812 0.842432 0.378148
vn 0.289019 0.914017 0.284676
vn 0.271754 0.925413 0.264124
vn 0.264568 0.930578 0.253037
vn 0.279966 0.919832 0.274824
vn 0.258639 0.935153 0.242063
vn 0.246716 0.943792 0.219972
vn 0.203783 0.966405 0.156631
vn 0.072286 0.968499 0.238295
vn 0.085993 0.966405 0.242211
vn 0.158479 0.799954 0.578755
vn 0.181002 0.781796 0.596685
vn 0.159535 0.749081 0.642982
vn 0.154086 0.842433 0.516298
vn 0.137104 0.898018 0.418051
vn 0.133521 0.904125 0.405870
vn 0.128441 0.910122 0.393930
vn 0.136875 0.723173 0.676968
vn 0.142548 0.724932 0.673910
vn 0.147395 0.727481 0.670109
vn 0.151359 0.730583 0.665837
vn 0.154471 0.734047 0.661296
vn 0.158358 0.741490 0.652009
vn -0.154086 0.842434 0.516298
vn -0.158364 0.741508 0.651986
vn -0.154479 0.734059 0.661282
vn -0.151365 0.730589 0.665829
vn -0.147390 0.727478 0.670114
vn -0.142546 0.724931 0.673911
vn -0.136875 0.723173 0.676968
vn 0.599402 0.799954 0.028122
vn 0.660811 0.749081 0.046966
vn 0.669033 0.741490 0.050874
vn 0.676664 0.734047 0.057441
vn 0.680021 0.730583 0.061804
vn 0.682859 0.727481 0.066894
vn 0.684976 0.724932 0.072679
vn 0.538644 0.842433 0.013001
vn 0.439958 0.898018 -0.001209
vn 0.427266 0.904125 -0.001565
vn 0.414340 0.910122 -0.000423
vn 0.401574 0.915824 0.002011
vn 0.389403 0.921051 0.005532
vn 0.236171 0.967821 0.086862
vn 0.586836 0.730359 0.349569
vn 0.592012 0.727346 0.347116
vn 0.596990 0.724881 0.343729
vn 0.601538 0.723173 0.339370
vn 0.499249 0.842430 0.202638
vn 0.178814 0.842433 -0.508264
vn 0.126007 0.915821 -0.381305
vn 0.140242 0.967710 -0.209453
vn 0.183400 0.943792 -0.274995
vn 0.180344 0.943806 -0.276959
vn 0.226501 0.912403 -0.340907
vn 0.507002 0.749081 -0.426412
vn 0.511348 0.741506 -0.434387
vn 0.513669 0.734056 -0.444193
vn 0.513821 0.730587 -0.449700
vn 0.513123 0.727477 -0.455502
vn 0.511436 0.724930 -0.461420
vn 0.508646 0.723173 -0.467226
vn 0.393254 0.787702 -0.474212
vn 0.346996 0.842430 -0.412195
vn -0.428131 0.842433 -0.327125
vn -0.356644 0.898018 -0.257623
vn -0.346588 0.904123 -0.249876
vn -0.335469 0.910116 -0.243207
vn -0.323704 0.915821 -0.237669
vn -0.311782 0.921051 -0.233361
vn -0.140010 0.967821 -0.209091
vn -0.155864 0.967710 -0.198102
vn -0.180320 0.943809 -0.276966
vn -0.204862 0.943792 -0.259402
vn -0.254229 0.912403 -0.320761
vn -0.207674 0.943806 -0.257102
vn -0.259652 0.912403 -0.316387
vn -0.286395 0.894599 -0.343031
vn -0.237321 0.895024 -0.377639
vn -0.347024 0.842430 -0.412173
vn -0.302732 0.878795 -0.368880
vn -0.297060 0.878795 -0.373463
vn -0.284793 0.842430 -0.457389
vn -0.336142 0.842432 -0.421090
vn -0.329481 0.787702 -0.520546
vn -0.393438 0.787493 -0.474406
vn -0.390301 0.781796 -0.486271
vn -0.395566 0.781796 -0.481998
vn -0.442380 0.709522 -0.548525
vn -0.341813 0.842432 -0.416500
vn -0.508646 0.723173 -0.467226
vn -0.511437 0.724931 -0.461419
vn -0.513125 0.727480 -0.455495
vn -0.513821 0.730581 -0.449711
vn -0.513671 0.734045 -0.444208
vn -0.511357 0.741488 -0.434408
vn -0.220168 0.781796 -0.583370
vn -0.248869 0.749081 -0.613956
vn -0.255114 0.741503 -0.620556
vn -0.263727 0.734050 -0.625794
vn -0.268917 0.730584 -0.627639
vn -0.274649 0.727475 -0.628768
vn -0.280796 0.724930 -0.628992
vn -0.501456 0.799954 0.329568
vn -0.443414 0.842433 0.306089
vn -0.355223 0.898018 0.259578
vn -0.344748 0.904123 0.252409
vn -0.334969 0.910116 0.243895
vn -0.242123 0.967821 0.068545
vn -0.236571 0.967710 0.087019
vn -0.319132 0.943809 0.085907
vn -0.310011 0.943792 0.114676
vn -0.395245 0.912403 0.106309
vn -0.383623 0.912403 0.142665
vn -0.432492 0.895024 0.109009
vn -0.414743 0.894599 0.166376
vn -0.446981 0.878795 0.167114
vn -0.499236 0.842430 0.202671
vn -0.504354 0.842432 0.189566
vn -0.572766 0.787493 0.227582
vn -0.596884 0.787702 0.152497
vn -0.583081 0.781796 0.220933
vn -0.602250 0.781796 0.161521
vn -0.308694 0.943806 0.118061
vn -0.520368 0.842432 0.139735
vn -0.523008 0.842430 0.129514
vn -0.460847 0.878795 0.123853
vn -0.012692 0.000000 -0.999919
vn 0.000000 0.000000 -1.000000
vn 0.000000 0.000000 -1.000000
vn 0.006346 0.000000 -0.999980
vn 0.012692 0.000000 -0.999919
vn 0.019037 0.000000 -0.999819
vn 0.025381 0.000000 -0.999678
vn 0.098017 0.000000 -0.995185
vn 0.086068 0.000000 -0.996289
vn 0.146437 0.000000 -0.989220
vn 0.195090 0.000000 -0.980785
vn 0.206805 0.000000 -0.978382
vn 0.266394 0.000000 -0.963864
vn 0.290285 0.000000 -0.956940
vn 0.351635 0.000000 -0.936137
vn 0.382683 0.000000 -0.923880
vn 0.434051 0.000000 -0.900888
vn 0.471397 0.000000 -0.881921
vn 0.512979 0.000000 -0.858401
vn 0.555570 0.000000 -0.831470
vn 0.587785 0.000000 -0.809017
vn 0.634393 0.000000 -0.773010
vn 0.657869 0.000000 -0.753132
vn 0.707107 0.000000 -0.707107
vn 0.722667 0.000000 -0.691197
vn 0.773010 0.000000 -0.634393
vn 0.781658 0.000000 -0.623707
vn 0.831470 0.000000 -0.555570
vn 0.834369 0.000000 -0.551206
vn 0.866591 0.000000 -0.499020
vn 0.881921 0.000000 -0.471397
vn 0.895552 0.000000 -0.444956
vn 0.923880 0.000000 -0.382683
vn 0.920931 0.000000 -0.389726
vn 0.942907 0.000000 -0.333057
vn 0.956940 0.000000 -0.290285
vn 0.951057 0.000000 -0.309017
vn 0.958593 0.000000 -0.284778
vn 0.974124 0.000000 -0.226014
vn 0.980785 0.000000 -0.195090
vn 0.986056 0.000000 -0.166416
vn 0.995185 0.000000 -0.098017
vn 0.994403 0.000000 -0.105654
vn 0.999010 0.000000 -0.044495
vn 1.000000 -0.000000 0.000000
vn 0.998981 -0.000000 0.045143
vn 0.995185 -0.000000 0.098017
vn 0.990925 -0.000000 0.134417
vn 0.980785 -0.000000 0.195090
vn 0.974907 -0.000000 0.222611
vn 0.956940 -0.000000 0.290285
vn 0.951057 -0.000000 0.309017
vn 0.923880 -0.000000 0.382683
vn 0.919564 -0.000000 0.392940
vn 0.881921 -0.000000 0.471397
vn 0.880683 -0.000000 0.473705
vn 0.834726 -0.000000 0.550665
vn 0.831470 -0.000000 0.555570
vn 0.782063 -0.000000 0.623200
vn 0.773010 -0.000000 0.634393
vn 0.742387 -0.000000 0.669971
vn 0.707107 -0.000000 0.707107
vn 0.699919 -0.000000 0.714222
vn 0.655235 -0.000000 0.755425
vn 0.634393 -0.000000 0.773010
vn 0.608130 -0.000000 0.793838
vn 0.587785 -0.000000 0.809017
vn 0.555570 -0.000000 0.831470
vn 0.567062 -0.000000 0.823675
vn 0.515973 -0.000000 0.856605
vn 0.471397 -0.000000 0.881921
vn 0.462979 -0.000000 0.886369
vn 0.407770 -0.000000 0.913085
vn 0.382683 -0.000000 0.923880
vn 0.351028 -0.000000 0.936365
vn 0.290285 -0.000000 0.956940
vn 0.265769 -0.000000 0.964037
vn 0.195090 -0.000000 0.980785
vn 0.178375 -0.000000 0.983963
vn 0.098017 -0.000000 0.995185
vn 0.089547 -0.000000 0.995983
vn 0.000000 -0.000000 1.000000
vn 0.000000 -0.000000 1.000000
vn -0.089547 0.000000 0.995983
vn -0.098017 0.000000 0.995185
vn -0.178375 0.000000 0.983963
vn -0.195090 0.000000 0.980785
vn -0.265769 0.000000 0.964037
vn -0.290285 0.000000 0.956940
vn -0.351028 0.000000 0.936365
vn -0.382683 0.000000 0.923880
vn -0.407770 0.000000 0.913085
vn -0.471397 0.000000 0.881921
vn -0.462979 0.000000 0.886369
vn -0.515973 0.000000 0.856605
vn -0.555570 0.000000 0.831470
vn -0.567062 0.000000 0.823675
vn -0.587785 0.000000 0.809017
vn -0.634393 0.000000 0.773010
vn -0.608130 0.000000 0.793838
vn -0.655235 0.000000 0.755425
vn -0.707107 0.000000 0.707107
vn -0.699919 0.000000 0.714222
vn -0.742387 0.000000 0.669971
vn -0.773010 0.000000 0.634393
vn -0.782063 0.000000 0.623200
vn -0.831470 0.000000 0.555570
vn -0.834726 0.000000 0.550665
vn -0.881921 0.000000 0.471397
vn -0.880683 0.000000 0.473705
vn -0.919564 0.000000 0.392940
vn -0.923880 0.000000 0.382683
vn -0.951057 0.000000 0.309017
vn -0.956940 0.000000 0.290285
vn -0.974907 0.000000 0.222611
vn -0.980785 0.000000 0.195090
vn -0.990925 0.000000 0.134417
vn -0.995185 0.000000 0.098017
vn -0.998981 0.000000 0.045143
vn -1.000000 0.000000 -0.000000
vn -0.999010 0.000000 -0.044495
vn -0.995185 0.000000 -0.098017
vn -0.994403 0.000000 -0.105654
vn -0.986056 0.000000 -0.166416
vn -0.980785 0.000000 -0.195090
vn -0.974124 0.000000 -0.226014
vn -0.956940 0.000000 -0.290285
vn -0.958593 0.000000 -0.284778
vn -0.951057 0.000000 -0.309017
vn -0.942907 0.000000 -0.333057
vn -0.923880 0.000000 -0.382683
vn -0.920931 0.000000 -0.389726
vn -0.895552 0.000000 -0.444956
vn -0.881921 0.000000 -0.471397
vn -0.866591 0.000000 -0.499020
vn -0.831470 0.000000 -0.555570
vn -0.834369 0.000000 -0.551206
vn -0.781658 0.000000 -0.623707
vn -0.773010 0.000000 -0.634393
vn -0.722667 0.000000 -0.691197
vn -0.707107 0.000000 -0.707107
vn -0.657869 0.000000 -0.753132
vn -0.634393 0.000000 -0.773010
vn -0.587785 0.000000 -0.809017
vn -0.555570 0.000000 -0.831470
vn -0.512979 0.000000 -0.858401
vn -0.471397 0.000000 -0.881921
vn -0.434051 0.000000 -0.900888
vn -0.382683 0.000000 -0.923880
vn -0.351635 0.000000 -0.936137
vn -0.290285 0.000000 -0.956940
vn -0.266394 0.000000 -0.963864
vn -0.195090 0.000000 -0.980785
vn -0.206805 0.000000 -0.978382
vn -0.146437 0.000000 -0.989220
vn -0.098017 0.000000 -0.995185
vn -0.086068 0.000000 -0.996289
vn -0.025381 0.000000 -0.999678
vn -0.000000 -1.000000 -0.000000
vn -0.000000 -1.000000 -0.000000
vn -0.000000 -1.000000 -0.000000
vn -0.000000 -1.000000 -0.000000
vn -0.000000 -1.000000 -0.000000
vn -0.000000 -1.000000 -0.000000
vn -0.000000 -1.000000 -0.000000
vn -0.000000 -1.000000 -0.000000
vn -0.000000 -1.000000 -0.000000
vn -0.000000 -1.000000 -0.000000
vn -0.000000 -1.000000 -0.000000
vn -0.000000 -1.000000 -0.000000
vn -0.000000 -1.000000 -0.000000
vn -0.000000 -1.000000 -0.000000
vn -0.000000 -1.000000 -0.000000
vn -0.000000 -1.000000 -0.000000
vn -0.000000 -1.000000 -0.000000
vn -0.000000 -1.000000 -0.000000
vn -0.000000 -1.000000 -0.000000
vn -0.000000 -1.000000 -0.000000
vn -0.000000 -1.000000 -0.000000
vn -0.000000 -1.000000 -0.000000
vn -0.000000 -1.000000 -0.000000
vn -0.000000 -1.000000 -0.000000
vn -0.000000 -1.000000 -0.000000
vn -0.000000 -1.000000 -0.000000
vn -0.000000 -1.000000 -0.000000
vn -0.000000 -1.000000 -0.000000
vn -0.000000 -1.000000 -0.000000
vn -0.000000 -1.000000 -0.000000
vn -0.000000 -1.000000 -0.000000
vn -0.000000 -1.000000 -0.000000
vn -0.000000 -1.000000 -0.000000
vn -0.000000 -1.000000 -0.000000
vn -0.000000 -1.000000 -0.000000
vn -0.000000 -1.000000 -0.000000
vn -0.000000 -1.000000 -0.000000
vn -0.000000 -1.000000 -0.000000
vn -0.000000 -1.000000 -0.000000
vn -0.000000 -1.000000 -0.000000
vn -0.000000 -1.000000 -0.000000
vn -0.000000 -1.000000 -0.000000
vn -0.000000 -1.000000 -0.000000
vn -0.000000 -1.000000 -0.000000
vn -0.000000 -1.000000 -0.000000
vn -0.000000 -1.000000 -0.000000
vn -0.000000 -1.000000 -0.000000
vn -0.000000 -1.000000 -0.000000
vn -0.000000 -1.000000 -0.000000
vn -0.000000 -1.000000 -0.000000
vn -0.000000 -1.000000 -0.000000
vn -0.000000 -1.000000 -0.000000
vn -0.000000 -1.000000 -0.000000
vn -0.000000 -1.000000 -0.000000
vn -0.000000 -1.000000 -0.000000
vn -0.000000 -1.000000 -0.000000
vn -0.000000 -1.000000 -0.000000
vn -0.000000 -1.000000 -0.000000
vn -0.000000 -1.000000 -0.000000
vn -0.000000 -1.000000 -0.000000
vn -0.000000 -1.000000 -0.000000
vn -0.000000 -1.000000 -0.000000
vn -0.000000 -1.000000 -0.000000
vn -0.000000 -1.000000 -0.000000
vn -0.000000 -1.000000 -0.000000
vn -0.000000 -1.000000 -0.000000
vn -0.000000 -1.000000 -0.000000
vn -0.000000 -1.000000 -0.000000
vn -0.000000 -1.000000 -0.000000
vn -0.000000 -1.000000 -0.000000
vn -0.000000 -1.000000 -0.000000
vn -0.000000 -1.000000 -0.000000
vn -0.000000 -1.000000 -0.000000
vn -0.000000 -1.000000 -0.000000
vn -0.000000 -1.000000 -0.000000
vn -0.000000 -1.000000 -0.000000
vn -0.000000 -1.000000 -0.000000
vn -0.000000 -1.000000 -0.000000
vn -0.000000 -1.000000 -0.000000
vn -0.000000 -1.000000 -0.000000
vn -0.000000 -1.000000 -0.000000
vn -0.000000 -1.000000 -0.000000
vn -0.000000 -1.000000 -0.000000
vn -0.000000 -1.000000 -0.000000
vn -0.000000 -1.000000 -0.000000
vn -0.000000 -1.000000 -0.000000
vn -0.000000 -1.000000 -0.000000
vn -0.000000 -1.000000 -0.000000
vn -0.000000 -1.000000 -0.000000
vn -0.000000 -1.000000 -0.000000
vn -0.000000 -1.000000 -0.000000
vn -0.000000 -1.000000 -0.000000
vn -0.000000 -1.000000 -0.000000
vn -0.000000 -1.000000 -0.000000
vn -0.000000 -1.000000 -0.000000
vn -0.000000 -1.000000 -0.000000
vn -0.000000 -1.000000 -0.000000
vn -0.000000 -1.000000 -0.000000
vn -0.000000 -1.000000 -0.000000
vn -0.000000 -1.000000 -0.000000
vn -0.000000 -1.000000 -0.000000
vn -0.000000 -1.000000 -0.000000
vn -0.000000 -1.000000 -0.000000
vn -0.000000 -1.000000 -0.000000
vn -0.000000 -1.000000 -0.000000
vn -0.000000 -1.000000 -0.000000
vn -0.000000 -1.000000 -0.000000
vn -0.000000 -1.000000 -0.000000
vn -0.000000 -1.000000 -0.000000
vn -0.000000 -1.000000 -0.000000
vn -0.000000 -1.000000 -0.000000
vn -0.000000 -1.000000 -0.000000
vn -0.000000 -1.000000 -0.000000
vn -0.000000 -1.000000 -0.000000
vn -0.000000 -1.000000 -0.000000
vn -0.000000 -1.000000 -0.000000
vn -0.000000 -1.000000 -0.000000
vn -0.000000 -1.000000 -0.000000
vn -0.000000 -1.000000 -0.000000
vn -0.000000 -1.000000 -0.000000
vn -0.000000 -1.000000 -0.000000
vn -0.000000 -1.000000 -0.000000
vn -0.000000 -1.000000 -0.000000
vn -0.000000 -1.000000 -0.000000
vn -0.000000 -1.000000 -0.000000
vn -0.000000 -1.000000 -0.000000
vn -0.000000 -1.000000 -0.000000
vn -0.000000 -1.000000 -0.000000
vn 0.951057 0.000000 -0.309017
vn 0.951057 0.000000 -0.309017
vn 0.951057 0.000000 -0.309017
vn 0.951057 0.000000 -0.309017
vn -0.593910 -0.000000 -0.804532
vn -0.593910 -0.000000 -0.804532
vn -0.644658 -0.000000 -0.764471
vn -0.737698 -0.000000 -0.675131
vn -0.692712 -0.000000 -0.721214
vn -0.737870 -0.000000 -0.674943
vn -0.737870 -0.000000 -0.674943
vn -0.737698 -0.000000 -0.675131
vn -0.000000 -1.000000 -0.000000
vn -0.000000 -1.000000 -0.000000
vn -0.000000 -1.000000 -0.000000
vn -0.000000 -1.000000 -0.000000
vn -0.000000 -1.000000 -0.000000
vn -0.000000 -1.000000 -0.000000
vn -0.000000 -1.000000 -0.000000
vn -0.000000 -1.000000 -0.000000
vn -0.199979 -0.000000 0.979800
vn -0.199979 -0.000000 0.979800
vn -0.200228 -0.000000 0.979749
vn -0.200228 -0.000000 0.979749
vn -0.136497 -0.000000 0.990641
vn -0.007591 -0.000000 0.999971
vn -0.072195 -0.000000 0.997391
vn -0.007591 -0.000000 0.999971
vn 0.587785 0.000000 0.809017
vn 0.587785 0.000000 0.809017
vn 0.587785 0.000000 0.809017
vn 0.587785 0.000000 0.809017
vn 0.581627 0.000000 -0.813456
vn 0.581627 0.000000 -0.813456
vn 0.527845 0.000000 -0.849341
vn 0.414126 0.000000 -0.910220
vn 0.471856 0.000000 -0.881676
vn 0.413894 0.000000 -0.910325
vn 0.413894 0.000000 -0.910325
vn 0.414126 0.000000 -0.910220
vn -0.000000 -1.000000 -0.000000
vn -0.000000 -1.000000 -0.000000
vn -0.000000 -1.000000 -0.000000
vn -0.000000 -1.000000 -0.000000
vn -0.000000 -1.000000 -0.000000
vn -0.000000 -1.000000 -0.000000
vn -0.000000 -1.000000 -0.000000
vn -0.000000 -1.000000 -0.000000
vn -0.993642 -0.000000 0.112584
vn -0.993642 -0.000000 0.112584
vn -0.993671 -0.000000 0.112331
vn -0.993671 -0.000000 0.112331
vn -0.984335 -0.000000 0.176309
vn -0.953375 -0.000000 0.301788
vn -0.970884 -0.000000 0.239549
vn -0.953375 -0.000000 0.301788
vn -0.587785 -0.000000 0.809017
vn -0.587785 -0.000000 0.809017
vn -0.587785 -0.000000 0.809017
vn -0.587785 -0.000000 0.809017
vn 0.953375 0.000000 0.301788
vn 0.953375 0.000000 0.301788
vn 0.970884 0.000000 0.239549
vn 0.993642 0.000000 0.112584
vn 0.984335 0.000000 0.176309
vn 0.993671 0.000000 0.112331
vn 0.993671 0.000000 0.112331
vn 0.993642 0.000000 0.112584
vn -0.000000 -1.000000 -0.000000
vn -0.000000 -1.000000 -0.000000
vn -0.000000 -1.000000 -0.000000
vn -0.000000 -1.000000 -0.000000
vn -0.000000 -1.000000 -0.000000
vn -0.000000 -1.000000 -0.000000
vn -0.000000 -1.000000 -0.000000
vn -0.000000 -1.000000 -0.000000
vn -0.414126 -0.000000 -0.910220
vn -0.414126 -0.000000 -0.910220
vn -0.413894 -0.000000 -0.910325
vn -0.413894 -0.000000 -0.910325
vn -0.471856 -0.000000 -0.881676
vn -0.581627 -0.000000 -0.813456
vn -0.527845 -0.000000 -0.849341
vn -0.581627 -0.000000 -0.813456
vn -0.951057 -0.000000 -0.309017
vn -0.951057 -0.000000 -0.309017
vn -0.951057 -0.000000 -0.309017
vn -0.951057 -0.000000 -0.309017
vn 0.007591 0.000000 0.999971
vn 0.007591 0.000000 0.999971
vn 0.072195 0.000000 0.997391
vn 0.199979 0.000000 0.979800
vn 0.136497 0.000000 0.990641
vn 0.200228 0.000000 0.979749
vn 0.200228 0.000000 0.979749
vn 0.199979 0.000000 0.979800
vn -0.000000 -1.000000 -0.000000
vn -0.000000 -1.000000 -0.000000
vn -0.000000 -1.000000 -0.000000
vn -0.000000 -1.000000 -0.000000
vn -0.000000 -1.000000 -0.000000
vn -0.000000 -1.000000 -0.000000
vn -0.000000 -1.000000 -0.000000
vn -0.000000 -1.000000 -0.000000
vn 0.737698 -0.000000 -0.675131
vn 0.737698 -0.000000 -0.675131
vn 0.737870 -0.000000 -0.674943
vn 0.737870 -0.000000 -0.674943
vn 0.692712 -0.000000 -0.721214
vn 0.593910 -0.000000 -0.804532
vn 0.644658 -0.000000 -0.764471
vn 0.593910 -0.000000 -0.804532
vn -0.000000 -0.000000 -1.000000
vn -0.000000 -0.000000 -1.000000
vn -0.000000 -0.000000 -1.000000
vn -0.000000 -0.000000 -1.000000
vn -0.948683 -0.000000 0.316228
vn -0.948683 -0.000000 0.316228
vn -0.926265 -0.000000 0.376872
vn -0.870049 -0.000000 0.492966
vn -0.899975 -0.000000 0.435941
vn -0.869923 -0.000000 0.493188
vn -0.869923 -0.000000 0.493188
vn -0.870049 -0.000000 0.492966
vn -0.000000 -1.000000 -0.000000
vn -0.000000 -1.000000 -0.000000
vn -0.000000 -1.000000 -0.000000
vn -0.000000 -1.000000 -0.000000
vn -0.000000 -1.000000 -0.000000
vn -0.000000 -1.000000 -0.000000
vn -0.000000 -1.000000 -0.000000
vn -0.000000 -1.000000 -0.000000
vn 0.870049 0.000000 0.492966
vn 0.870049 0.000000 0.492966
vn 0.869923 0.000000 0.493188
vn 0.869923 0.000000 0.493188
vn 0.899975 0.000000 0.435941
vn 0.948683 0.000000 0.316228
vn 0.926265 0.000000 0.376872
vn 0.948683 0.000000 0.316228
vn -0.148393 0.000000 0.988928
vn -0.148393 0.000000 0.988928
vn -0.362065 0.000000 0.932153
vn -0.396554 0.000000 0.918011
vn -0.558039 0.000000 0.829815
vn -0.625369 0.000000 0.780329
vn -0.727103 0.000000 0.686528
vn -0.727445 0.000000 0.686166
vn -0.817932 0.000000 0.575315
vn -0.859913 0.000000 0.510441
vn -0.893581 0.000000 0.448901
vn -0.951057 0.000000 0.309017
vn -0.951057 0.000000 0.309017
vn -0.890975 0.000000 0.454052
vn -0.812584 0.000000 0.582844
vn -0.719946 0.000000 0.694030
vn -0.616966 0.000000 0.786990
vn -0.390521 0.000000 0.920594
vn -0.951057 0.000000 0.309017
vn -0.951057 0.000000 0.309017
vn -0.157521 -0.000000 -0.987516
vn -0.157521 -0.000000 -0.987516
vn -0.177550 -0.000000 -0.984112
vn -0.204832 -0.000000 -0.978797
vn -0.219555 -0.000000 -0.975600
vn -0.319003 -0.000000 -0.947754
vn -0.317234 -0.000000 -0.948347
vn -0.385703 -0.000000 -0.922623
vn -0.391389 -0.000000 -0.920225
vn -0.401424 -0.000000 -0.915893
vn -0.403993 -0.000000 -0.914762
vn -0.410286 -0.000000 -0.911957
vn -0.410286 -0.000000 -0.911957
vn -0.411999 -0.000000 -0.911184
vn -0.411999 -0.000000 -0.911184
vn -0.148393 0.000000 0.988928
vn -0.148393 0.000000 0.988928
vn -0.148393 0.000000 0.988928
vn -0.148393 0.000000 0.988928
vn -0.148393 0.000000 0.988928
vn 0.202267 0.000000 0.979331
vn 0.202267 0.000000 0.979331
vn 0.204106 0.000000 0.978949
vn 0.220710 0.000000 0.975339
vn 0.213654 0.000000 0.976909
vn 0.230265 0.000000 0.973128
vn 0.276614 0.000000 0.960981
vn 0.301694 0.000000 0.953405
vn 0.331992 0.000000 0.943282
vn 0.395820 0.000000 0.918328
vn 0.392238 0.000000 0.919864
vn 0.431460 0.000000 0.902132
vn 0.434889 0.000000 0.900484
vn 0.453010 0.000000 0.891506
vn 0.453010 0.000000 0.891506
vn 0.204106 0.000000 0.978949
vn -0.951057 0.000000 0.309017
vn -0.951057 0.000000 0.309017
vn -0.951057 0.000000 0.309017
vn -0.951057 0.000000 0.309017
vn -0.986758 0.000000 0.162198
vn -0.995714 0.000000 0.092488
vn -0.987735 0.000000 0.156138
vn -0.999880 0.000000 0.015500
vn -0.991771 -0.000000 -0.128026
vn -0.999981 0.000000 0.006103
vn -0.990446 -0.000000 -0.137902
vn -0.961855 -0.000000 -0.273561
vn -0.939216 -0.000000 -0.343327
vn -0.857363 -0.000000 -0.514712
vn -0.840822 -0.000000 -0.541311
vn -0.701330 -0.000000 -0.712837
vn -0.701330 -0.000000 -0.712837
vn -0.860252 -0.000000 -0.509870
vn -0.964551 -0.000000 -0.263895
vn -0.991835 -0.000000 -0.127525
vn -0.986383 0.000000 0.164466
vn -0.986383 0.000000 0.164466
vn -0.998414 0.000000 -0.056293
vn -0.995622 0.000000 -0.093469
vn -0.961644 0.000000 -0.274300
vn -0.935367 0.000000 -0.353678
vn -0.877573 0.000000 -0.479443
vn -0.877295 0.000000 -0.479951
vn -0.799866 0.000000 -0.600178
vn -0.751186 0.000000 -0.660090
vn -0.702996 0.000000 -0.711194
vn -0.587785 0.000000 -0.809017
vn -0.587785 0.000000 -0.809017
vn -0.707093 0.000000 -0.707120
vn -0.805320 0.000000 -0.592841
vn -0.882423 0.000000 -0.470457
vn -0.939018 0.000000 -0.343869
vn -0.996199 0.000000 -0.087109
vn -0.587785 0.000000 -0.809017
vn -0.587785 0.000000 -0.809017
vn 0.890506 0.000000 -0.454971
vn 0.890506 0.000000 -0.454971
vn 0.881080 0.000000 -0.472968
vn 0.867595 0.000000 -0.497272
vn 0.860005 0.000000 -0.510286
vn 0.802790 0.000000 -0.596262
vn 0.803901 0.000000 -0.594763
vn 0.758278 0.000000 -0.651931
vn 0.754240 0.000000 -0.656598
vn 0.747019 0.000000 -0.664803
vn 0.745149 0.000000 -0.666897
vn 0.740537 0.000000 -0.672016
vn 0.740537 0.000000 -0.672016
vn 0.739273 0.000000 -0.673406
vn 0.739273 0.000000 -0.673406
vn -0.986383 0.000000 0.164466
vn -0.986383 0.000000 0.164466
vn -0.986383 0.000000 0.164466
vn -0.986383 0.000000 0.164466
vn -0.986383 0.000000 0.164466
vn -0.868895 0.000000 0.494997
vn -0.868895 0.000000 0.494997
vn -0.867963 0.000000 0.496628
vn -0.859400 0.000000 0.511304
vn -0.863073 0.000000 0.505079
vn -0.854344 0.000000 0.519708
vn -0.828469 0.000000 0.560035
vn -0.813513 0.000000 0.581546
vn -0.794523 0.000000 0.607234
vn -0.751067 0.000000 0.660226
vn -0.753635 0.000000 0.657294
vn -0.724650 0.000000 0.689117
vn -0.722023 0.000000 0.691869
vn -0.707884 0.000000 0.706328
vn -0.707884 0.000000 0.706328
vn -0.867963 0.000000 0.496628
vn -0.587785 0.000000 -0.809017
vn -0.587785 0.000000 -0.809017
vn -0.587785 0.000000 -0.809017
vn -0.587785 0.000000 -0.809017
vn -0.459246 0.000000 -0.888309
vn -0.395654 0.000000 -0.918400
vn -0.453932 0.000000 -0.891036
vn -0.323631 0.000000 -0.946183
vn -0.184752 0.000000 -0.982785
vn -0.314697 0.000000 -0.949192
vn -0.174861 0.000000 -0.984593
vn -0.037061 0.000000 -0.999313
vn 0.036290 0.000000 -0.999341
vn 0.224505 0.000000 -0.974473
vn 0.254989 0.000000 -0.966944
vn 0.461225 0.000000 -0.887283
vn 0.461225 0.000000 -0.887283
vn 0.218963 0.000000 -0.975733
vn -0.047186 0.000000 -0.998886
vn -0.185284 0.000000 -0.982685
vn -0.461225 -0.000000 -0.887283
vn -0.461225 -0.000000 -0.887283
vn -0.254989 -0.000000 -0.966944
vn -0.218758 -0.000000 -0.975779
vn -0.036290 -0.000000 -0.999341
vn 0.047275 0.000000 -0.998882
vn 0.184726 0.000000 -0.982790
vn 0.185234 0.000000 -0.982695
vn 0.323593 0.000000 -0.946196
vn 0.395654 0.000000 -0.918400
vn 0.459095 0.000000 -0.888387
vn 0.587785 0.000000 -0.809017
vn 0.587785 0.000000 -0.809017
vn 0.453959 0.000000 -0.891023
vn 0.314867 0.000000 -0.949136
vn 0.174599 0.000000 -0.984640
vn 0.036672 0.000000 -0.999327
vn -0.225107 -0.000000 -0.974334
vn 0.587785 0.000000 -0.809017
vn 0.587785 0.000000 -0.809017
vn 0.707884 0.000000 0.706328
vn 0.707884 0.000000 0.706328
vn 0.722087 0.000000 0.691802
vn 0.741035 0.000000 0.671466
vn 0.751067 0.000000 0.660226
vn 0.815155 0.000000 0.579243
vn 0.814072 0.000000 0.580763
vn 0.854344 0.000000 0.519707
vn 0.857535 0.000000 0.514425
vn 0.863107 0.000000 0.505022
vn 0.864521 0.000000 0.502597
vn 0.867963 0.000000 0.496628
vn 0.867963 0.000000 0.496628
vn 0.868895 0.000000 0.494997
vn 0.868895 0.000000 0.494997
vn -0.461225 0.000000 -0.887283
vn -0.461225 0.000000 -0.887283
vn -0.461225 0.000000 -0.887283
vn -0.461225 0.000000 -0.887283
vn -0.461225 0.000000 -0.887283
vn -0.739273 -0.000000 -0.673406
vn -0.739273 -0.000000 -0.673406
vn -0.740537 -0.000000 -0.672016
vn -0.751848 -0.000000 -0.659336
vn -0.747063 -0.000000 -0.664753
vn -0.758279 -0.000000 -0.651930
vn -0.788636 -0.000000 -0.614860
vn -0.804473 -0.000000 -0.593990
vn -0.823035 -0.000000 -0.567991
vn -0.860005 -0.000000 -0.510286
vn -0.858009 -0.000000 -0.513634
vn -0.879319 -0.000000 -0.476234
vn -0.881124 -0.000000 -0.472885
vn -0.890506 -0.000000 -0.454971
vn -0.890506 -0.000000 -0.454971
vn -0.740537 -0.000000 -0.672016
vn 0.587785 0.000000 -0.809017
vn 0.587785 0.000000 -0.809017
vn 0.587785 0.000000 -0.809017
vn 0.587785 0.000000 -0.809017
vn 0.702906 0.000000 -0.711283
vn 0.751186 0.000000 -0.660090
vn 0.707291 0.000000 -0.706922
vn 0.799848 0.000000 -0.600202
vn 0.877582 0.000000 -0.479427
vn 0.805547 0.000000 -0.592532
vn 0.882379 0.000000 -0.470538
vn 0.938927 0.000000 -0.344116
vn 0.961644 0.000000 -0.274300
vn 0.996159 0.000000 -0.087559
vn 0.998414 0.000000 -0.056293
vn 0.986383 0.000000 0.164466
vn 0.986383 0.000000 0.164466
vn 0.995633 0.000000 -0.093353
vn 0.935396 0.000000 -0.353603
vn 0.877312 0.000000 -0.479921
vn 0.701330 0.000000 -0.712837
vn 0.701330 0.000000 -0.712837
vn 0.840822 0.000000 -0.541311
vn 0.860453 0.000000 -0.509529
vn 0.939216 0.000000 -0.343327
vn 0.964661 0.000000 -0.263493
vn 0.991800 0.000000 -0.127801
vn 0.991887 0.000000 -0.127123
vn 0.999876 0.000000 0.015775
vn 0.995714 0.000000 0.092488
vn 0.986773 0.000000 0.162105
vn 0.951057 0.000000 0.309017
vn 0.951057 0.000000 0.309017
vn 0.987146 0.000000 0.159823
vn 0.999916 0.000000 0.012933
vn 0.991706 0.000000 -0.128527
vn 0.965097 0.000000 -0.261891
vn 0.863580 0.000000 -0.504211
vn 0.951057 0.000000 0.309017
vn 0.951057 0.000000 0.309017
vn -0.453010 0.000000 0.891506
vn -0.453010 0.000000 0.891506
vn -0.434805 0.000000 0.900525
vn -0.409610 0.000000 0.912261
vn -0.395820 0.000000 0.918328
vn -0.298996 0.000000 0.954254
vn -0.300776 0.000000 0.953695
vn -0.230264 0.000000 0.973128
vn -0.224255 0.000000 0.974531
vn -0.213590 0.000000 0.976923
vn -0.210846 0.000000 0.977519
vn -0.204106 0.000000 0.978949
vn -0.204106 0.000000 0.978949
vn -0.202267 0.000000 0.979331
vn -0.202267 0.000000 0.979331
vn 0.701330 0.000000 -0.712837
vn 0.701330 0.000000 -0.712837
vn 0.701330 0.000000 -0.712837
vn 0.701330 0.000000 -0.712837
vn 0.701330 0.000000 -0.712837
vn 0.411999 0.000000 -0.911184
vn 0.411999 0.000000 -0.911184
vn 0.410286 0.000000 -0.911957
vn 0.394732 0.000000 -0.918796
vn 0.401363 0.000000 -0.915919
vn 0.385702 0.000000 -0.922624
vn 0.341065 0.000000 -0.940040
vn 0.316322 0.000000 -0.948652
vn 0.285860 0.000000 -0.958271
vn 0.219554 0.000000 -0.975600
vn 0.223356 0.000000 -0.974737
vn 0.181201 0.000000 -0.983446
vn 0.177458 0.000000 -0.984128
vn 0.157521 0.000000 -0.987516
vn 0.157521 0.000000 -0.987516
vn 0.410286 0.000000 -0.911957
vn 0.951057 0.000000 0.309017
vn 0.951057 0.000000 0.309017
vn 0.951057 0.000000 0.309017
vn 0.951057 0.000000 0.309017
vn 0.893662 0.000000 0.448740
vn 0.859913 0.000000 0.510441
vn 0.890951 0.000000 0.454100
vn 0.817949 0.000000 0.575290
vn 0.727111 0.000000 0.686520
vn 0.812479 0.000000 0.582990
vn 0.720134 0.000000 0.693836
vn 0.617289 0.000000 0.786736
vn 0.558039 0.000000 0.829815
vn 0.391079 0.000000 0.920357
vn 0.362065 0.000000 0.932153
vn 0.148393 0.000000 0.988928
vn 0.148393 0.000000 0.988928
vn 0.396321 0.000000 0.918112
vn 0.625239 0.000000 0.780434
vn 0.727461 0.000000 0.686149
vn 0.894671 0.000000 0.446726
vn 0.894671 0.000000 0.446726
vn 0.774646 0.000000 0.632395
vn 0.750539 0.000000 0.660826
vn 0.616757 0.000000 0.787153
vn 0.548888 0.000000 0.835896
vn 0.428240 0.000000 0.903665
vn 0.427789 0.000000 0.903879
vn 0.294402 0.000000 0.955682
vn 0.219731 0.000000 0.975560
vn 0.150799 0.000000 0.988565
vn 0.000000 0.000000 1.000000
vn 0.000000 0.000000 1.000000
vn 0.156503 0.000000 0.987678
vn 0.303216 0.000000 0.952922
vn 0.437586 0.000000 0.899177
vn 0.557819 0.000000 0.829963
vn 0.754859 0.000000 0.655887
vn 0.894671 0.000000 0.446726
vn 0.894671 0.000000 0.446726
vn 0.894671 0.000000 0.446726
vn 0.894671 0.000000 0.446726
vn 0.894671 0.000000 0.446726
vn -0.000000 0.000000 1.000000
vn -0.000000 0.000000 1.000000
vn -0.987860 -0.000000 -0.155348
vn -0.987860 -0.000000 -0.155348
vn -0.990812 -0.000000 -0.135247
vn -0.994188 -0.000000 -0.107658
vn -0.995697 -0.000000 -0.092668
vn -0.999945 0.000000 0.010518
vn -0.999963 0.000000 0.008652
vn -0.996655 0.000000 0.081719
vn -0.996132 0.000000 0.087868
vn -0.995112 0.000000 0.098750
vn -0.994831 0.000000 0.101544
vn -0.994108 0.000000 0.108395
vn -0.994108 0.000000 0.108395
vn -0.993902 0.000000 0.110263
vn -0.993902 0.000000 0.110263
vn 0.993902 0.000000 0.110263
vn 0.993902 0.000000 0.110263
vn 0.994108 0.000000 0.108395
vn 0.995806 0.000000 0.091489
vn 0.995119 0.000000 0.098684
vn 0.996656 0.000000 0.081718
vn 0.999426 0.000000 0.033884
vn 0.999970 0.000000 0.007691
vn 0.999706 0.000000 -0.024253
vn 0.995697 0.000000 -0.092668
vn 0.996051 0.000000 -0.088786
vn 0.991307 0.000000 -0.131569
vn 0.990799 0.000000 -0.135340
vn 0.987860 0.000000 -0.155348
vn 0.987860 0.000000 -0.155348
vn 0.994108 0.000000 0.108395
vn 0.000000 0.000000 1.000000
vn 0.000000 0.000000 1.000000
vn 0.000000 0.000000 1.000000
vn 0.000000 0.000000 1.000000
vn -0.150620 0.000000 0.988592
vn -0.219731 0.000000 0.975560
vn -0.156556 0.000000 0.987669
vn -0.294373 0.000000 0.955691
vn -0.428229 0.000000 0.903670
vn -0.303387 0.000000 0.952868
vn -0.437343 0.000000 0.899295
vn -0.557478 0.000000 0.830192
vn -0.616757 0.000000 0.787153
vn -0.754462 0.000000 0.656344
vn -0.774646 0.000000 0.632395
vn -0.894671 0.000000 0.446726
vn -0.894671 0.000000 0.446726
vn -0.750707 0.000000 0.660636
vn -0.549027 0.000000 0.835805
vn -0.427769 0.000000 0.903888
vn -0.581627 -0.000000 -0.813456
vn -0.731008 -0.000000 -0.682369
vn -0.581627 -0.000000 -0.813456
vn -0.731970 -0.000000 -0.681337
vn -0.850462 -0.000000 -0.526037
vn -0.851425 -0.000000 -0.524476
vn -0.936329 -0.000000 -0.351124
vn -0.936747 -0.000000 -0.350008
vn -0.986383 -0.000000 -0.164466
vn -0.986383 -0.000000 -0.164466
vn -0.581627 0.000000 -0.813456
vn -0.581627 0.000000 -0.813456
vn -0.581627 0.000000 -0.813456
vn -0.581627 0.000000 -0.813456
vn -0.581627 0.000000 -0.813456
vn -0.581627 0.000000 -0.813456
vn -0.581627 0.000000 -0.813456
vn 0.000000 1.000000 0.000000
vn 0.000000 1.000000 0.000000
vn 0.000000 1.000000 0.000000
vn 0.000000 1.000000 0.000000
vn 0.000000 1.000000 0.000000
vn 0.000000 1.000000 0.000000
vn 0.000000 1.000000 0.000000
vn 0.000000 1.000000 0.000000
vn 0.000000 1.000000 0.000000
vn 0.000000 1.000000 0.000000
vn 0.000000 1.000000 0.000000
vn 0.000000 1.000000 0.000000
vn 0.000000 1.000000 0.000000
vn 0.000000 1.000000 0.000000
vn 0.593910 0.000000 -0.804532
vn 0.593910 0.000000 -0.804532
vn 0.593910 0.000000 -0.804532
vn 0.593910 0.000000 -0.804532
vn 0.593910 0.000000 -0.804532
vn 0.593910 0.000000 -0.804532
vn 0.593910 0.000000 -0.804532
vn 0.593910 0.000000 -0.804532
vn 0.593910 0.000000 -0.804532
vn -0.953375 -0.000000 0.301788
vn -0.874865 -0.000000 0.484366
vn -0.953375 -0.000000 0.301788
vn -0.874181 -0.000000 0.485600
vn -0.763098 -0.000000 0.646283
vn -0.761911 -0.000000 0.647681
vn -0.623281 -0.000000 0.781998
vn -0.622348 -0.000000 0.782741
vn -0.461225 -0.000000 0.887283
vn -0.461225 -0.000000 0.887283
vn 0.423064 -0.000000 -0.906100
vn 0.421805 -0.000000 -0.906687
vn 0.237458 -0.000000 -0.971398
vn 0.235699 -0.000000 -0.971826
vn 0.044595 -0.000000 -0.999005
vn 0.043352 -0.000000 -0.999060
vn -0.148393 -0.000000 -0.988928
vn -0.148393 -0.000000 -0.988928
vn -0.953375 0.000000 0.301788
vn -0.953375 0.000000 0.301788
vn -0.953375 0.000000 0.301788
vn -0.953375 0.000000 0.301788
vn -0.953375 0.000000 0.301788
vn -0.953375 0.000000 0.301788
vn -0.953375 0.000000 0.301788
vn 0.000000 1.000000 0.000000
vn 0.000000 1.000000 0.000000
vn 0.000000 1.000000 0.000000
vn 0.000000 1.000000 0.000000
vn 0.000000 1.000000 0.000000
vn 0.000000 1.000000 0.000000
vn 0.000000 1.000000 0.000000
vn 0.000000 1.000000 0.000000
vn 0.000000 1.000000 0.000000
vn 0.000000 1.000000 0.000000
vn 0.000000 1.000000 0.000000
vn 0.000000 1.000000 0.000000
vn 0.000000 1.000000 0.000000
vn 0.000000 1.000000 0.000000
vn 0.948683 0.000000 0.316228
vn 0.948683 0.000000 0.316228
vn 0.948683 0.000000 0.316228
vn 0.948683 0.000000 0.316228
vn 0.948683 0.000000 0.316228
vn 0.948683 0.000000 0.316228
vn 0.948683 0.000000 0.316228
vn 0.948683 0.000000 0.316228
vn 0.948683 0.000000 0.316228
vn -0.007591 -0.000000 0.999971
vn 0.190302 0.000000 0.981726
vn -0.007591 -0.000000 0.999971
vn 0.191694 0.000000 0.981455
vn 0.378842 0.000000 0.925461
vn 0.380537 0.000000 0.924766
vn 0.551121 0.000000 0.834426
vn 0.552113 0.000000 0.833770
vn 0.701330 0.000000 0.712837
vn 0.701330 0.000000 0.712837
vn 0.992479 0.000000 0.122419
vn 0.992655 0.000000 0.120982
vn 0.997234 -0.000000 -0.074324
vn 0.997097 -0.000000 -0.076142
vn 0.963890 -0.000000 -0.266299
vn 0.963577 -0.000000 -0.267433
vn 0.894671 -0.000000 -0.446726
vn 0.894671 -0.000000 -0.446726
vn -0.007591 0.000000 0.999971
vn -0.007591 0.000000 0.999971
vn -0.007591 0.000000 0.999971
vn -0.007591 0.000000 0.999971
vn -0.007591 0.000000 0.999971
vn -0.007591 0.000000 0.999971
vn -0.007591 0.000000 0.999971
vn 0.834369 0.000000 -0.551206
vn 0.781724 0.000000 -0.623625
vn 0.834369 0.000000 -0.551206
vn 0.746988 0.000000 -0.664838
vn 0.722654 0.000000 -0.691210
vn 0.644258 0.000000 -0.764809
vn 0.657860 0.000000 -0.753140
vn 0.587911 0.000000 -0.808925
vn 0.528290 0.000000 -0.849064
vn 0.513243 0.000000 -0.858243
vn 0.434290 0.000000 -0.900773
vn 0.401466 0.000000 -0.915874
vn 0.351734 0.000000 -0.936100
vn 0.266394 0.000000 -0.963864
vn 0.266394 0.000000 -0.963864
vn 0.782063 -0.000000 0.623200
vn 0.834651 -0.000000 0.550780
vn 0.782063 -0.000000 0.623200
vn 0.863130 -0.000000 0.504981
vn 0.880590 -0.000000 0.473878
vn 0.926463 -0.000000 0.376387
vn 0.919554 -0.000000 0.392963
vn 0.951059 -0.000000 0.309008
vn 0.970759 -0.000000 0.240058
vn 0.974882 -0.000000 0.222723
vn 0.990895 -0.000000 0.134635
vn 0.995108 -0.000000 0.098797
vn 0.998975 -0.000000 0.045272
vn 0.999010 0.000000 -0.044495
vn 0.999010 0.000000 -0.044495
vn -0.266394 0.000000 -0.963864
vn -0.351650 0.000000 -0.936131
vn -0.266394 0.000000 -0.963864
vn -0.401466 0.000000 -0.915874
vn -0.434221 0.000000 -0.900806
vn -0.528290 0.000000 -0.849064
vn -0.513096 0.000000 -0.858331
vn -0.587781 0.000000 -0.809020
vn -0.644258 0.000000 -0.764809
vn -0.657824 0.000000 -0.753172
vn -0.722744 0.000000 -0.691116
vn -0.746988 0.000000 -0.664838
vn -0.781740 0.000000 -0.623604
vn -0.834369 0.000000 -0.551206
vn -0.834369 0.000000 -0.551206
vn -0.351028 0.000000 0.936365
vn -0.265790 0.000000 0.964031
vn -0.351028 0.000000 0.936365
vn -0.213544 0.000000 0.976933
vn -0.178511 0.000000 0.983938
vn -0.071672 0.000000 0.997428
vn -0.089721 0.000000 0.995967
vn 0.000019 -0.000000 1.000000
vn 0.071672 -0.000000 0.997428
vn 0.089618 -0.000000 0.995976
vn 0.178342 -0.000000 0.983969
vn 0.213544 -0.000000 0.976933
vn 0.265656 -0.000000 0.964068
vn 0.351028 -0.000000 0.936365
vn 0.351028 -0.000000 0.936365
vn -0.999010 0.000000 -0.044495
vn -0.998972 0.000000 0.045332
vn -0.999010 0.000000 -0.044495
vn -0.995108 0.000000 0.098797
vn -0.990904 0.000000 0.134570
vn -0.970759 0.000000 0.240058
vn -0.974901 0.000000 0.222638
vn -0.951061 0.000000 0.309002
vn -0.926463 0.000000 0.376387
vn -0.919497 0.000000 0.393096
vn -0.880585 0.000000 0.473888
vn -0.863130 0.000000 0.504981
vn -0.834676 0.000000 0.550741
vn -0.782063 0.000000 0.623200
vn -0.782063 0.000000 0.623200
vn -0.146437 0.000000 -0.989220
vn -0.106238 0.000000 -0.994341
vn -0.025381 0.000000 -0.999678
vn -0.065864 0.000000 -0.997829
vn -0.025381 0.000000 -0.999678
vn -0.146437 0.000000 -0.989220
vn -0.986056 0.000000 -0.166416
vn -0.978504 0.000000 -0.206230
vn -0.958593 0.000000 -0.284778
vn -0.969344 0.000000 -0.245706
vn -0.958593 0.000000 -0.284778
vn -0.986056 0.000000 -0.166416
vn 0.025381 0.000000 -0.999678
vn 0.065864 0.000000 -0.997829
vn 0.146437 0.000000 -0.989220
vn 0.106238 0.000000 -0.994341
vn 0.146437 0.000000 -0.989220
vn 0.025381 0.000000 -0.999678
vn -0.462979 0.000000 0.886369
vn -0.498511 0.000000 0.866884
vn -0.567062 0.000000 0.823675
vn -0.533224 0.000000 0.845974
vn -0.567062 0.000000 0.823675
vn -0.462979 0.000000 0.886369
vn -0.942907 0.000000 -0.333057
vn -0.928638 0.000000 -0.370986
vn -0.895552 0.000000 -0.444956
vn -0.912845 0.000000 -0.408306
vn -0.895552 0.000000 -0.444956
vn -0.942907 0.000000 -0.333057
vn 0.699919 -0.000000 0.714222
vn 0.670407 -0.000000 0.741994
vn 0.608130 -0.000000 0.793838
vn 0.639794 -0.000000 0.768547
vn 0.608130 -0.000000 0.793838
vn 0.699919 -0.000000 0.714222
vn -0.608130 0.000000 0.793838
vn -0.639794 0.000000 0.768547
vn -0.699919 0.000000 0.714222
vn -0.670407 0.000000 0.741994
vn -0.699919 0.000000 0.714222
vn -0.608130 0.000000 0.793838
vn 0.895552 0.000000 -0.444956
vn 0.912845 0.000000 -0.408306
vn 0.942907 0.000000 -0.333057
vn 0.928638 0.000000 -0.370986
vn 0.942907 0.000000 -0.333057
vn 0.895552 0.000000 -0.444956
vn 0.567062 -0.000000 0.823675
vn 0.533224 -0.000000 0.845974
vn 0.462979 -0.000000 0.886369
vn 0.498511 -0.000000 0.866884
vn 0.462979 -0.000000 0.886369
vn 0.567062 -0.000000 0.823675
vn -0.173648 0.000000 -0.984808
vn -0.098017 0.000000 -0.995185
vn 0.000000 0.000000 -1.000000
vn 0.000000 0.000000 -1.000000
vn 0.098017 0.000000 -0.995185
vn -0.342020 0.000000 -0.939693
vn -0.290285 0.000000 -0.956940
vn -0.195090 0.000000 -0.980785
vn -0.382683 0.000000 -0.923880
vn -0.500000 0.000000 -0.866025
vn -0.471397 0.000000 -0.881921
vn -0.555570 0.000000 -0.831470
vn -0.642788 0.000000 -0.766044
vn -0.634393 0.000000 -0.773010
vn -0.707107 0.000000 -0.707107
vn -0.766044 0.000000 -0.642788
vn -0.773010 0.000000 -0.634393
vn -0.831470 0.000000 -0.555570
vn -0.866025 0.000000 -0.500000
vn -0.881921 0.000000 -0.471397
vn -0.923880 0.000000 -0.382683
vn -0.939693 0.000000 -0.342020
vn -0.956940 0.000000 -0.290285
vn -0.984808 0.000000 -0.173648
vn -0.980785 0.000000 -0.195090
vn -0.995185 0.000000 -0.098017
vn -1.000000 0.000000 -0.000000
vn -1.000000 0.000000 -0.000000
vn -0.995185 0.000000 0.098017
vn -0.984808 0.000000 0.173648
vn -0.980785 0.000000 0.195090
vn -0.956940 0.000000 0.290285
vn -0.939693 0.000000 0.342020
vn -0.923880 0.000000 0.382683
vn -0.866025 0.000000 0.500000
vn -0.881921 0.000000 0.471397
vn -0.831470 0.000000 0.555570
vn -0.766044 0.000000 0.642788
vn -0.773010 0.000000 0.634393
vn -0.707107 0.000000 0.707107
vn -0.642788 0.000000 0.766044
vn -0.634393 0.000000 0.773010
vn -0.555570 0.000000 0.831470
vn -0.500000 0.000000 0.866025
vn -0.471397 0.000000 0.881921
vn -0.382683 0.000000 0.923880
vn -0.342020 0.000000 0.939693
vn -0.290285 0.000000 0.956940
vn -0.173648 0.000000 0.984808
vn -0.195090 0.000000 0.980785
vn -0.098017 0.000000 0.995185
vn -0.000000 0.000000 1.000000
vn -0.000000 0.000000 1.000000
vn 0.098017 -0.000000 0.995185
vn 0.173648 -0.000000 0.984808
vn 0.195090 -0.000000 0.980785
vn 0.290285 -0.000000 0.956940
vn 0.342020 -0.000000 0.939693
vn 0.382683 -0.000000 0.923880
vn 0.500000 -0.000000 0.866025
vn 0.471397 -0.000000 0.881921
vn 0.555570 -0.000000 0.831470
vn 0.642788 -0.000000 0.766044
vn 0.634393 -0.000000 0.773010
vn 0.707107 -0.000000 0.707107
vn 0.766044 -0.000000 0.642788
vn 0.773010 -0.000000 0.634393
vn 0.831470 -0.000000 0.555570
vn 0.866025 -0.000000 0.500000
vn 0.881921 -0.000000 0.471397
vn 0.923880 -0.000000 0.382683
vn 0.939693 -0.000000 0.342020
vn 0.956940 -0.000000 0.290285
vn 0.984808 -0.000000 0.173648
vn 0.980785 -0.000000 0.195090
vn 0.995185 -0.000000 0.098017
vn 1.000000 -0.000000 0.000000
vn 1.000000 0.000000 -0.000000
vn 0.995185 0.000000 -0.098017
vn 0.984808 0.000000 -0.173648
vn 0.980785 0.000000 -0.195090
vn 0.956940 0.000000 -0.290285
vn 0.939693 0.000000 -0.342020
vn 0.923880 0.000000 -0.382683
vn 0.866025 0.000000 -0.500000
vn 0.881921 0.000000 -0.471397
vn 0.831470 0.000000 -0.555570
vn 0.766044 0.000000 -0.642788
vn 0.773010 0.000000 -0.634393
vn 0.707107 0.000000 -0.707107
vn 0.642788 0.000000 -0.766044
vn 0.634393 0.000000 -0.773010
vn 0.555570 0.000000 -0.831470
vn 0.500000 0.000000 -0.866025
vn 0.471397 0.000000 -0.881921
vn 0.382683 0.000000 -0.923880
vn 0.342020 0.000000 -0.939693
vn 0.290285 0.000000 -0.956940
vn 0.173648 0.000000 -0.984808
vn 0.195090 0.000000 -0.980785
vn 0.739178 0.000000 -0.673511
vn 0.864427 0.000000 -0.502758
vn 0.739178 0.000000 -0.673511
vn 0.864544 0.000000 -0.502557
vn 0.950958 0.000000 -0.309321
vn 0.951057 0.000000 -0.309017
vn 0.994810 0.000000 -0.101750
vn 0.994826 0.000000 -0.101589
vn 0.993887 0.000000 0.110404
vn 0.993887 0.000000 0.110404
vn 0.951057 0.000000 -0.309017
vn 0.951057 0.000000 -0.309017
vn 0.951057 0.000000 -0.309017
vn 0.951057 0.000000 -0.309017
vn 0.007591 0.000000 -0.999971
vn 0.162070 0.000000 -0.986779
vn 0.007591 0.000000 -0.999971
vn 0.254568 0.000000 -0.967055
vn 0.312808 0.000000 -0.949816
vn 0.485740 0.000000 -0.874103
vn 0.456477 0.000000 -0.889735
vn 0.589162 0.000000 -0.808015
vn 0.686757 0.000000 -0.726887
vn 0.707864 0.000000 -0.706348
vn 0.809370 0.000000 -0.587299
vn 0.845140 0.000000 -0.534544
vn 0.891130 0.000000 -0.453748
vn 0.007591 0.000000 -0.999971
vn 0.007591 0.000000 -0.999971
vn 0.007591 0.000000 -0.999971
vn 0.007591 0.000000 -0.999971
vn 0.007591 0.000000 -0.999971
vn 0.007591 0.000000 -0.999971
vn 0.007591 0.000000 -0.999971
vn 0.987656 0.000000 -0.156638
vn 0.997930 0.000000 -0.064306
vn 1.000000 0.000000 -0.000454
vn 0.982852 0.000000 0.184398
vn 0.987858 0.000000 0.155362
vn 0.951587 0.000000 0.307380
vn 0.906757 0.000000 0.421654
vn 0.892271 0.000000 0.451499
vn 0.811310 0.000000 0.584617
vn 0.774370 0.000000 0.632733
vn 0.711146 0.000000 0.703044
vn 0.593910 0.000000 0.804532
vn 0.593910 0.000000 0.804532
vn 0.593910 0.000000 0.804532
vn 0.593910 0.000000 0.804532
vn 0.593910 0.000000 0.804532
vn 0.593910 0.000000 0.804532
vn 0.593910 0.000000 0.804532
vn 0.593910 0.000000 0.804532
vn 0.593910 0.000000 0.804532
vn 0.423034 0.000000 0.906114
vn 0.421869 0.000000 0.906657
vn 0.237644 0.000000 0.971352
vn 0.236093 0.000000 0.971730
vn 0.044878 0.000000 0.998992
vn 0.043873 0.000000 0.999037
vn -0.701330 0.000000 -0.712837
vn -0.701330 0.000000 -0.712837
vn -0.701330 0.000000 -0.712837
vn -0.701330 0.000000 -0.712837
vn -0.701330 0.000000 -0.712837
vn -0.551546 -0.000000 -0.834144
vn -0.550865 -0.000000 -0.834595
vn -0.379955 -0.000000 -0.925005
vn -0.378604 -0.000000 -0.925559
vn -0.191425 -0.000000 -0.981507
vn -0.190372 -0.000000 -0.981712
vn 0.701330 0.000000 0.712837
vn 0.701330 0.000000 0.712837
vn 0.701330 0.000000 0.712837
vn 0.701330 0.000000 0.712837
vn 0.701330 0.000000 0.712837
vn 0.701330 0.000000 0.712837
vn 0.701330 0.000000 0.712837
vn 0.701330 0.000000 0.712837
vn 0.701330 0.000000 0.712837
vn 0.827210 0.000000 0.561893
vn 0.895138 0.000000 0.445790
vn 0.922637 0.000000 0.385669
vn 0.957085 0.000000 0.289807
vn 0.953995 0.000000 0.299824
vn 0.977383 0.000000 0.211475
vn 0.992609 0.000000 0.121360
vn 0.992609 0.000000 0.121360
vn 0.992609 0.000000 0.121360
vn 0.731704 -0.000000 -0.681623
vn 0.731704 -0.000000 -0.681623
vn 0.666418 -0.000000 -0.745578
vn 0.603953 -0.000000 -0.797020
vn 0.595566 -0.000000 -0.803307
vn 0.519739 -0.000000 -0.854325
vn 0.462154 -0.000000 -0.886800
vn 0.338954 -0.000000 -0.940803
vn 0.148393 -0.000000 -0.988928
vn 0.148393 -0.000000 -0.988928
vn 0.731704 -0.000000 -0.681623
vn 0.148393 0.000000 -0.988928
vn 0.148393 0.000000 -0.988928
vn 0.148393 0.000000 -0.988928
vn 0.148393 0.000000 -0.988928
vn 0.148393 0.000000 -0.988928
vn 0.148393 0.000000 -0.988928
vn 0.148393 0.000000 -0.988928
vn 0.148393 0.000000 -0.988928
vn 0.148393 0.000000 -0.988928
vn -0.043649 -0.000000 -0.999047
vn -0.044258 -0.000000 -0.999020
vn -0.236124 -0.000000 -0.971723
vn -0.237000 -0.000000 -0.971510
vn -0.422080 -0.000000 -0.906559
vn -0.422784 -0.000000 -0.906230
vn -0.593910 -0.000000 -0.804532
vn -0.593910 -0.000000 -0.804532
vn -0.593910 0.000000 -0.804532
vn -0.593910 0.000000 -0.804532
vn -0.593910 0.000000 -0.804532
vn -0.593910 0.000000 -0.804532
vn -0.593910 0.000000 -0.804532
vn -0.593910 0.000000 -0.804532
vn -0.593910 0.000000 -0.804532
vn 0.868965 0.000000 0.494873
vn 0.745293 0.000000 0.666737
vn 0.868965 0.000000 0.494873
vn 0.745119 0.000000 0.666932
vn 0.588089 0.000000 0.808796
vn 0.587785 0.000000 0.809017
vn 0.404204 0.000000 0.914669
vn 0.404035 0.000000 0.914743
vn 0.202128 0.000000 0.979359
vn 0.202128 0.000000 0.979359
vn 0.587785 0.000000 0.809017
vn 0.587785 0.000000 0.809017
vn 0.587785 0.000000 0.809017
vn 0.587785 0.000000 0.809017
vn 0.953375 0.000000 -0.301788
vn 0.988532 0.000000 -0.151011
vn 0.953375 0.000000 -0.301788
vn 0.998390 0.000000 -0.056728
vn 0.999992 0.000000 0.004067
vn 0.981424 0.000000 0.191853
vn 0.987297 0.000000 0.158886
vn 0.950618 0.000000 0.310363
vn 0.903530 0.000000 0.428525
vn 0.890614 0.000000 0.454760
vn 0.808745 0.000000 0.588159
vn 0.769545 0.000000 0.638593
vn 0.706964 0.000000 0.707250
vn 0.953375 0.000000 -0.301788
vn 0.953375 0.000000 -0.301788
vn 0.953375 0.000000 -0.301788
vn 0.953375 0.000000 -0.301788
vn 0.953375 0.000000 -0.301788
vn 0.953375 0.000000 -0.301788
vn 0.953375 0.000000 -0.301788
vn 0.454195 0.000000 0.890903
vn 0.369536 0.000000 0.929217
vn 0.309489 0.000000 0.950903
vn 0.128345 0.000000 0.991730
vn 0.157668 0.000000 0.987492
vn 0.002179 0.000000 0.999998
vn -0.120813 0.000000 0.992675
vn -0.153353 0.000000 0.988171
vn -0.304806 0.000000 0.952414
vn -0.362471 0.000000 0.931995
vn -0.448780 0.000000 0.893642
vn -0.581627 0.000000 0.813456
vn -0.581627 0.000000 0.813456
vn -0.581627 0.000000 0.813456
vn -0.581627 0.000000 0.813456
vn -0.581627 0.000000 0.813456
vn -0.581627 0.000000 0.813456
vn -0.581627 0.000000 0.813456
vn -0.581627 0.000000 0.813456
vn -0.581627 0.000000 0.813456
vn -0.731142 0.000000 0.682225
vn -0.731712 0.000000 0.681614
vn -0.850525 0.000000 0.525934
vn -0.850924 0.000000 0.525289
vn -0.936260 0.000000 0.351309
vn -0.936475 0.000000 0.350734
vn 0.461225 0.000000 -0.887283
vn 0.461225 0.000000 -0.887283
vn 0.461225 0.000000 -0.887283
vn 0.461225 0.000000 -0.887283
vn 0.461225 0.000000 -0.887283
vn 0.622880 0.000000 -0.782318
vn 0.623516 0.000000 -0.781811
vn 0.762323 0.000000 -0.647197
vn 0.763259 0.000000 -0.646093
vn 0.874312 0.000000 -0.485364
vn 0.874828 0.000000 -0.484433
vn -0.461225 0.000000 0.887283
vn -0.461225 0.000000 0.887283
vn -0.461225 0.000000 0.887283
vn -0.461225 0.000000 0.887283
vn -0.461225 0.000000 0.887283
vn -0.461225 0.000000 0.887283
vn -0.461225 0.000000 0.887283
vn -0.461225 0.000000 0.887283
vn -0.461225 0.000000 0.887283
vn -0.278770 -0.000000 0.960358
vn -0.147375 -0.000000 0.989081
vn -0.081682 -0.000000 0.996658
vn 0.020080 0.000000 0.999798
vn 0.009651 0.000000 0.999953
vn 0.100903 0.000000 0.994896
vn 0.191313 0.000000 0.981529
vn 0.191313 0.000000 0.981529
vn 0.191313 0.000000 0.981529
vn 0.874371 0.000000 0.485259
vn 0.874371 0.000000 0.485259
vn 0.915022 0.000000 0.403405
vn 0.944622 0.000000 0.328159
vn 0.948030 0.000000 0.318181
vn 0.973120 0.000000 0.230300
vn 0.986201 0.000000 0.165554
vn 0.999497 0.000000 0.031717
vn 0.986383 0.000000 -0.164466
vn 0.986383 0.000000 -0.164466
vn 0.874371 0.000000 0.485259
vn 0.986383 0.000000 -0.164466
vn 0.986383 0.000000 -0.164466
vn 0.986383 0.000000 -0.164466
vn 0.986383 0.000000 -0.164466
vn 0.986383 0.000000 -0.164466
vn 0.986383 0.000000 -0.164466
vn 0.986383 0.000000 -0.164466
vn 0.986383 0.000000 -0.164466
vn 0.986383 0.000000 -0.164466
vn 0.936662 0.000000 -0.350233
vn 0.936423 0.000000 -0.350874
vn 0.851187 0.000000 -0.524863
vn 0.850717 0.000000 -0.525624
vn 0.731751 0.000000 -0.681572
vn 0.731229 0.000000 -0.682132
vn 0.581627 0.000000 -0.813456
vn 0.581627 0.000000 -0.813456
vn 0.581627 0.000000 -0.813456
vn 0.581627 0.000000 -0.813456
vn 0.581627 0.000000 -0.813456
vn 0.581627 0.000000 -0.813456
vn 0.581627 0.000000 -0.813456
vn 0.581627 0.000000 -0.813456
vn 0.581627 0.000000 -0.813456
vn -0.202128 0.000000 0.979359
vn -0.403796 0.000000 0.914849
vn -0.202128 0.000000 0.979359
vn -0.404035 0.000000 0.914743
vn -0.587481 0.000000 0.809238
vn -0.587785 0.000000 0.809017
vn -0.744996 0.000000 0.667069
vn -0.745119 0.000000 0.666932
vn -0.868965 0.000000 0.494873
vn -0.868965 0.000000 0.494873
vn -0.587785 0.000000 0.809017
vn -0.587785 0.000000 0.809017
vn -0.587785 0.000000 0.809017
vn -0.587785 0.000000 0.809017
vn 0.581627 0.000000 0.813456
vn 0.448903 0.000000 0.893580
vn 0.581627 0.000000 0.813456
vn 0.362471 0.000000 0.931995
vn 0.305219 0.000000 0.952282
vn 0.120813 0.000000 0.992675
vn 0.153678 0.000000 0.988121
vn -0.001696 0.000000 0.999999
vn -0.128345 0.000000 0.991730
vn -0.157488 0.000000 0.987521
vn -0.309585 0.000000 0.950872
vn -0.369536 0.000000 0.929217
vn -0.454231 0.000000 0.890884
vn 0.581627 0.000000 0.813456
vn 0.581627 0.000000 0.813456
vn 0.581627 0.000000 0.813456
vn 0.581627 0.000000 0.813456
vn 0.581627 0.000000 0.813456
vn 0.581627 0.000000 0.813456
vn 0.581627 0.000000 0.813456
vn -0.706928 0.000000 0.707285
vn -0.769545 0.000000 0.638593
vn -0.808698 0.000000 0.588224
vn -0.903530 0.000000 0.428525
vn -0.890407 0.000000 0.455165
vn -0.950352 0.000000 0.311176
vn -0.981424 0.000000 0.191853
vn -0.987177 0.000000 0.159628
vn -0.999990 0.000000 0.004563
vn -0.998390 -0.000000 -0.056728
vn -0.988601 -0.000000 -0.150556
vn -0.953375 -0.000000 -0.301788
vn -0.953375 -0.000000 -0.301788
vn -0.953375 0.000000 -0.301788
vn -0.953375 0.000000 -0.301788
vn -0.953375 0.000000 -0.301788
vn -0.953375 0.000000 -0.301788
vn -0.953375 0.000000 -0.301788
vn -0.953375 0.000000 -0.301788
vn -0.953375 0.000000 -0.301788
vn -0.874770 -0.000000 -0.484538
vn -0.874365 -0.000000 -0.485269
vn -0.763020 -0.000000 -0.646375
vn -0.762529 -0.000000 -0.646954
vn -0.623434 -0.000000 -0.781876
vn -0.622955 -0.000000 -0.782258
vn 0.986383 0.000000 0.164466
vn 0.986383 0.000000 0.164466
vn 0.986383 0.000000 0.164466
vn 0.986383 0.000000 0.164466
vn 0.986383 0.000000 0.164466
vn 0.936509 0.000000 0.350644
vn 0.936223 0.000000 0.351406
vn 0.851091 0.000000 0.525017
vn 0.850331 0.000000 0.526248
vn 0.731786 0.000000 0.681535
vn 0.731060 0.000000 0.682313
vn -0.986383 0.000000 -0.164466
vn -0.986383 0.000000 -0.164466
vn -0.986383 0.000000 -0.164466
vn -0.986383 0.000000 -0.164466
vn -0.986383 0.000000 -0.164466
vn -0.986383 0.000000 -0.164466
vn -0.986383 0.000000 -0.164466
vn -0.986383 0.000000 -0.164466
vn -0.986383 0.000000 -0.164466
vn -0.999497 -0.000000 0.031717
vn -0.986201 -0.000000 0.165552
vn -0.973120 -0.000000 0.230300
vn -0.944622 -0.000000 0.328160
vn -0.948030 -0.000000 0.318181
vn -0.915022 -0.000000 0.403405
vn -0.874371 -0.000000 0.485259
vn -0.874371 -0.000000 0.485259
vn -0.874371 -0.000000 0.485259
vn -0.191313 -0.000000 0.981529
vn -0.191313 -0.000000 0.981529
vn -0.100903 -0.000000 0.994896
vn -0.020079 -0.000000 0.999798
vn -0.009651 -0.000000 0.999953
vn 0.081682 0.000000 0.996658
vn 0.147373 0.000000 0.989081
vn 0.278770 0.000000 0.960358
vn 0.461225 0.000000 0.887283
vn 0.461225 0.000000 0.887283
vn -0.191313 -0.000000 0.981529
vn 0.461225 0.000000 0.887283
vn 0.461225 0.000000 0.887283
vn 0.461225 0.000000 0.887283
vn 0.461225 0.000000 0.887283
vn 0.461225 0.000000 0.887283
vn 0.461225 0.000000 0.887283
vn 0.461225 0.000000 0.887283
vn 0.461225 0.000000 0.887283
vn 0.461225 0.000000 0.887283
vn 0.622536 0.000000 0.782591
vn 0.623072 0.000000 0.782165
vn 0.762205 0.000000 0.647335
vn 0.762784 0.000000 0.646653
vn 0.874337 0.000000 0.485319
vn 0.874708 0.000000 0.484650
vn 0.953375 0.000000 0.301788
vn 0.953375 0.000000 0.301788
vn 0.953375 0.000000 0.301788
vn 0.953375 0.000000 0.301788
vn 0.953375 0.000000 0.301788
vn 0.953375 0.000000 0.301788
vn 0.953375 0.000000 0.301788
vn 0.953375 0.000000 0.301788
vn 0.953375 0.000000 0.301788
vn 0.000000 1.000000 0.000000
vn 0.000000 1.000000 0.000000
vn 0.000000 1.000000 0.000000
vn 0.000000 1.000000 0.000000
vn 0.000000 1.000000 0.000000
vn 0.000000 1.000000 0.000000
vn 0.000000 1.000000 0.000000
vn 0.000000 1.000000 0.000000
vn 0.000000 1.000000 0.000000
vn 0.000000 1.000000 0.000000
vn 0.000000 1.000000 0.000000
vn 0.000000 1.000000 0.000000
vn 0.000000 1.000000 0.000000
vn 0.000000 1.000000 0.000000
vn -0.993887 0.000000 0.110404
vn -0.994864 -0.000000 -0.101217
vn -0.993887 0.000000 0.110404
vn -0.994826 -0.000000 -0.101589
vn -0.951162 -0.000000 -0.308692
vn -0.951057 -0.000000 -0.309017
vn -0.864623 -0.000000 -0.502421
vn -0.864544 -0.000000 -0.502557
vn -0.739178 -0.000000 -0.673511
vn -0.739178 -0.000000 -0.673511
vn -0.951057 0.000000 -0.309017
vn -0.951057 0.000000 -0.309017
vn -0.951057 0.000000 -0.309017
vn -0.951057 0.000000 -0.309017
vn -0.593910 0.000000 0.804532
vn -0.711192 0.000000 0.702997
vn -0.593910 0.000000 0.804532
vn -0.774370 0.000000 0.632733
vn -0.811476 0.000000 0.584386
vn -0.906757 0.000000 0.421654
vn -0.892359 0.000000 0.451327
vn -0.951590 0.000000 0.307369
vn -0.982852 0.000000 0.184398
vn -0.987856 0.000000 0.155375
vn -1.000000 -0.000000 -0.000463
vn -0.997930 -0.000000 -0.064306
vn -0.987656 -0.000000 -0.156641
vn -0.593910 -0.000000 0.804532
vn -0.593910 -0.000000 0.804532
vn -0.593910 -0.000000 0.804532
vn -0.593910 -0.000000 0.804532
vn -0.593910 -0.000000 0.804532
vn -0.593910 -0.000000 0.804532
vn -0.593910 -0.000000 0.804532
vn -0.891111 -0.000000 -0.453785
vn -0.845140 -0.000000 -0.534544
vn -0.809311 -0.000000 -0.587381
vn -0.686757 -0.000000 -0.726887
vn -0.707993 -0.000000 -0.706219
vn -0.589552 -0.000000 -0.807731
vn -0.485740 -0.000000 -0.874103
vn -0.456775 -0.000000 -0.889582
vn -0.313231 -0.000000 -0.949677
vn -0.254568 -0.000000 -0.967055
vn -0.162207 -0.000000 -0.986757
vn -0.007591 -0.000000 -0.999971
vn -0.007591 -0.000000 -0.999971
vn -0.007591 0.000000 -0.999971
vn -0.007591 0.000000 -0.999971
vn -0.007591 0.000000 -0.999971
vn -0.007591 0.000000 -0.999971
vn -0.007591 0.000000 -0.999971
vn -0.007591 0.000000 -0.999971
vn -0.007591 0.000000 -0.999971
vn 0.190339 0.000000 -0.981718
vn 0.191310 0.000000 -0.981530
vn 0.378673 0.000000 -0.925531
vn 0.379647 0.000000 -0.925132
vn 0.550886 0.000000 -0.834581
vn 0.551463 0.000000 -0.834199
vn 0.148393 0.000000 0.988928
vn 0.148393 0.000000 0.988928
vn 0.148393 0.000000 0.988928
vn 0.148393 0.000000 0.988928
vn 0.148393 0.000000 0.988928
vn -0.044133 0.000000 0.999026
vn -0.044559 0.000000 0.999007
vn -0.236505 0.000000 0.971630
vn -0.237164 0.000000 0.971470
vn -0.422135 0.000000 0.906533
vn -0.422744 0.000000 0.906249
vn -0.148393 0.000000 -0.988928
vn -0.148393 0.000000 -0.988928
vn -0.148393 0.000000 -0.988928
vn -0.148393 0.000000 -0.988928
vn -0.148393 0.000000 -0.988928
vn -0.148393 0.000000 -0.988928
vn -0.148393 0.000000 -0.988928
vn -0.148393 0.000000 -0.988928
vn -0.148393 0.000000 -0.988928
vn -0.338954 -0.000000 -0.940803
vn -0.462153 -0.000000 -0.886800
vn -0.519739 -0.000000 -0.854325
vn -0.603954 -0.000000 -0.797019
vn -0.595566 -0.000000 -0.803307
vn -0.666418 -0.000000 -0.745578
vn -0.731704 -0.000000 -0.681623
vn -0.731704 -0.000000 -0.681623
vn -0.731704 -0.000000 -0.681623
vn -0.992609 -0.000000 0.121360
vn -0.992609 -0.000000 0.121360
vn -0.977383 -0.000000 0.211475
vn -0.957085 -0.000000 0.289808
vn -0.953995 -0.000000 0.299824
vn -0.922637 -0.000000 0.385669
vn -0.895138 -0.000000 0.445788
vn -0.827210 -0.000000 0.561893
vn -0.701330 -0.000000 0.712837
vn -0.701330 -0.000000 0.712837
vn -0.992609 -0.000000 0.121360
vn -0.701330 -0.000000 0.712837
vn -0.701330 -0.000000 0.712837
vn -0.701330 -0.000000 0.712837
vn -0.701330 -0.000000 0.712837
vn -0.701330 -0.000000 0.712837
vn -0.701330 -0.000000 0.712837
vn -0.701330 -0.000000 0.712837
vn -0.701330 -0.000000 0.712837
vn -0.701330 -0.000000 0.712837
vn -0.551914 -0.000000 0.833901
vn -0.551342 -0.000000 0.834279
vn -0.380119 -0.000000 0.924938
vn -0.379290 -0.000000 0.925278
vn -0.191372 -0.000000 0.981518
vn -0.190628 -0.000000 0.981662
vn 0.007591 0.000000 0.999971
vn 0.007591 0.000000 0.999971
vn 0.007591 0.000000 0.999971
vn 0.007591 0.000000 0.999971
vn 0.007591 0.000000 0.999971
vn 0.007591 0.000000 0.999971
vn 0.007591 0.000000 0.999971
vn 0.007591 0.000000 0.999971
vn 0.007591 0.000000 0.999971
vn 0.000000 1.000000 0.000000
vn 0.000000 1.000000 0.000000
vn 0.000000 1.000000 0.000000
vn 0.000000 1.000000 0.000000
vn 0.000000 1.000000 0.000000
vn 0.000000 1.000000 0.000000
vn 0.000000 1.000000 0.000000
vn 0.000000 1.000000 0.000000
vn 0.000000 1.000000 0.000000
vn 0.000000 1.000000 0.000000
vn 0.000000 1.000000 0.000000
vn 0.000000 1.000000 0.000000
vn 0.000000 1.000000 0.000000
vn 0.000000 1.000000 0.000000
vn -0.965926 -0.000000 -0.258819
vn -0.993887 -0.000000 -0.110404
vn -1.000000 -0.000000 -0.000000
vn -0.994826 -0.000000 0.101589
vn -0.965926 -0.000000 0.258819
vn -0.951057 -0.000000 0.309017
vn -0.866025 -0.000000 0.500000
vn -0.864544 -0.000000 0.502557
vn -0.739178 -0.000000 0.673511
vn -0.866025 -0.000000 -0.500000
vn -0.868965 -0.000000 -0.494873
vn -0.927920 -0.000000 -0.372779
vn -0.969817 -0.000000 -0.243833
vn -0.745119 -0.000000 -0.666932
vn -0.707107 -0.000000 -0.707107
vn -0.587785 -0.000000 -0.809017
vn -0.500000 -0.000000 -0.866025
vn -0.404035 -0.000000 -0.914743
vn -0.258819 -0.000000 -0.965926
vn -0.202128 -0.000000 -0.979359
vn -0.067791 -0.000000 -0.997700
vn -0.202128 -0.000000 -0.979359
vn 0.000000 -0.000000 -1.000000
vn 0.067791 -0.000000 -0.997700
vn 0.202128 -0.000000 -0.979359
vn 0.202128 -0.000000 -0.979359
vn 0.258819 -0.000000 -0.965926
vn 0.404035 -0.000000 -0.914743
vn 0.500000 -0.000000 -0.866025
vn 0.587785 -0.000000 -0.809017
vn 0.707107 -0.000000 -0.707107
vn 0.745119 -0.000000 -0.666932
vn 0.866025 -0.000000 -0.500000
vn 0.868965 -0.000000 -0.494873
vn 0.927920 -0.000000 -0.372779
vn 0.868965 -0.000000 -0.494873
vn 0.965926 -0.000000 -0.258819
vn 0.969817 -0.000000 -0.243833
vn 0.993887 -0.000000 -0.110404
vn 0.993887 -0.000000 -0.110404
vn 1.000000 0.000000 -0.000000
vn 0.994826 0.000000 0.101589
vn 0.965926 0.000000 0.258819
vn 0.951057 0.000000 0.309017
vn 0.866025 0.000000 0.500000
vn 0.864544 0.000000 0.502557
vn 0.739178 0.000000 0.673511
vn 0.707107 0.000000 0.707107
vn 0.739178 0.000000 0.673511
vn 0.641277 0.000000 0.767309
vn 0.500000 0.000000 0.866025
vn 0.531589 0.000000 0.847003
vn 0.412128 0.000000 0.911126
vn 0.412128 0.000000 0.911126
vn 0.258819 0.000000 0.965926
vn 0.210801 0.000000 0.977529
vn 0.000000 0.000000 1.000000
vn -0.000000 -0.000000 1.000000
vn -0.210801 -0.000000 0.977529
vn -0.258819 -0.000000 0.965926
vn -0.412128 -0.000000 0.911126
vn -0.500000 -0.000000 0.866025
vn -0.531589 -0.000000 0.847003
vn -0.641277 -0.000000 0.767309
vn -0.707107 -0.000000 0.707107
vn -0.739178 -0.000000 0.673511
vn -0.993887 -0.000000 -0.110404
vn -0.412128 -0.000000 0.911126
vn -0.868965 -0.000000 -0.494873
vn 0.000000 1.000000 0.000000
vn 0.000000 1.000000 0.000000
vn 0.000000 1.000000 0.000000
vn 0.000000 1.000000 0.000000
vn 0.000000 1.000000 0.000000
vn 0.000000 1.000000 0.000000
vn 0.000000 1.000000 0.000000
vn 0.000000 1.000000 0.000000
vn 0.000000 1.000000 0.000000
vn 0.000000 1.000000 0.000000
vn 0.000000 1.000000 0.000000
vn 0.000000 1.000000 0.000000
vn 0.000000 1.000000 0.000000
vn 0.000000 1.000000 0.000000
vn 0.000000 1.000000 0.000000
vn 0.000000 1.000000 0.000000
vn 0.000000 1.000000 0.000000
vn 0.000000 1.000000 0.000000
vn 0.000000 1.000000 0.000000
vn 0.000000 1.000000 0.000000
vn 0.000000 1.000000 0.000000
vn 0.000000 1.000000 0.000000
vn 0.000000 1.000000 0.000000
vn 0.000000 1.000000 0.000000
vn 0.000000 1.000000 0.000000
vn 0.000000 1.000000 0.000000
vn 0.000000 1.000000 0.000000
vn 0.000000 1.000000 0.000000
vn 0.000000 1.000000 0.000000
vn 0.000000 1.000000 0.000000
vn 0.000000 1.000000 0.000000
vn 0.000000 1.000000 0.000000
vn 0.000000 1.000000 0.000000
vn 0.000000 1.000000 0.000000
vn 0.000000 1.000000 0.000000
vn 0.000000 1.000000 0.000000
vn 0.000000 1.000000 0.000000
vn 0.000000 1.000000 0.000000
vn 0.000000 1.000000 0.000000
vn 0.000000 1.000000 0.000000
vn 0.000000 1.000000 0.000000
vn 0.000000 1.000000 0.000000
vn 0.000000 1.000000 0.000000
vn 0.000000 1.000000 0.000000
vn 0.000000 1.000000 0.000000
vn 0.000000 1.000000 0.000000
vn 0.000000 1.000000 0.000000
vn 0.000000 1.000000 0.000000
vn 0.000000 1.000000 0.000000
vn 0.000000 1.000000 0.000000
vn 0.000000 1.000000 0.000000
vn 0.000000 1.000000 0.000000
vn 0.000000 1.000000 0.000000
vn 0.000000 1.000000 0.000000
vn 0.000000 1.000000 0.000000
vn 0.000000 1.000000 0.000000
vn 0.000000 1.000000 0.000000
vn 0.000000 1.000000 0.000000
vn 0.000000 1.000000 0.000000
vn 0.000000 1.000000 0.000000
vn 0.000000 1.000000 0.000000
vn 0.000000 1.000000 0.000000
vn 0.000000 1.000000 0.000000
vn 0.000000 1.000000 0.000000
vn 0.000000 1.000000 0.000000
vn 0.000000 1.000000 0.000000
vn 0.000000 1.000000 0.000000
vn 0.000000 1.000000 0.000000
vn 0.000000 1.000000 0.000000
vn 0.000000 1.000000 0.000000
vn 0.000000 1.000000 0.000000
vn 0.000000 1.000000 0.000000
vn 0.000000 1.000000 0.000000
vn 0.000000 1.000000 0.000000
vn 0.000000 1.000000 0.000000
vn 0.000000 1.000000 0.000000
vn 0.000000 1.000000 0.000000
vn -0.259978 0.000000 -0.965614
vn -0.415367 0.000000 -0.909654
vn -0.415367 0.000000 -0.909654
vn -0.559426 0.000000 -0.828880
vn -0.559426 0.000000 -0.828880
vn -0.688226 0.000000 -0.725497
vn -0.688226 0.000000 -0.725497
vn -0.798252 0.000000 -0.602323
vn -0.798252 0.000000 -0.602323
vn -0.886504 0.000000 -0.462721
vn -0.886504 0.000000 -0.462721
vn -0.950575 0.000000 -0.310496
vn -0.950575 0.000000 -0.310496
vn -0.988716 0.000000 -0.149802
vn -0.988716 0.000000 -0.149802
vn -0.999888 -0.000000 0.014979
vn -0.999888 -0.000000 0.014979
vn -0.983785 -0.000000 0.179351
vn -0.983785 -0.000000 0.179351
vn -0.940848 -0.000000 0.338830
vn -0.940848 -0.000000 0.338830
vn -0.872246 -0.000000 0.489067
vn -0.872246 -0.000000 0.489067
vn -0.779852 -0.000000 0.625964
vn -0.779852 -0.000000 0.625964
vn -0.666185 -0.000000 0.745786
vn -0.666185 -0.000000 0.745786
vn -0.534347 -0.000000 0.845265
vn -0.534347 -0.000000 0.845265
vn -0.387933 -0.000000 0.921687
vn -0.387933 -0.000000 0.921687
vn -0.230938 -0.000000 0.972969
vn -0.230938 -0.000000 0.972969
vn -0.067643 -0.000000 0.997710
vn -0.067643 -0.000000 0.997710
vn 0.097498 -0.000000 0.995236
vn 0.097498 -0.000000 0.995236
vn 0.259978 -0.000000 0.965614
vn 0.259978 -0.000000 0.965614
vn 0.415367 -0.000000 0.909654
vn 0.415367 -0.000000 0.909654
vn 0.559426 -0.000000 0.828880
vn 0.559426 -0.000000 0.828880
vn 0.688226 -0.000000 0.725497
vn 0.688226 -0.000000 0.725497
vn 0.798252 -0.000000 0.602323
vn 0.798252 -0.000000 0.602323
vn 0.886504 -0.000000 0.462721
vn 0.886504 -0.000000 0.462721
vn 0.950575 -0.000000 0.310496
vn 0.950575 -0.000000 0.310496
vn 0.988716 -0.000000 0.149802
vn 0.988716 -0.000000 0.149802
vn 0.999888 -0.000000 -0.014979
vn 0.999888 -0.000000 -0.014979
vn 0.983785 -0.000000 -0.179351
vn 0.983785 -0.000000 -0.179351
vn 0.940848 -0.000000 -0.338830
vn 0.940848 -0.000000 -0.338830
vn 0.872246 -0.000000 -0.489067
vn 0.872246 -0.000000 -0.489067
vn 0.779852 -0.000000 -0.625964
vn 0.779852 -0.000000 -0.625964
vn 0.666185 -0.000000 -0.745786
vn 0.666185 -0.000000 -0.745786
vn 0.534347 -0.000000 -0.845265
vn 0.534347 -0.000000 -0.845265
vn 0.387933 -0.000000 -0.921687
vn 0.387933 -0.000000 -0.921687
vn 0.230938 -0.000000 -0.972969
vn 0.230938 -0.000000 -0.972969
vn 0.067643 -0.000000 -0.997710
vn 0.067643 -0.000000 -0.997710
vn -0.097498 0.000000 -0.995236
vn -0.097498 0.000000 -0.995236
vn -0.259978 0.000000 -0.965614
vn 0.999581 -0.000000 0.028962
vn 0.993551 0.000000 -0.113386
vn 0.996584 0.000000 -0.082579
vn 0.993551 0.000000 -0.113386
vn 0.969400 0.000000 -0.245485
vn 0.969573 0.000000 -0.244803
vn 0.928292 0.000000 -0.371851
vn 0.915773 0.000000 -0.401695
vn 0.870446 0.000000 -0.492264
vn 0.837166 0.000000 -0.546948
vn 0.870446 0.000000 -0.492264
vn 0.791654 0.000000 -0.610970
vn 0.735724 0.000000 -0.677282
vn 0.696792 0.000000 -0.717273
vn 0.614213 0.000000 -0.789141
vn 0.587785 0.000000 -0.809017
vn 0.475947 0.000000 -0.879474
vn 0.466847 0.000000 -0.884338
vn 0.336432 0.000000 -0.941708
vn 0.324699 0.000000 -0.945817
vn 0.199188 0.000000 -0.979961
vn 0.199188 0.000000 -0.979961
vn 0.164595 0.000000 -0.986361
vn 0.066793 0.000000 -0.997767
vn 0.000000 0.000000 -1.000000
vn -0.066793 0.000000 -0.997767
vn -0.164595 0.000000 -0.986361
vn -0.199188 0.000000 -0.979961
vn -0.324699 0.000000 -0.945817
vn -0.199188 0.000000 -0.979961
vn -0.336432 0.000000 -0.941708
vn -0.475947 0.000000 -0.879474
vn -0.466847 0.000000 -0.884338
vn -0.587785 0.000000 -0.809017
vn -0.614213 0.000000 -0.789141
vn -0.696792 0.000000 -0.717273
vn -0.735724 0.000000 -0.677282
vn -0.791654 0.000000 -0.610970
vn -0.837166 0.000000 -0.546948
vn -0.870446 0.000000 -0.492264
vn -0.870446 0.000000 -0.492264
vn -0.915773 0.000000 -0.401695
vn -0.928292 0.000000 -0.371851
vn -0.969400 0.000000 -0.245485
vn -0.969573 0.000000 -0.244803
vn -0.993551 0.000000 -0.113386
vn -0.996584 0.000000 -0.082579
vn -0.993551 0.000000 -0.113386
vn -0.999581 0.000000 0.028962
vn -0.996584 0.000000 0.082579
vn -0.985319 0.000000 0.170722
vn -0.969400 0.000000 0.245485
vn -0.951057 0.000000 0.309017
vn -0.915773 0.000000 0.401695
vn -0.897488 0.000000 0.441039
vn -0.837166 0.000000 0.546948
vn -0.825701 0.000000 0.564108
vn -0.737153 0.000000 0.675725
vn -0.737153 0.000000 0.675725
vn -0.735724 0.000000 0.677282
vn -0.640510 0.000000 0.767950
vn -0.614213 0.000000 0.789141
vn -0.532436 0.000000 0.846470
vn -0.475947 0.000000 0.879474
vn -0.414860 0.000000 0.909885
vn -0.324699 0.000000 0.945817
vn -0.414860 0.000000 0.909885
vn -0.281342 0.000000 0.959607
vn -0.164595 0.000000 0.986361
vn -0.142114 0.000000 0.989850
vn -0.000000 0.000000 1.000000
vn -0.000000 0.000000 1.000000
vn 0.142114 -0.000000 0.989850
vn 0.164595 -0.000000 0.986361
vn 0.281342 -0.000000 0.959607
vn 0.324699 -0.000000 0.945817
vn 0.414860 -0.000000 0.909885
vn 0.414860 -0.000000 0.909885
vn 0.475947 -0.000000 0.879474
vn 0.532436 -0.000000 0.846470
vn 0.614213 -0.000000 0.789141
vn 0.640510 -0.000000 0.767950
vn 0.735724 -0.000000 0.677282
vn 0.737153 -0.000000 0.675725
vn 0.825701 -0.000000 0.564108
vn 0.737153 -0.000000 0.675725
vn 0.837166 -0.000000 0.546948
vn 0.897488 -0.000000 0.441039
vn 0.915773 -0.000000 0.401695
vn 0.951057 -0.000000 0.309017
vn 0.969400 -0.000000 0.245485
vn 0.985319 -0.000000 0.170722
vn 0.996584 -0.000000 0.082579
vn 0.958593 0.000000 -0.284778
vn 0.969344 0.000000 -0.245706
vn 0.986056 0.000000 -0.166416
vn 0.978504 0.000000 -0.206230
vn 0.986056 0.000000 -0.166416
vn 0.958593 0.000000 -0.284778
vn -0.000000 -1.000000 -0.000000
vn -0.000000 -1.000000 -0.000000
vn -0.000000 -1.000000 -0.000000
vn -0.000000 -1.000000 -0.000000
vn -0.000000 -1.000000 -0.000000
vn -0.000000 -1.000000 -0.000000
vn -0.000000 -1.000000 -0.000000
vn -0.000000 -1.000000 -0.000000
vn -0.000000 -1.000000 -0.000000
vn -0.000000 -1.000000 -0.000000
vn -0.000000 -1.000000 -0.000000
vn -0.000000 -1.000000 -0.000000
vn -0.000000 -1.000000 -0.000000
vn -0.000000 -1.000000 -0.000000
vn -0.000000 -1.000000 -0.000000
vn -0.000000 -1.000000 -0.000000
vn -0.000000 -1.000000 -0.000000
vn -0.000000 -1.000000 -0.000000
vn -0.000000 -1.000000 -0.000000
vn -0.000000 -1.000000 -0.000000
vn -0.000000 -1.000000 -0.000000
vn -0.000000 -1.000000 -0.000000
vn -0.000000 -1.000000 -0.000000
vn -0.000000 -1.000000 -0.000000
vn -0.000000 -1.000000 -0.000000
vn -0.000000 -1.000000 -0.000000
vn -0.000000 -1.000000 -0.000000
vn -0.000000 -1.000000 -0.000000
vn -0.000000 -1.000000 -0.000000
vn -0.000000 -1.000000 -0.000000
vn -0.000000 -1.000000 -0.000000
vn -0.000000 -1.000000 -0.000000
vn -0.000000 -1.000000 -0.000000
vn -0.000000 -1.000000 -0.000000
vn -0.000000 -1.000000 -0.000000
vn -0.000000 -1.000000 -0.000000
vn -0.000000 -1.000000 -0.000000
vn -0.000000 -1.000000 -0.000000
vn -0.000000 -1.000000 -0.000000
vn -0.000000 -1.000000 -0.000000
vn -0.000000 -1.000000 -0.000000
vn -0.000000 -1.000000 -0.000000
vn -0.000000 -1.000000 -0.000000
vn -0.000000 -1.000000 -0.000000
vn -0.000000 -1.000000 -0.000000
vn -0.000000 -1.000000 -0.000000
vn -0.000000 -1.000000 -0.000000
vn -0.000000 -1.000000 -0.000000
vn -0.000000 -1.000000 -0.000000
vn -0.000000 -1.000000 -0.000000
vn -0.000000 -1.000000 -0.000000
vn -0.000000 -1.000000 -0.000000
vn -0.000000 -1.000000 -0.000000
vn -0.000000 -1.000000 -0.000000
vn -0.000000 -1.000000 -0.000000
vn -0.000000 -1.000000 -0.000000
vn -0.000000 -1.000000 -0.000000
vn -0.000000 -1.000000 -0.000000
vn -0.000000 -1.000000 -0.000000
vn -0.000000 -1.000000 -0.000000
vn -0.000000 -1.000000 -0.000000
vn -0.000000 -1.000000 -0.000000
vn -0.000000 -1.000000 -0.000000
vn -0.000000 -1.000000 -0.000000
vn -0.000000 -1.000000 -0.000000
vn -0.000000 -1.000000 -0.000000
vn -0.000000 -1.000000 -0.000000
vn -0.000000 -1.000000 -0.000000
vn -0.000000 -1.000000 -0.000000
vn -0.000000 -1.000000 -0.000000
vn -0.000000 -1.000000 -0.000000
vn -0.000000 -1.000000 -0.000000
vn -0.000000 -1.000000 -0.000000
vn -0.000000 -1.000000 -0.000000
vn -0.000000 -1.000000 -0.000000
vn -0.000000 -1.000000 -0.000000
vn -0.000000 -1.000000 -0.000000
vn -0.000000 -1.000000 -0.000000
vn -0.000000 -1.000000 -0.000000
vn -0.000000 -1.000000 -0.000000
vn -0.000000 -1.000000 -0.000000
vn -0.000000 -1.000000 -0.000000
vn -0.000000 -1.000000 -0.000000
vn -0.000000 -1.000000 -0.000000
vn -0.000000 -1.000000 -0.000000
vn -0.000000 -1.000000 -0.000000
vn -0.000000 -1.000000 -0.000000
vn -0.000000 -1.000000 -0.000000
vn -0.000000 -1.000000 -0.000000
vn -0.000000 -1.000000 -0.000000
vn -0.000000 -1.000000 -0.000000
vn -0.000000 -1.000000 -0.000000
vn -0.000000 -1.000000 -0.000000
vn -0.000000 -1.000000 -0.000000
vn -0.000000 -1.000000 -0.000000
vn -0.000000 -1.000000 -0.000000
vn -0.000000 -1.000000 -0.000000
vn -0.000000 -1.000000 -0.000000
vn -0.000000 -1.000000 -0.000000
vn -0.000000 -1.000000 -0.000000
vn -0.000000 -1.000000 -0.000000
vn -0.000000 -1.000000 -0.000000
vn -0.000000 -1.000000 -0.000000
vn -0.000000 -1.000000 -0.000000
vn -0.000000 -1.000000 -0.000000
vn -0.000000 -1.000000 -0.000000
vn -0.000000 -1.000000 -0.000000
vn -0.000000 -1.000000 -0.000000
vn -0.000000 -1.000000 -0.000000
vn -0.000000 -1.000000 -0.000000
vn -0.000000 -1.000000 -0.000000
vn -0.000000 -1.000000 -0.000000
vn -0.000000 -1.000000 -0.000000
vn -0.000000 -1.000000 -0.000000
vn -0.000000 -1.000000 -0.000000
vn -0.000000 -1.000000 -0.000000
vn -0.000000 -1.000000 -0.000000
vn -0.000000 -1.000000 -0.000000
vn -0.000000 -1.000000 -0.000000
vn -0.000000 -1.000000 -0.000000
vn -0.000000 -1.000000 -0.000000
vn -0.000000 -1.000000 -0.000000
vn -0.000000 -1.000000 -0.000000
vn -0.000000 -1.000000 -0.000000
vn -0.000000 -1.000000 -0.000000
vn -0.000000 -1.000000 -0.000000
vn -0.000000 -1.000000 -0.000000
vn -0.000000 -1.000000 -0.000000
vn -0.000000 -1.000000 -0.000000
vn -0.000000 -1.000000 -0.000000
vn -0.000000 -1.000000 -0.000000
vn -0.000000 -1.000000 -0.000000
vn -0.000000 -1.000000 -0.000000
vn -0.000000 -1.000000 -0.000000
vn -0.000000 -1.000000 -0.000000
vn -0.000000 -1.000000 -0.000000
vn -0.000000 -1.000000 -0.000000
vn -0.000000 -1.000000 -0.000000
vn -0.000000 -1.000000 -0.000000
vn -0.000000 -1.000000 -0.000000
vn -0.000000 -1.000000 -0.000000
vn -0.000000 -1.000000 -0.000000
vn -0.000000 -1.000000 -0.000000
vn -0.000000 -1.000000 -0.000000
vn -0.000000 -1.000000 -0.000000
vn -0.000000 -1.000000 -0.000000
vn -0.000000 -1.000000 -0.000000
vn -0.000000 -1.000000 -0.000000
vn -0.000000 -1.000000 -0.000000
vn -0.000000 -1.000000 -0.000000
vn -0.000000 -1.000000 -0.000000
vn -0.000000 -1.000000 -0.000000
vn -0.000000 -1.000000 -0.000000
vn -0.000000 -1.000000 -0.000000
vn -0.000000 -1.000000 -0.000000
vn -0.000000 -1.000000 -0.000000
vn -0.000000 -1.000000 -0.000000
vn -0.000000 -1.000000 -0.000000
vn -0.000000 -1.000000 -0.000000
vn -0.000000 -1.000000 -0.000000
vn -0.000000 -1.000000 -0.000000
vn -0.000000 -1.000000 -0.000000
vn -0.000000 -1.000000 -0.000000
vn -0.000000 -1.000000 -0.000000
vn -0.000000 -1.000000 -0.000000
vn -0.000000 -1.000000 -0.000000
vn -0.000000 -1.000000 -0.000000
vn -0.000000 -1.000000 -0.000000
vn -0.000000 -1.000000 -0.000000
vn -0.000000 -1.000000 -0.000000
vn -0.000000 -1.000000 -0.000000
vn -0.000000 -1.000000 -0.000000
vn 0.000000 -0.000000 -1.000000
vn 0.000000 -0.000000 -1.000000
vn 0.000000 -0.000000 -1.000000
vn 0.000000 -0.000000 -1.000000
vn -0.948683 -0.000000 -0.316228
vn -0.888401 -0.000000 -0.459069
vn -0.948683 -0.000000 -0.316228
vn -0.841058 -0.000000 -0.540945
vn -0.806666 -0.000000 -0.591008
vn -0.681220 -0.000000 -0.732079
vn -0.705129 -0.000000 -0.709079
vn -0.586407 -0.000000 -0.810017
vn -0.479091 -0.000000 -0.877765
vn -0.453035 -0.000000 -0.891493
vn -0.308446 -0.000000 -0.951242
vn -0.247219 -0.000000 -0.968960
vn -0.156166 -0.000000 -0.987731
vn -0.948683 -0.000000 -0.316228
vn -0.948683 -0.000000 -0.316228
vn -0.948683 -0.000000 -0.316228
vn -0.948683 -0.000000 -0.316228
vn -0.948683 -0.000000 -0.316228
vn -0.948683 -0.000000 -0.316228
vn -0.948683 -0.000000 -0.316228
vn 0.210805 0.000000 -0.977528
vn 0.210801 0.000000 -0.977529
vn -0.000000 -0.000000 -1.000000
vn -0.000000 -0.000000 -1.000000
vn -0.210801 -0.000000 -0.977529
vn 0.412128 0.000000 -0.911126
vn 0.412128 0.000000 -0.911126
vn -0.210874 -0.000000 -0.977513
vn -0.412128 -0.000000 -0.911126
vn -0.412128 -0.000000 -0.911126
vn 0.156207 0.000000 -0.987724
vn 0.247219 0.000000 -0.968960
vn 0.308542 0.000000 -0.951211
vn 0.479091 0.000000 -0.877765
vn 0.452872 0.000000 -0.891575
vn 0.586016 0.000000 -0.810299
vn 0.681220 0.000000 -0.732079
vn 0.704892 0.000000 -0.709315
vn 0.806403 0.000000 -0.591367
vn 0.841058 0.000000 -0.540945
vn 0.888337 0.000000 -0.459193
vn 0.948683 0.000000 -0.316228
vn 0.948683 0.000000 -0.316228
vn 0.948683 0.000000 -0.316228
vn 0.948683 0.000000 -0.316228
vn 0.948683 0.000000 -0.316228
vn 0.948683 0.000000 -0.316228
vn 0.948683 0.000000 -0.316228
vn 0.948683 0.000000 -0.316228
vn 0.948683 0.000000 -0.316228
vn 0.992483 0.000000 -0.122385
vn 0.992647 0.000000 -0.121045
vn 0.997248 0.000000 0.074143
vn 0.997127 0.000000 0.075747
vn 0.963965 0.000000 0.266028
vn 0.963709 0.000000 0.266955
vn -0.894671 0.000000 0.446726
vn -0.894671 0.000000 0.446726
vn -0.894671 0.000000 0.446726
vn -0.894671 0.000000 0.446726
vn -0.894671 0.000000 0.446726
vn -0.963766 0.000000 0.266748
vn -0.963898 0.000000 0.266271
vn -0.997160 0.000000 0.075316
vn -0.997210 0.000000 0.074641
vn -0.992604 -0.000000 -0.121395
vn -0.992529 -0.000000 -0.122007
vn 0.894671 0.000000 -0.446726
vn 0.894671 0.000000 -0.446726
vn 0.894671 0.000000 -0.446726
vn 0.894671 0.000000 -0.446726
vn 0.894671 0.000000 -0.446726
vn 0.894671 0.000000 -0.446726
vn 0.894671 0.000000 -0.446726
vn 0.894671 0.000000 -0.446726
vn 0.894671 0.000000 -0.446726
vn 0.790014 -0.000000 -0.613089
vn 0.700584 -0.000000 -0.713570
vn 0.651903 -0.000000 -0.758302
vn 0.571379 -0.000000 -0.820687
vn 0.579950 -0.000000 -0.814652
vn 0.503153 -0.000000 -0.864198
vn 0.422153 -0.000000 -0.906525
vn 0.422153 -0.000000 -0.906525
vn 0.422153 -0.000000 -0.906525
vn -0.422153 -0.000000 -0.906525
vn -0.422153 -0.000000 -0.906525
vn -0.503153 -0.000000 -0.864198
vn -0.571379 -0.000000 -0.820686
vn -0.579950 -0.000000 -0.814652
vn -0.651903 -0.000000 -0.758302
vn -0.700583 -0.000000 -0.713571
vn -0.790014 -0.000000 -0.613089
vn -0.894671 -0.000000 -0.446726
vn -0.894671 -0.000000 -0.446726
vn -0.422153 -0.000000 -0.906525
vn -0.894671 -0.000000 -0.446726
vn -0.894671 -0.000000 -0.446726
vn -0.894671 -0.000000 -0.446726
vn -0.894671 -0.000000 -0.446726
vn -0.894671 -0.000000 -0.446726
vn -0.894671 -0.000000 -0.446726
vn -0.894671 -0.000000 -0.446726
vn -0.894671 -0.000000 -0.446726
vn -0.894671 -0.000000 -0.446726
vn -0.963637 -0.000000 -0.267214
vn -0.963823 -0.000000 -0.266543
vn -0.997131 -0.000000 -0.075698
vn -0.997199 -0.000000 -0.074800
vn -0.992611 -0.000000 0.121338
vn -0.992523 -0.000000 0.122058
vn -0.948683 -0.000000 0.316228
vn -0.948683 -0.000000 0.316228
vn -0.948683 0.000000 0.316228
vn -0.948683 0.000000 0.316228
vn -0.948683 0.000000 0.316228
vn -0.948683 0.000000 0.316228
vn -0.948683 0.000000 0.316228
vn -0.948683 0.000000 0.316228
vn -0.948683 0.000000 0.316228
vn 0.000000 1.000000 0.000000
vn 0.000000 1.000000 0.000000
vn 0.000000 1.000000 0.000000
vn 0.000000 1.000000 0.000000
vn 0.000000 1.000000 0.000000
vn 0.000000 1.000000 0.000000
vn 0.000000 1.000000 0.000000
vn 0.000000 1.000000 0.000000
vn 0.000000 1.000000 0.000000
vn 0.000000 1.000000 0.000000
vn 0.000000 1.000000 0.000000
vn 0.000000 1.000000 0.000000
vn 0.000000 1.000000 0.000000
vn 0.000000 1.000000 0.000000
vn 1.000000 -0.000000 0.000000
vn 1.000000 -0.000000 0.000000
vn 0.500000 0.000000 -0.866025
vn 0.500000 0.000000 -0.866025
vn -0.500000 0.000000 -0.866025
vn -0.500000 0.000000 -0.866025
vn 0.965926 0.000000 0.258819
vn 0.965926 0.000000 0.258819
vn 1.000000 0.000000 0.000000
vn 1.000000 0.000000 0.000000
vn 0.965926 0.000000 -0.258819
vn 0.965926 0.000000 -0.258819
vn 0.866025 0.000000 -0.500000
vn 0.866025 0.000000 -0.500000
vn 0.707107 0.000000 -0.707107
vn 0.707107 0.000000 -0.707107
vn 0.500000 0.000000 -0.866025
vn 0.500000 0.000000 -0.866025
vn 0.258819 0.000000 -0.965926
vn 0.258819 0.000000 -0.965926
vn -0.000000 -0.000000 -1.000000
vn -0.000000 -0.000000 -1.000000
vn -0.258819 -0.000000 -0.965926
vn -0.258819 -0.000000 -0.965926
vn -0.500000 -0.000000 -0.866025
vn -0.500000 -0.000000 -0.866025
vn -0.707107 -0.000000 -0.707107
vn -0.707107 -0.000000 -0.707107
vn -0.866025 -0.000000 -0.500000
vn -0.866025 -0.000000 -0.500000
vn -0.965926 -0.000000 -0.258819
vn -0.965926 -0.000000 -0.258819
vn -1.000000 -0.000000 0.000000
vn -1.000000 -0.000000 0.000000
vn -0.965926 0.000000 0.258819
vn -0.965926 0.000000 0.258819
vn -0.866025 0.000000 0.500000
vn -0.866025 0.000000 0.500000
vn -0.707107 0.000000 0.707107
vn -0.707107 0.000000 0.707107
vn -0.500000 0.000000 0.866025
vn -0.500000 0.000000 0.866025
vn -0.258819 0.000000 0.965926
vn -0.258819 0.000000 0.965926
vn -0.000000 0.000000 1.000000
vn -0.000000 0.000000 1.000000
vn 0.258819 0.000000 0.965926
vn 0.258819 0.000000 0.965926
vn 0.500000 0.000000 0.866025
vn 0.500000 0.000000 0.866025
vn 0.707107 0.000000 0.707107
vn 0.707107 0.000000 0.707107
vn 0.866025 0.000000 0.500000
vn 0.866025 0.000000 0.500000
vn 0.000000 1.000000 0.000000
vn 0.000000 1.000000 0.000000
vn 0.000000 1.000000 0.000000
vn 0.000000 1.000000 0.000000
vn 0.000000 1.000000 0.000000
vn 0.000000 1.000000 0.000000
vn 0.000000 1.000000 0.000000
vn 0.000000 1.000000 0.000000
vn 0.000000 1.000000 0.000000
vn 0.000000 1.000000 0.000000
vn 0.000000 1.000000 0.000000
vn 0.000000 1.000000 0.000000
vn 0.000000 1.000000 0.000000
vn 0.000000 1.000000 0.000000
vn 0.000000 1.000000 0.000000
vn 0.000000 1.000000 0.000000
vn 0.000000 1.000000 0.000000
vn 0.000000 1.000000 0.000000
vn 0.000000 1.000000 0.000000
vn 0.000000 1.000000 0.000000
vn 0.000000 1.000000 0.000000
vn 0.000000 1.000000 0.000000
vn 0.000000 1.000000 0.000000
vn 0.000000 1.000000 0.000000
vn 0.000000 1.000000 0.000000
vn 0.000000 1.000000 0.000000
vn 0.000000 1.000000 0.000000
vn 0.000000 1.000000 0.000000
vn 0.000000 1.000000 0.000000
vn 0.000000 1.000000 0.000000
vn -0.000000 -1.000000 -0.000000
vn -0.000000 -1.000000 -0.000000
vn -0.000000 -1.000000 -0.000000
vn -0.000000 -1.000000 -0.000000
vn -0.000000 -1.000000 -0.000000
vn -0.000000 -1.000000 -0.000000
vn -0.000000 -1.000000 -0.000000
vn -0.000000 -1.000000 -0.000000
vn -0.000000 -1.000000 -0.000000
vn -0.000000 -1.000000 -0.000000
vn -0.000000 -1.000000 -0.000000
vn -0.000000 -1.000000 -0.000000
vn -0.000000 -1.000000 -0.000000
vn -0.000000 -1.000000 -0.000000
vn -0.000000 -1.000000 -0.000000
vn -0.000000 -1.000000 -0.000000
vn -0.000000 -1.000000 -0.000000
vn -0.000000 -1.000000 -0.000000
vn -0.000000 -1.000000 -0.000000
vn -0.000000 -1.000000 -0.000000
vn -0.000000 -1.000000 -0.000000
vn -0.000000 -1.000000 -0.000000
vn -0.000000 -1.000000 -0.000000
vn -0.000000 -1.000000 -0.000000
vn -0.000000 -1.000000 -0.000000
vn -0.000000 -1.000000 -0.000000
vn -0.000000 -1.000000 -0.000000
vn -0.000000 -1.000000 -0.000000
vn -0.000000 -1.000000 -0.000000
vn -0.000000 -1.000000 -0.000000
vn -0.000000 -1.000000 -0.000000
vn -0.000000 -1.000000 -0.000000
vn -0.000000 -1.000000 -0.000000
vn -0.000000 -1.000000 -0.000000
vn -0.000000 -1.000000 -0.000000
vn -0.000000 -1.000000 -0.000000
vn -0.000000 -1.000000 -0.000000
vn -0.000000 -1.000000 -0.000000
vn -0.000000 -1.000000 -0.000000
vn -0.000000 -1.000000 -0.000000
vn -0.000000 -1.000000 -0.000000
vn -0.000000 -1.000000 -0.000000
vn -0.000000 -1.000000 -0.000000
vn -0.000000 -1.000000 -0.000000
vn -0.000000 -1.000000 -0.000000
vn -0.000000 -1.000000 -0.000000
vn -0.000000 -1.000000 -0.000000
vn -0.000000 -1.000000 -0.000000
vn -0.000000 -1.000000 -0.000000
vn -0.000000 -1.000000 -0.000000
vn -0.000000 -1.000000 -0.000000
vn -0.000000 -1.000000 -0.000000
vn -0.000000 -1.000000 -0.000000
vn -0.000000 -1.000000 -0.000000
vn -0.000000 -1.000000 -0.000000
vn -0.000000 -1.000000 -0.000000
vn -0.000000 -1.000000 -0.000000
vn -0.000000 -1.000000 -0.000000
vn -0.000000 -1.000000 -0.000000
vn -0.000000 -1.000000 -0.000000
vn -0.000000 -1.000000 -0.000000
vn -0.000000 -1.000000 -0.000000
vn -0.000000 -1.000000 -0.000000
vn -0.000000 -1.000000 -0.000000
vn -0.000000 -1.000000 -0.000000
vn -0.000000 -1.000000 -0.000000
vn -0.000000 -1.000000 -0.000000
vn -0.000000 -1.000000 -0.000000
vn -0.000000 -1.000000 -0.000000
vn -0.000000 -1.000000 -0.000000
vn -0.000000 -1.000000 -0.000000
vn -0.000000 -1.000000 -0.000000
vn -0.000000 -1.000000 -0.000000
vn -0.000000 -1.000000 -0.000000
vn -0.000000 -1.000000 -0.000000
vn -0.000000 -1.000000 -0.000000
vn -0.000000 -1.000000 -0.000000
vn -0.000000 -1.000000 -0.000000
vn -0.000000 -1.000000 -0.000000
vn -0.000000 -1.000000 -0.000000
vn -0.000000 -1.000000 -0.000000
vn -0.000000 -1.000000 -0.000000
vn -0.000000 -1.000000 -0.000000
vn -0.000000 -1.000000 -0.000000
vn -0.000000 -1.000000 -0.000000
vn -0.000000 -1.000000 -0.000000
vn -0.000000 -1.000000 -0.000000
vn -0.000000 -1.000000 -0.000000
vn -0.000000 -1.000000 -0.000000
vn -0.000000 -1.000000 -0.000000
vn -0.000000 -1.000000 -0.000000
vn -0.000000 -1.000000 -0.000000
vn -0.000000 -1.000000 -0.000000
vn -0.000000 -1.000000 -0.000000
vn -0.000000 -1.000000 -0.000000
vn -0.000000 -1.000000 -0.000000
vn -0.000000 -1.000000 -0.000000
vn -0.000000 -1.000000 -0.000000
vn -0.000000 -1.000000 -0.000000
vn -0.000000 -1.000000 -0.000000
vn -0.000000 -1.000000 -0.000000
vn -0.000000 -1.000000 -0.000000
vn -0.000000 -1.000000 -0.000000
vn -0.000000 -1.000000 -0.000000
vn -0.000000 -1.000000 -0.000000
vn -0.000000 -1.000000 -0.000000
vn -0.000000 -1.000000 -0.000000
vn -0.000000 -1.000000 -0.000000
vn -0.000000 -1.000000 -0.000000
vn -0.000000 -1.000000 -0.000000
vn -0.000000 -1.000000 -0.000000
vn -0.000000 -1.000000 -0.000000
vn -0.000000 -1.000000 -0.000000
vn -0.000000 -1.000000 -0.000000
vn -0.000000 -1.000000 -0.000000
vn -0.000000 -1.000000 -0.000000
vn -0.000000 -1.000000 -0.000000
vn -0.000000 -1.000000 -0.000000
vn -0.000000 -1.000000 -0.000000
vn -0.000000 -1.000000 -0.000000
vn -0.000000 -1.000000 -0.000000
vn -0.000000 -1.000000 -0.000000
vn -0.000000 -1.000000 -0.000000
vn -0.000000 -1.000000 -0.000000
vn -0.000000 -1.000000 -0.000000
vn -0.000000 -1.000000 -0.000000
vn -0.000000 -1.000000 -0.000000
vn -0.000000 -1.000000 -0.000000
vn -0.000000 -1.000000 -0.000000
vn -0.000000 -1.000000 -0.000000
vn -0.000000 -1.000000 -0.000000
vn -0.000000 -1.000000 -0.000000
vn -0.000000 -1.000000 -0.000000
vn -0.000000 -1.000000 -0.000000
vn -0.000000 -1.000000 -0.000000
vn -0.000000 -1.000000 -0.000000
vn -0.000000 -1.000000 -0.000000
vn -0.000000 -1.000000 -0.000000
vn -0.000000 -1.000000 -0.000000
vn -0.000000 -1.000000 -0.000000
vn -0.000000 -1.000000 -0.000000
vn -0.000000 -1.000000 -0.000000
vn -0.000000 -1.000000 -0.000000
vn -0.000000 -1.000000 -0.000000
vn -0.000000 -1.000000 -0.000000
vn -0.000000 -1.000000 -0.000000
vn -0.000000 -1.000000 -0.000000
vn -0.000000 -1.000000 -0.000000
vn -0.000000 -1.000000 -0.000000
vn -0.000000 -1.000000 -0.000000
vn -0.000000 -1.000000 -0.000000
vn -0.000000 -1.000000 -0.000000
vn -0.000000 -1.000000 -0.000000
vn -0.000000 -1.000000 -0.000000
vn -0.000000 -1.000000 -0.000000
vn -0.000000 -1.000000 -0.000000
vn -0.000000 -1.000000 -0.000000
vn -0.000000 -1.000000 -0.000000
vn 0.160411 -0.000000 0.987050
vn -0.000000 -0.000000 1.000000
vn -0.000000 -0.000000 1.000000
vn -0.160411 -0.000000 0.987050
vn -0.160411 -0.000000 0.987050
vn -0.316668 -0.000000 0.948536
vn -0.316668 -0.000000 0.948536
vn -0.464723 -0.000000 0.885456
vn -0.464723 -0.000000 0.885456
vn -0.600742 -0.000000 0.799443
vn -0.600742 -0.000000 0.799443
vn -0.721202 -0.000000 0.692724
vn -0.721202 -0.000000 0.692724
vn -0.822984 -0.000000 0.568065
vn -0.822984 -0.000000 0.568065
vn -0.903450 -0.000000 0.428693
vn -0.903450 -0.000000 0.428693
vn -0.960518 -0.000000 0.278217
vn -0.960518 -0.000000 0.278217
vn -0.992709 -0.000000 0.120537
vn -0.992709 -0.000000 0.120537
vn -0.999189 0.000000 -0.040266
vn -0.999189 0.000000 -0.040266
vn -0.979791 0.000000 -0.200026
vn -0.979791 0.000000 -0.200026
vn -0.935016 0.000000 -0.354605
vn -0.935016 0.000000 -0.354605
vn -0.866025 0.000000 -0.500000
vn -0.866025 0.000000 -0.500000
vn -0.774605 0.000000 -0.632445
vn -0.774605 0.000000 -0.632445
vn -0.663123 0.000000 -0.748511
vn -0.663123 0.000000 -0.748511
vn -0.534466 0.000000 -0.845190
vn -0.534466 0.000000 -0.845190
vn -0.391967 0.000000 -0.919979
vn -0.391967 0.000000 -0.919979
vn -0.239316 0.000000 -0.970942
vn -0.239316 0.000000 -0.970942
vn -0.080467 0.000000 -0.996757
vn -0.080467 0.000000 -0.996757
vn 0.080467 -0.000000 -0.996757
vn 0.080467 -0.000000 -0.996757
vn 0.239316 -0.000000 -0.970942
vn 0.239316 -0.000000 -0.970942
vn 0.391967 -0.000000 -0.919979
vn 0.391967 -0.000000 -0.919979
vn 0.534466 -0.000000 -0.845190
vn 0.534466 -0.000000 -0.845190
vn 0.663123 -0.000000 -0.748511
vn 0.663123 -0.000000 -0.748511
vn 0.774605 -0.000000 -0.632445
vn 0.774605 -0.000000 -0.632445
vn 0.866025 -0.000000 -0.500000
vn 0.866025 -0.000000 -0.500000
vn 0.935016 -0.000000 -0.354605
vn 0.935016 -0.000000 -0.354605
vn 0.979791 -0.000000 -0.200026
vn 0.979791 -0.000000 -0.200026
vn 0.999189 -0.000000 -0.040266
vn 0.999189 -0.000000 -0.040266
vn 0.992709 -0.000000 0.120537
vn 0.992709 -0.000000 0.120537
vn 0.960518 -0.000000 0.278217
vn 0.960518 -0.000000 0.278217
vn 0.903450 -0.000000 0.428693
vn 0.903450 -0.000000 0.428693
vn 0.822984 -0.000000 0.568065
vn 0.822984 -0.000000 0.568065
vn 0.721202 -0.000000 0.692724
vn 0.721202 -0.000000 0.692724
vn 0.600742 -0.000000 0.799443
vn 0.600742 -0.000000 0.799443
vn 0.464723 -0.000000 0.885456
vn 0.464723 -0.000000 0.885456
vn 0.316668 -0.000000 0.948536
vn 0.316668 -0.000000 0.948536
vn 0.160411 -0.000000 0.987050
vn -0.000000 -1.000000 -0.000000
vn -0.000000 -1.000000 -0.000000
vn -0.000000 -1.000000 -0.000000
vn -0.000000 -1.000000 -0.000000
vn -0.000000 -1.000000 -0.000000
vn -0.000000 -1.000000 -0.000000
vn -0.000000 -1.000000 -0.000000
vn -0.000000 -1.000000 -0.000000
vn -0.000000 -1.000000 -0.000000
vn -0.000000 -1.000000 -0.000000
vn -0.000000 -1.000000 -0.000000
vn -0.000000 -1.000000 -0.000000
vn -0.000000 -1.000000 -0.000000
vn -0.000000 -1.000000 -0.000000
vn -0.000000 -1.000000 -0.000000
vn -0.000000 -1.000000 -0.000000
vn -0.000000 -1.000000 -0.000000
vn -0.000000 -1.000000 -0.000000
vn -0.000000 -1.000000 -0.000000
vn -0.000000 -1.000000 -0.000000
vn -0.000000 -1.000000 -0.000000
vn -0.000000 -1.000000 -0.000000
vn -0.000000 -1.000000 -0.000000
vn -0.000000 -1.000000 -0.000000
vn -0.000000 -1.000000 -0.000000
vn -0.000000 -1.000000 -0.000000
vn -0.000000 -1.000000 -0.000000
vn -0.000000 -1.000000 -0.000000
vn -0.000000 -1.000000 -0.000000
vn -0.000000 -1.000000 -0.000000
vn -0.000000 -1.000000 -0.000000
vn -0.000000 -1.000000 -0.000000
vn -0.000000 -1.000000 -0.000000
vn -0.000000 -1.000000 -0.000000
vn -0.000000 -1.000000 -0.000000
vn -0.000000 -1.000000 -0.000000
vn -0.000000 -1.000000 -0.000000
vn -0.000000 -1.000000 -0.000000
vn -0.000000 -1.000000 -0.000000
vn -0.000000 -1.000000 -0.000000
vn -0.000000 -1.000000 -0.000000
vn -0.000000 -1.000000 -0.000000
vn -0.000000 -1.000000 -0.000000
vn -0.000000 -1.000000 -0.000000
vn -0.000000 -1.000000 -0.000000
vn -0.000000 -1.000000 -0.000000
vn -0.000000 -1.000000 -0.000000
vn -0.000000 -1.000000 -0.000000
vn -0.000000 -1.000000 -0.000000
vn -0.000000 -1.000000 -0.000000
vn -0.000000 -1.000000 -0.000000
vn -0.000000 -1.000000 -0.000000
vn -0.000000 -1.000000 -0.000000
vn -0.000000 -1.000000 -0.000000
vn -0.000000 -1.000000 -0.000000
vn -0.000000 -1.000000 -0.000000
vn -0.000000 -1.000000 -0.000000
vn -0.000000 -1.000000 -0.000000
vn -0.000000 -1.000000 -0.000000
vn -0.000000 -1.000000 -0.000000
vn -0.000000 -1.000000 -0.000000
vn -0.000000 -1.000000 -0.000000
vn -0.000000 -1.000000 -0.000000
vn -0.000000 -1.000000 -0.000000
vn -0.000000 -1.000000 -0.000000
vn -0.000000 -1.000000 -0.000000
vn -0.000000 -1.000000 -0.000000
vn -0.000000 -1.000000 -0.000000
vn -0.000000 -1.000000 -0.000000
vn -0.000000 -1.000000 -0.000000
vn -0.000000 -1.000000 -0.000000
vn -0.000000 -1.000000 -0.000000
vn -0.000000 -1.000000 -0.000000
vn -0.000000 -1.000000 -0.000000
vn -0.000000 -1.000000 -0.000000
vn -0.000000 -1.000000 -0.000000
vn -0.000000 -1.000000 -0.000000
vn -0.000000 -1.000000 -0.000000
vn -0.000000 -1.000000 -0.000000
vn -0.000000 -1.000000 -0.000000
vn 0.149042 -0.000000 0.988831
vn -0.000000 -0.000000 1.000000
vn -0.000000 -0.000000 1.000000
vn -0.149042 -0.000000 0.988831
vn -0.149042 -0.000000 0.988831
vn -0.294755 -0.000000 0.955573
vn -0.294755 -0.000000 0.955573
vn -0.433884 -0.000000 0.900969
vn -0.433884 -0.000000 0.900969
vn -0.563320 -0.000000 0.826239
vn -0.563320 -0.000000 0.826239
vn -0.680173 -0.000000 0.733052
vn -0.680173 -0.000000 0.733052
vn -0.781831 -0.000000 0.623490
vn -0.781831 -0.000000 0.623490
vn -0.866025 -0.000000 0.500000
vn -0.866025 -0.000000 0.500000
vn -0.930874 -0.000000 0.365341
vn -0.930874 -0.000000 0.365341
vn -0.974928 -0.000000 0.222521
vn -0.974928 -0.000000 0.222521
vn -0.997204 -0.000000 0.074730
vn -0.997204 -0.000000 0.074730
vn -0.997204 0.000000 -0.074730
vn -0.997204 0.000000 -0.074730
vn -0.974928 0.000000 -0.222521
vn -0.974928 0.000000 -0.222521
vn -0.930874 0.000000 -0.365341
vn -0.930874 0.000000 -0.365341
vn -0.866025 0.000000 -0.500000
vn -0.866025 0.000000 -0.500000
vn -0.781831 0.000000 -0.623490
vn -0.781831 0.000000 -0.623490
vn -0.680173 0.000000 -0.733052
vn -0.680173 0.000000 -0.733052
vn -0.563320 0.000000 -0.826239
vn -0.563320 0.000000 -0.826239
vn -0.433884 0.000000 -0.900969
vn -0.433884 0.000000 -0.900969
vn -0.294755 0.000000 -0.955573
vn -0.294755 0.000000 -0.955573
vn -0.149042 0.000000 -0.988831
vn -0.149042 0.000000 -0.988831
vn -0.000000 0.000000 -1.000000
vn -0.000000 0.000000 -1.000000
vn 0.149042 -0.000000 -0.988831
vn 0.149042 -0.000000 -0.988831
vn 0.294755 -0.000000 -0.955573
vn 0.149042 -0.000000 0.988831
vn 0.294755 -0.000000 0.955573
vn 0.294755 -0.000000 0.955573
vn 0.433884 -0.000000 0.900969
vn 0.433884 -0.000000 0.900969
vn 0.563320 -0.000000 0.826239
vn 0.563320 -0.000000 0.826239
vn 0.680173 -0.000000 0.733052
vn 0.680173 -0.000000 0.733052
vn 0.781831 -0.000000 0.623490
vn 0.781831 -0.000000 0.623490
vn 0.866025 -0.000000 0.500000
vn 0.866025 -0.000000 0.500000
vn 0.930874 -0.000000 0.365341
vn 0.930874 -0.000000 0.365341
vn 0.974928 -0.000000 0.222521
vn 0.974928 -0.000000 0.222521
vn 0.997204 -0.000000 0.074730
vn 0.997204 -0.000000 0.074730
vn 0.997204 -0.000000 -0.074730
vn 0.997204 -0.000000 -0.074730
vn 0.974928 -0.000000 -0.222521
vn 0.974928 -0.000000 -0.222521
vn 0.930874 -0.000000 -0.365341
vn 0.930874 -0.000000 -0.365341
vn 0.866025 -0.000000 -0.500000
vn 0.866025 -0.000000 -0.500000
vn 0.781831 -0.000000 -0.623490
vn 0.781831 -0.000000 -0.623490
vn 0.680173 -0.000000 -0.733052
vn 0.680173 -0.000000 -0.733052
vn 0.563320 -0.000000 -0.826239
vn 0.563320 -0.000000 -0.826239
vn 0.433884 -0.000000 -0.900969
vn 0.433884 -0.000000 -0.900969
vn 0.294755 -0.000000 -0.955573
vn 0.000000 1.000000 0.000000
vn 0.000000 1.000000 0.000000
vn 0.000000 1.000000 0.000000
vn 0.000000 1.000000 0.000000
vn 0.000000 1.000000 0.000000
vn 0.000000 1.000000 0.000000
vn 0.000000 1.000000 0.000000
vn 0.000000 1.000000 0.000000
vn 0.000000 1.000000 0.000000
vn 0.000000 1.000000 0.000000
vn 0.000000 1.000000 0.000000
vn 0.000000 1.000000 0.000000
vn 0.000000 1.000000 0.000000
vn 0.000000 1.000000 0.000000
vn 0.000000 1.000000 0.000000
vn 0.000000 1.000000 0.000000
vn 0.000000 1.000000 0.000000
vn 0.000000 1.000000 0.000000
vn 0.000000 1.000000 0.000000
vn 0.000000 1.000000 0.000000
vn 0.000000 1.000000 0.000000
vn 0.000000 1.000000 0.000000
vn 0.000000 1.000000 0.000000
vn 0.000000 1.000000 0.000000
vn 0.000000 1.000000 0.000000
vn 0.000000 1.000000 0.000000
vn 0.000000 1.000000 0.000000
vn 0.000000 1.000000 0.000000
vn 0.000000 1.000000 0.000000
vn 0.000000 1.000000 0.000000
vn 0.000000 1.000000 0.000000
vn 0.000000 1.000000 0.000000
vn 0.000000 1.000000 0.000000
vn 0.000000 1.000000 0.000000
vn 0.000000 1.000000 0.000000
vn 0.000000 1.000000 0.000000
vn 0.000000 1.000000 0.000000
vn 0.000000 1.000000 0.000000
vn 0.000000 1.000000 0.000000
vn 0.000000 1.000000 0.000000
vn 0.000000 1.000000 0.000000
vn 0.000000 1.000000 0.000000
vn 0.000000 1.000000 0.000000
vn 0.000000 1.000000 0.000000
vn 0.000000 1.000000 0.000000
vn 0.000000 1.000000 0.000000
vn 0.000000 1.000000 0.000000
vn 0.000000 1.000000 0.000000
vn 0.000000 1.000000 0.000000
vn 0.000000 1.000000 0.000000
vn 0.000000 1.000000 0.000000
vn 0.000000 1.000000 0.000000
vn 0.000000 1.000000 0.000000
vn 0.000000 1.000000 0.000000
vn 0.000000 1.000000 0.000000
vn 0.000000 1.000000 0.000000
vn 0.000000 1.000000 0.000000
vn 0.000000 1.000000 0.000000
vn 0.000000 1.000000 0.000000
vn 0.000000 1.000000 0.000000
vn 0.000000 1.000000 0.000000
vn 0.000000 1.000000 0.000000
vn 0.000000 1.000000 0.000000
vn 0.000000 1.000000 0.000000
vn 0.000000 1.000000 0.000000
vn 0.000000 1.000000 0.000000
vn 0.000000 1.000000 0.000000
vn 0.000000 1.000000 0.000000
vn 0.000000 1.000000 0.000000
vn 0.000000 1.000000 0.000000
vn 0.000000 1.000000 0.000000
vn 0.000000 1.000000 0.000000
vn 0.000000 1.000000 0.000000
vn 0.000000 1.000000 0.000000
vn 0.000000 1.000000 0.000000
vn 0.000000 1.000000 0.000000
vn 0.000000 1.000000 0.000000
vn 0.000000 1.000000 0.000000
vn 0.000000 1.000000 0.000000
vn 0.000000 1.000000 0.000000
vn 0.164595 -0.000000 0.986361
vn 0.164595 -0.000000 0.986361
vn -0.000000 -0.000000 1.000000
vn -0.000000 -0.000000 1.000000
vn -0.164595 -0.000000 0.986361
vn -0.164595 -0.000000 0.986361
vn -0.324699 -0.000000 0.945817
vn -0.324699 -0.000000 0.945817
vn -0.475947 -0.000000 0.879474
vn -0.475947 -0.000000 0.879474
vn -0.614213 -0.000000 0.789141
vn -0.614213 -0.000000 0.789141
vn -0.735724 -0.000000 0.677282
vn -0.735724 -0.000000 0.677282
vn -0.837166 -0.000000 0.546948
vn -0.837166 -0.000000 0.546948
vn -0.915773 -0.000000 0.401695
vn -0.915773 -0.000000 0.401695
vn -0.969400 -0.000000 0.245485
vn -0.969400 -0.000000 0.245485
vn -0.996584 -0.000000 0.082579
vn -0.996584 -0.000000 0.082579
vn -0.996584 0.000000 -0.082579
vn -0.996584 0.000000 -0.082579
vn -0.969400 0.000000 -0.245485
vn -0.969400 0.000000 -0.245485
vn -0.915773 0.000000 -0.401695
vn -0.915773 0.000000 -0.401695
vn -0.837166 0.000000 -0.546948
vn -0.837166 0.000000 -0.546948
vn -0.735724 0.000000 -0.677282
vn -0.735724 0.000000 -0.677282
vn -0.614213 0.000000 -0.789141
vn -0.614213 0.000000 -0.789141
vn -0.475947 0.000000 -0.879474
vn -0.475947 0.000000 -0.879474
vn -0.324699 0.000000 -0.945817
vn -0.324699 0.000000 -0.945817
vn -0.164595 0.000000 -0.986361
vn -0.164595 0.000000 -0.986361
vn -0.000000 0.000000 -1.000000
vn -0.000000 0.000000 -1.000000
vn 0.164595 -0.000000 -0.986361
vn 0.164595 -0.000000 -0.986361
vn 0.324699 -0.000000 -0.945817
vn 0.324699 -0.000000 -0.945817
vn 0.475947 -0.000000 -0.879474
vn 0.475947 -0.000000 -0.879474
vn 0.614213 -0.000000 -0.789141
vn 0.614213 -0.000000 -0.789141
vn 0.735724 -0.000000 -0.677282
vn 0.735724 -0.000000 -0.677282
vn 0.837166 -0.000000 -0.546948
vn 0.837166 -0.000000 -0.546948
vn 0.915773 -0.000000 -0.401695
vn 0.915773 -0.000000 -0.401695
vn 0.969400 -0.000000 -0.245485
vn 0.969400 -0.000000 -0.245485
vn 0.996584 -0.000000 -0.082579
vn 0.996584 -0.000000 -0.082579
vn 0.996584 -0.000000 0.082579
vn 0.996584 -0.000000 0.082579
vn 0.969400 -0.000000 0.245485
vn 0.969400 -0.000000 0.245485
vn 0.915773 -0.000000 0.401695
vn 0.915773 -0.000000 0.401695
vn 0.837166 -0.000000 0.546948
vn 0.837166 -0.000000 0.546948
vn 0.735724 -0.000000 0.677282
vn 0.735724 -0.000000 0.677282
vn 0.614213 -0.000000 0.789141
vn 0.614213 -0.000000 0.789141
vn 0.475947 -0.000000 0.879474
vn 0.475947 -0.000000 0.879474
vn 0.324699 -0.000000 0.945817
vn 0.324699 -0.000000 0.945817
vn -0.000000 -1.000000 -0.000000
vn -0.000000 -1.000000 -0.000000
vn -0.000000 -1.000000 -0.000000
vn -0.000000 -1.000000 -0.000000
vn -0.000000 -1.000000 -0.000000
vn -0.000000 -1.000000 -0.000000
vn -0.000000 -1.000000 -0.000000
vn -0.000000 -1.000000 -0.000000
vn -0.000000 -1.000000 -0.000000
vn -0.000000 -1.000000 -0.000000
vn -0.000000 -1.000000 -0.000000
vn -0.000000 -1.000000 -0.000000
vn -0.000000 -1.000000 -0.000000
vn -0.000000 -1.000000 -0.000000
vn -0.000000 -1.000000 -0.000000
vn -0.000000 -1.000000 -0.000000
vn -0.000000 -1.000000 -0.000000
vn -0.000000 -1.000000 -0.000000
vn -0.000000 -1.000000 -0.000000
vn -0.000000 -1.000000 -0.000000
vn -0.000000 -1.000000 -0.000000
vn -0.000000 -1.000000 -0.000000
vn -0.000000 -1.000000 -0.000000
vn -0.000000 -1.000000 -0.000000
vn -0.000000 -1.000000 -0.000000
vn -0.000000 -1.000000 -0.000000
vn -0.000000 -1.000000 -0.000000
vn -0.000000 -1.000000 -0.000000
vn -0.000000 -1.000000 -0.000000
vn -0.000000 -1.000000 -0.000000
vn -0.000000 -1.000000 -0.000000
vn -0.000000 -1.000000 -0.000000
vn -0.000000 -1.000000 -0.000000
vn -0.000000 -1.000000 -0.000000
vn -0.000000 -1.000000 -0.000000
vn -0.000000 -1.000000 -0.000000
vn -0.000000 -1.000000 -0.000000
vn -0.000000 -1.000000 -0.000000
vn -0.000000 -1.000000 -0.000000
vn -0.000000 -1.000000 -0.000000
vn -0.000000 -1.000000 -0.000000
vn -0.000000 -1.000000 -0.000000
vn -0.000000 -1.000000 -0.000000
vn -0.000000 -1.000000 -0.000000
vn -0.000000 -1.000000 -0.000000
vn -0.000000 -1.000000 -0.000000
vn -0.000000 -1.000000 -0.000000
vn -0.000000 -1.000000 -0.000000
vn -0.000000 -1.000000 -0.000000
vn -0.000000 -1.000000 -0.000000
vn -0.000000 -1.000000 -0.000000
vn -0.000000 -1.000000 -0.000000
vn -0.000000 -1.000000 -0.000000
vn -0.000000 -1.000000 -0.000000
vn -0.000000 -1.000000 -0.000000
vn -0.000000 -1.000000 -0.000000
vn -0.000000 -1.000000 -0.000000
vn -0.000000 -1.000000 -0.000000
vn -0.000000 -1.000000 -0.000000
vn -0.000000 -1.000000 -0.000000
vn -0.000000 -1.000000 -0.000000
vn -0.000000 -1.000000 -0.000000
vn -0.000000 -1.000000 -0.000000
vn -0.000000 -1.000000 -0.000000
vn -0.000000 -1.000000 -0.000000
vn -0.000000 -1.000000 -0.000000
vn -0.000000 -1.000000 -0.000000
vn -0.000000 -1.000000 -0.000000
vn -0.000000 -1.000000 -0.000000
vn -0.000000 -1.000000 -0.000000
vn -0.000000 -1.000000 -0.000000
vn -0.000000 -1.000000 -0.000000
vn -0.000000 -1.000000 -0.000000
vn -0.000000 -1.000000 -0.000000
vn -0.000000 -1.000000 -0.000000
vn -0.000000 -1.000000 -0.000000
vn -0.000000 -1.000000 -0.000000
vn 0.160411 -0.000000 0.987050
vn -0.000000 -0.000000 1.000000
vn -0.000000 -0.000000 1.000000
vn -0.160411 -0.000000 0.987050
vn -0.160411 -0.000000 0.987050
vn -0.316668 -0.000000 0.948536
vn -0.316668 -0.000000 0.948536
vn -0.464723 -0.000000 0.885456
vn -0.464723 -0.000000 0.885456
vn -0.600742 -0.000000 0.799443
vn -0.600742 -0.000000 0.799443
vn -0.721202 -0.000000 0.692724
vn -0.721202 -0.000000 0.692724
vn -0.822984 -0.000000 0.568065
vn -0.822984 -0.000000 0.568065
vn -0.903450 -0.000000 0.428693
vn -0.903450 -0.000000 0.428693
vn -0.960518 -0.000000 0.278217
vn -0.960518 -0.000000 0.278217
vn -0.992709 -0.000000 0.120537
vn -0.992709 -0.000000 0.120537
vn -0.999189 0.000000 -0.040266
vn -0.999189 0.000000 -0.040266
vn -0.979791 0.000000 -0.200026
vn -0.979791 0.000000 -0.200026
vn -0.935016 0.000000 -0.354605
vn -0.935016 0.000000 -0.354605
vn -0.866025 0.000000 -0.500000
vn -0.866025 0.000000 -0.500000
vn -0.774605 0.000000 -0.632445
vn -0.774605 0.000000 -0.632445
vn -0.663123 0.000000 -0.748511
vn -0.663123 0.000000 -0.748511
vn -0.534466 0.000000 -0.845190
vn -0.534466 0.000000 -0.845190
vn -0.391967 0.000000 -0.919979
vn -0.391967 0.000000 -0.919979
vn -0.239316 0.000000 -0.970942
vn -0.239316 0.000000 -0.970942
vn -0.080467 0.000000 -0.996757
vn -0.080467 0.000000 -0.996757
vn 0.080467 -0.000000 -0.996757
vn 0.080467 -0.000000 -0.996757
vn 0.239316 -0.000000 -0.970942
vn 0.239316 -0.000000 -0.970942
vn 0.391967 -0.000000 -0.919979
vn 0.391967 -0.000000 -0.919979
vn 0.534466 -0.000000 -0.845190
vn 0.534466 -0.000000 -0.845190
vn 0.663123 -0.000000 -0.748511
vn 0.663123 -0.000000 -0.748511
vn 0.774605 -0.000000 -0.632445
vn 0.774605 -0.000000 -0.632445
vn 0.866025 -0.000000 -0.500000
vn 0.866025 -0.000000 -0.500000
vn 0.935016 -0.000000 -0.354605
vn 0.935016 -0.000000 -0.354605
vn 0.979791 -0.000000 -0.200026
vn 0.979791 -0.000000 -0.200026
vn 0.999189 -0.000000 -0.040266
vn 0.999189 -0.000000 -0.040266
vn 0.992709 -0.000000 0.120537
vn 0.992709 -0.000000 0.120537
vn 0.960518 -0.000000 0.278217
vn 0.960518 -0.000000 0.278217
vn 0.903450 -0.000000 0.428693
vn 0.903450 -0.000000 0.428693
vn 0.822984 -0.000000 0.568065
vn 0.822984 -0.000000 0.568065
vn 0.721202 -0.000000 0.692724
vn 0.721202 -0.000000 0.692724
vn 0.600742 -0.000000 0.799443
vn 0.600742 -0.000000 0.799443
vn 0.464723 -0.000000 0.885456
vn 0.464723 -0.000000 0.885456
vn 0.316668 -0.000000 0.948536
vn 0.316668 -0.000000 0.948536
vn 0.160411 -0.000000 0.987050
vn 0.000000 1.000000 0.000000
vn 0.000000 1.000000 0.000000
vn 0.000000 1.000000 0.000000
vn 0.000000 1.000000 0.000000
vn 0.000000 1.000000 0.000000
vn 0.000000 1.000000 0.000000
vn 0.000000 1.000000 0.000000
vn 0.000000 1.000000 0.000000
vn 0.000000 1.000000 0.000000
vn 0.000000 1.000000 0.000000
vn 0.000000 1.000000 0.000000
vn 0.000000 1.000000 0.000000
vn 0.000000 1.000000 0.000000
vn 0.000000 1.000000 0.000000
vn 0.000000 1.000000 0.000000
vn 0.000000 1.000000 0.000000
vn 0.000000 1.000000 0.000000
vn 0.000000 1.000000 0.000000
vn 0.000000 1.000000 0.000000
vn 0.000000 1.000000 0.000000
vn 0.000000 1.000000 0.000000
vn 0.000000 1.000000 0.000000
vn 0.000000 1.000000 0.000000
vn 0.000000 1.000000 0.000000
vn 0.000000 1.000000 0.000000
vn 0.000000 1.000000 0.000000
vn 0.000000 1.000000 0.000000
vn 0.000000 1.000000 0.000000
vn 0.000000 1.000000 0.000000
vn 0.000000 1.000000 0.000000
vn 0.000000 1.000000 0.000000
vn 0.000000 1.000000 0.000000
vn 0.000000 1.000000 0.000000
vn 0.000000 1.000000 0.000000
vn 0.000000 1.000000 0.000000
vn 0.000000 1.000000 0.000000
vn 0.000000 1.000000 0.000000
vn 0.000000 1.000000 0.000000
vn 0.000000 1.000000 0.000000
vn 0.000000 1.000000 0.000000
vn 0.000000 1.000000 0.000000
vn 0.000000 1.000000 0.000000
vn 0.000000 1.000000 0.000000
vn 0.000000 1.000000 0.000000
vn 0.000000 1.000000 0.000000
vn 0.000000 1.000000 0.000000
vn 0.000000 1.000000 0.000000
vn 0.000000 1.000000 0.000000
vn 0.000000 1.000000 0.000000
vn 0.000000 1.000000 0.000000
vn 0.000000 1.000000 0.000000
vn 0.000000 1.000000 0.000000
vn 0.000000 1.000000 0.000000
vn 0.000000 1.000000 0.000000
vn 0.000000 1.000000 0.000000
vn 0.000000 1.000000 0.000000
vn 0.000000 1.000000 0.000000
vn 0.000000 1.000000 0.000000
vn 0.000000 1.000000 0.000000
vn 0.000000 1.000000 0.000000
vn 0.000000 1.000000 0.000000
vn 0.000000 1.000000 0.000000
vn 0.000000 1.000000 0.000000
vn 0.000000 1.000000 0.000000
vn 0.000000 1.000000 0.000000
vn 0.000000 1.000000 0.000000
vn 0.000000 1.000000 0.000000
vn 0.000000 1.000000 0.000000
vn 0.000000 1.000000 0.000000
vn 0.000000 1.000000 0.000000
vn 0.000000 1.000000 0.000000
vn 0.000000 1.000000 0.000000
vn 0.000000 1.000000 0.000000
vn 0.000000 1.000000 0.000000
vn 0.000000 1.000000 0.000000
vn -0.000000 -1.000000 -0.000000
vn -0.000000 -1.000000 -0.000000
vn -0.000000 -1.000000 -0.000000
vn -0.000000 -1.000000 -0.000000
vn -0.000000 -1.000000 -0.000000
vn -0.000000 -1.000000 -0.000000
vn -0.000000 -1.000000 -0.000000
vn -0.000000 -1.000000 -0.000000
vn -0.000000 -1.000000 -0.000000
vn -0.000000 -1.000000 -0.000000
vn -0.000000 -1.000000 -0.000000
usemtl Steel_-_Satin
f 1/1/1 2/2/2 18/3/3
f 18/3/3 2/2/2 20/4/4
f 18/3/3 20/4/4 17/5/5
f 17/5/5 20/4/4 19/6/6
f 17/5/5 19/6/6 16/7/7
f 16/7/7 19/6/6 21/8/8
f 16/7/7 21/8/8 15/9/9
f 15/9/9 21/8/8 14/10/10
f 14/10/10 21/8/8 22/11/11
f 14/10/10 22/11/11 13/12/12
f 13/12/12 22/11/11 23/13/13
f 13/12/12 23/13/13 12/14/14
f 12/14/14 23/13/13 11/15/15
f 11/15/15 23/13/13 9/16/16
f 11/15/15 9/16/16 10/17/17
f 2/2/2 3/18/18 20/4/4
f 20/4/4 3/18/18 4/19/19
f 20/4/4 4/19/19 19/6/6
f 19/6/6 4/19/19 5/20/20
f 19/6/6 5/20/20 21/8/8
f 21/8/8 5/20/20 6/21/21
f 21/8/8 6/21/21 7/22/22
f 21/8/8 7/22/22 22/11/11
f 22/11/11 7/22/22 8/23/23
f 22/11/11 8/23/23 23/13/13
f 23/13/13 8/23/23 9/16/16
f 2/24/2 24/25/24 3/26/25
f 3/26/25 24/25/24 34/27/26
f 3/26/25 34/27/26 4/28/27
f 4/28/27 34/27/26 33/29/28
f 4/28/27 33/29/28 5/30/29
f 5/30/29 33/29/28 35/31/30
f 5/30/29 35/31/30 6/32/31
f 6/32/31 35/31/30 7/33/32
f 7/33/32 35/31/30 36/34/33
f 7/33/32 36/34/33 8/35/34
f 8/35/34 36/34/33 37/36/35
f 8/35/34 37/36/35 9/37/36
f 9/37/36 37/36/35 10/38/37
f 10/38/37 37/36/35 31/39/38
f 10/38/37 31/39/38 32/40/39
f 24/25/24 25/41/40 34/27/26
f 34/27/26 25/41/40 26/42/41
f 34/27/26 26/42/41 33/29/28
f 33/29/28 26/42/41 27/43/42
f 33/29/28 27/43/42 35/31/30
f 35/31/30 27/43/42 28/44/43
f 35/31/30 28/44/43 29/45/44
f 35/31/30 29/45/44 36/34/33
f 36/34/33 29/45/44 30/46/45
f 36/34/33 30/46/45 37/36/35
f 37/36/35 30/46/45 31/39/38
f 24/47/24 38/48/46 25/49/47
f 25/49/47 38/48/46 48/50/48
f 25/49/47 48/50/48 26/51/49
f 26/51/49 48/50/48 47/52/50
f 26/51/49 47/52/50 27/53/51
f 27/53/51 47/52/50 49/54/52
f 27/53/51 49/54/52 28/55/53
f 28/55/53 49/54/52 29/56/54
f 29/56/54 49/54/52 50/57/55
f 29/56/54 50/57/55 30/58/56
f 30/58/56 50/57/55 51/59/57
f 30/58/56 51/59/57 31/60/58
f 31/60/58 51/59/57 32/61/59
f 32/61/59 51/59/57 45/62/60
f 32/61/59 45/62/60 46/63/61
f 38/48/46 39/64/62 48/50/48
f 48/50/48 39/64/62 40/65/63
f 48/50/48 40/65/63 47/52/50
f 47/52/50 40/65/63 41/66/64
f 47/52/50 41/66/64 49/54/52
f 49/54/52 41/66/64 42/67/65
f 49/54/52 42/67/65 43/68/66
f 49/54/52 43/68/66 50/57/55
f 50/57/55 43/68/66 44/69/67
f 50/57/55 44/69/67 51/59/57
f 51/59/57 44/69/67 45/62/60
f 38/70/46 52/71/68 39/72/69
f 39/72/69 52/71/68 62/73/70
f 39/72/69 62/73/70 40/74/71
f 40/74/71 62/73/70 61/75/72
f 40/74/71 61/75/72 41/76/73
f 41/76/73 61/75/72 63/77/74
f 41/76/73 63/77/74 42/78/75
f 42/78/75 63/77/74 43/79/76
f 43/79/76 63/77/74 64/80/77
f 43/79/76 64/80/77 44/81/78
f 44/81/78 64/80/77 65/82/79
f 44/81/78 65/82/79 45/83/80
f 45/83/80 65/82/79 46/84/81
f 46/84/81 65/82/79 59/85/82
f 46/84/81 59/85/82 60/86/83
f 52/71/68 53/87/84 62/73/70
f 62/73/70 53/87/84 54/88/85
f 62/73/70 54/88/85 61/75/72
f 61/75/72 54/88/85 55/89/86
f 61/75/72 55/89/86 63/77/74
f 63/77/74 55/89/86 56/90/87
f 63/77/74 56/90/87 57/91/88
f 63/77/74 57/91/88 64/80/77
f 64/80/77 57/91/88 58/92/89
f 64/80/77 58/92/89 65/82/79
f 65/82/79 58/92/89 59/85/82
f 66/93/90 60/94/91 74/95/92
f 74/95/92 60/94/91 75/96/93
f 74/95/92 75/96/93 73/97/94
f 73/97/94 75/96/93 76/98/95
f 73/97/94 76/98/95 72/99/96
f 72/99/96 76/98/95 77/100/97
f 72/99/96 77/100/97 71/101/98
f 71/101/98 77/100/97 70/102/99
f 70/102/99 77/100/97 78/103/100
f 70/102/99 78/103/100 69/104/101
f 69/104/101 78/103/100 79/105/102
f 69/104/101 79/105/102 68/106/103
f 68/106/103 79/105/102 67/107/104
f 67/107/104 79/105/102 53/108/105
f 67/107/104 53/108/105 52/109/68
f 60/94/91 59/110/106 75/96/93
f 75/96/93 59/110/106 58/111/107
f 75/96/93 58/111/107 76/98/95
f 76/98/95 58/111/107 57/112/108
f 76/98/95 57/112/108 77/100/97
f 77/100/97 57/112/108 56/113/109
f 77/100/97 56/113/109 55/114/110
f 77/100/97 55/114/110 78/103/100
f 78/103/100 55/114/110 54/115/111
f 78/103/100 54/115/111 79/105/102
f 79/105/102 54/115/111 53/108/105
f 11/116/112 66/117/113 12/118/114
f 12/118/114 66/117/113 80/119/115
f 12/118/114 80/119/115 13/120/116
f 13/120/116 80/119/115 81/121/117
f 13/120/116 81/121/117 14/122/118
f 14/122/118 81/121/117 82/123/119
f 14/122/118 82/123/119 15/124/120
f 15/124/120 82/123/119 16/125/121
f 16/125/121 82/123/119 83/126/122
f 16/125/121 83/126/122 17/127/123
f 17/127/123 83/126/122 84/128/124
f 17/127/123 84/128/124 18/129/125
f 18/129/125 84/128/124 1/130/1
f 1/130/1 84/128/124 68/131/126
f 1/130/1 68/131/126 67/132/104
f 66/117/113 74/133/127 80/119/115
f 80/119/115 74/133/127 73/134/128
f 80/119/115 73/134/128 81/121/117
f 81/121/117 73/134/128 72/135/129
f 81/121/117 72/135/129 82/123/119
f 82/123/119 72/135/129 71/136/130
f 82/123/119 71/136/130 70/137/131
f 82/123/119 70/137/131 83/126/122
f 83/126/122 70/137/131 69/138/132
f 83/126/122 69/138/132 84/128/124
f 84/128/124 69/138/132 68/131/126
f 60/139/91 66/140/90 86/141/133
f 86/141/133 66/140/90 85/142/134
f 66/143/113 11/144/112 85/145/135
f 85/145/135 11/144/112 87/146/136
f 11/147/15 10/148/17 87/149/137
f 87/149/137 10/148/17 88/150/138
f 90/151/139 24/152/24 89/153/140
f 89/153/140 24/152/24 2/154/2
f 89/153/140 2/154/2 112/155/141
f 112/155/141 2/154/2 111/156/142
f 111/156/142 2/154/2 110/157/143
f 110/157/143 2/154/2 109/158/144
f 109/158/144 2/154/2 1/159/1
f 109/158/144 1/159/1 108/160/145
f 108/160/145 1/159/1 107/161/146
f 107/161/146 1/159/1 106/162/147
f 106/162/147 1/159/1 105/163/148
f 105/163/148 1/159/1 67/164/104
f 105/163/148 67/164/104 104/165/149
f 104/165/149 67/164/104 103/166/150
f 103/166/150 67/164/104 102/167/151
f 102/167/151 67/164/104 101/168/152
f 101/168/152 67/164/104 52/169/68
f 101/168/152 52/169/68 100/170/153
f 100/170/153 52/169/68 99/171/154
f 99/171/154 52/169/68 98/172/155
f 98/172/155 52/169/68 97/173/156
f 97/173/156 52/169/68 38/174/46
f 97/173/156 38/174/46 96/175/157
f 96/175/157 38/174/46 95/176/158
f 95/176/158 38/174/46 94/177/159
f 94/177/159 38/174/46 93/178/160
f 93/178/160 38/174/46 24/152/24
f 93/178/160 24/152/24 92/179/161
f 92/179/161 24/152/24 91/180/162
f 91/180/162 24/152/24 90/151/139
f 113/181/163 114/182/164 120/183/165
f 120/183/165 114/182/164 115/184/166
f 120/183/165 115/184/166 119/185/167
f 119/185/167 115/184/166 116/186/168
f 119/185/167 116/186/168 118/187/169
f 118/187/169 116/186/168 117/188/170
f 121/189/171 122/190/172 128/191/173
f 128/191/173 122/190/172 123/192/174
f 128/191/173 123/192/174 127/193/175
f 127/193/175 123/192/174 124/194/176
f 127/193/175 124/194/176 126/195/177
f 126/195/177 124/194/176 125/196/178
f 129/197/179 130/198/180 136/199/181
f 136/199/181 130/198/180 131/200/182
f 136/199/181 131/200/182 135/201/183
f 135/201/183 131/200/182 132/202/184
f 135/201/183 132/202/184 134/203/185
f 134/203/185 132/202/184 133/204/186
f 137/205/187 138/206/188 144/207/189
f 144/207/189 138/206/188 139/208/190
f 144/207/189 139/208/190 143/209/191
f 143/209/191 139/208/190 140/210/192
f 143/209/191 140/210/192 142/211/193
f 142/211/193 140/210/192 141/212/194
f 145/213/195 146/214/196 152/215/197
f 152/215/197 146/214/196 147/216/198
f 152/215/197 147/216/198 151/217/199
f 151/217/199 147/216/198 148/218/200
f 151/217/199 148/218/200 150/219/201
f 150/219/201 148/218/200 149/220/202
f 181/221/203 153/222/204 253/223/205
f 253/223/205 153/222/204 154/224/206
f 253/223/205 154/224/206 248/225/207
f 248/225/207 154/224/206 197/226/208
f 248/225/207 197/226/208 247/227/209
f 247/227/209 197/226/208 249/228/210
f 247/227/209 249/228/210 116/229/211
f 116/229/211 249/228/210 286/230/212
f 116/229/211 286/230/212 117/231/213
f 117/231/213 286/230/212 212/232/214
f 212/232/214 286/230/212 206/233/215
f 212/232/214 206/233/215 275/234/216
f 275/234/216 206/233/215 276/235/217
f 275/234/216 276/235/217 245/236/218
f 245/236/218 276/235/217 274/237/219
f 245/236/218 274/237/219 244/238/220
f 244/238/220 274/237/219 273/239/221
f 244/238/220 273/239/221 243/240/222
f 243/240/222 273/239/221 272/241/223
f 243/240/222 272/241/223 241/242/224
f 241/242/224 272/241/223 240/243/225
f 240/243/225 272/241/223 239/244/226
f 239/244/226 272/241/223 182/245/227
f 239/244/226 182/245/227 271/246/228
f 271/246/228 182/245/227 183/247/229
f 271/246/228 183/247/229 270/248/230
f 270/248/230 183/247/229 250/249/231
f 270/248/230 250/249/231 237/250/232
f 237/250/232 250/249/231 236/251/233
f 236/251/233 250/249/231 235/252/234
f 235/252/234 250/249/231 232/253/235
f 235/252/234 232/253/235 234/254/236
f 234/254/236 232/253/235 233/255/237
f 197/226/208 154/224/206 260/256/238
f 260/256/238 154/224/206 155/257/239
f 260/256/238 155/257/239 259/258/240
f 259/258/240 155/257/239 156/259/241
f 259/258/240 156/259/241 258/260/242
f 258/260/242 156/259/241 157/261/243
f 258/260/242 157/261/243 257/262/244
f 257/262/244 157/261/243 256/263/245
f 257/262/244 256/263/245 278/264/246
f 278/264/246 256/263/245 279/265/247
f 278/264/246 279/265/247 195/266/248
f 195/266/248 279/265/247 283/267/249
f 195/266/248 283/267/249 194/268/250
f 194/268/250 283/267/249 193/269/251
f 193/269/251 283/267/249 282/270/252
f 193/269/251 282/270/252 192/271/253
f 192/271/253 282/270/252 280/272/254
f 192/271/253 280/272/254 255/273/255
f 255/273/255 280/272/254 279/265/247
f 255/273/255 279/265/247 256/263/245
f 157/261/243 158/274/256 256/263/245
f 256/263/245 158/274/256 255/273/255
f 255/273/255 158/274/256 254/275/257
f 254/275/257 158/274/256 159/276/258
f 254/275/257 159/276/258 230/277/259
f 230/277/259 159/276/258 229/278/260
f 229/278/260 159/276/258 160/279/261
f 229/278/260 160/279/261 161/280/262
f 161/280/262 162/281/263 229/278/260
f 229/278/260 162/281/263 163/282/264
f 229/278/260 163/282/264 164/283/265
f 165/284/266 266/285/267 164/283/265
f 164/283/265 266/285/267 228/286/268
f 164/283/265 228/286/268 229/278/260
f 165/284/266 166/287/269 266/285/267
f 266/285/267 166/287/269 167/288/270
f 266/285/267 167/288/270 265/289/271
f 265/289/271 167/288/270 264/290/272
f 265/289/271 264/290/272 222/291/273
f 222/291/273 264/290/272 221/292/274
f 221/292/274 264/290/272 168/293/275
f 221/292/274 168/293/275 263/294/276
f 263/294/276 168/293/275 169/295/277
f 263/294/276 169/295/277 267/296/278
f 267/296/278 169/295/277 170/297/279
f 267/296/278 170/297/279 171/298/280
f 167/288/270 168/293/275 264/290/272
f 172/299/281 262/300/282 171/298/280
f 171/298/280 262/300/282 263/294/276
f 171/298/280 263/294/276 267/296/278
f 262/300/282 172/299/281 268/301/283
f 268/301/283 172/299/281 173/302/284
f 268/301/283 173/302/284 269/303/285
f 269/303/285 173/302/284 252/304/286
f 269/303/285 252/304/286 215/305/287
f 215/305/287 252/304/286 251/306/288
f 215/305/287 251/306/288 214/307/289
f 214/307/289 251/306/288 175/308/290
f 214/307/289 175/308/290 176/309/291
f 173/302/284 174/310/292 252/304/286
f 252/304/286 174/310/292 251/306/288
f 174/310/292 175/308/290 251/306/288
f 176/309/291 177/311/293 214/307/289
f 214/307/289 177/311/293 178/312/294
f 214/307/289 178/312/294 179/313/295
f 179/313/295 180/314/296 214/307/289
f 214/307/289 180/314/296 213/315/297
f 213/315/297 180/314/296 253/223/205
f 213/315/297 253/223/205 114/316/298
f 114/316/298 253/223/205 115/317/299
f 115/317/299 253/223/205 248/225/207
f 115/317/299 248/225/207 116/229/211
f 116/229/211 248/225/207 247/227/209
f 180/314/296 181/221/203 253/223/205
f 183/247/229 184/318/300 250/249/231
f 250/249/231 184/318/300 185/319/301
f 250/249/231 185/319/301 186/320/302
f 250/249/231 186/320/302 232/253/235
f 232/253/235 186/320/302 187/321/303
f 232/253/235 187/321/303 188/322/304
f 232/253/235 188/322/304 231/323/305
f 231/323/305 188/322/304 189/324/306
f 231/323/305 189/324/306 190/325/307
f 190/325/307 191/326/308 231/323/305
f 231/323/305 191/326/308 230/277/259
f 230/277/259 191/326/308 254/275/257
f 192/271/253 285/327/309 191/326/308
f 191/326/308 285/327/309 281/328/310
f 191/326/308 281/328/310 254/275/257
f 254/275/257 281/328/310 192/271/253
f 254/275/257 192/271/253 255/273/255
f 196/329/311 277/330/312 195/266/248
f 195/266/248 277/330/312 284/331/313
f 195/266/248 284/331/313 278/264/246
f 278/264/246 284/331/313 277/330/312
f 278/264/246 277/330/312 257/262/244
f 257/262/244 277/330/312 258/260/242
f 197/226/208 260/256/238 196/329/311
f 196/329/311 260/256/238 259/258/240
f 196/329/311 259/258/240 258/260/242
f 197/226/208 198/332/314 249/228/210
f 249/228/210 198/332/314 286/230/212
f 198/332/314 199/333/315 286/230/212
f 286/230/212 199/333/315 200/334/316
f 286/230/212 200/334/316 201/335/317
f 201/335/317 202/336/318 286/230/212
f 286/230/212 202/336/318 203/337/319
f 286/230/212 203/337/319 204/338/320
f 204/338/320 205/339/321 286/230/212
f 286/230/212 205/339/321 206/233/215
f 206/233/215 207/340/322 276/235/217
f 276/235/217 207/340/322 274/237/219
f 274/237/219 207/340/322 273/239/221
f 273/239/221 207/340/322 208/341/323
f 273/239/221 208/341/323 209/342/324
f 273/239/221 209/342/324 272/241/223
f 272/241/223 209/342/324 210/343/325
f 272/241/223 210/343/325 211/344/326
f 211/344/326 182/245/227 272/241/223
f 269/303/285 215/305/287 261/345/327
f 261/345/327 215/305/287 216/346/328
f 261/345/327 216/346/328 262/300/282
f 262/300/282 216/346/328 217/347/329
f 262/300/282 217/347/329 263/294/276
f 263/294/276 217/347/329 218/348/330
f 263/294/276 218/348/330 221/292/274
f 221/292/274 218/348/330 220/349/331
f 220/349/331 218/348/330 219/350/332
f 222/291/273 223/351/333 265/289/271
f 265/289/271 223/351/333 266/285/267
f 223/351/333 224/352/334 266/285/267
f 266/285/267 224/352/334 225/353/335
f 266/285/267 225/353/335 228/286/268
f 228/286/268 225/353/335 226/354/336
f 228/286/268 226/354/336 227/355/337
f 237/250/232 238/356/338 270/248/230
f 270/248/230 238/356/338 271/246/228
f 238/356/338 239/244/226 271/246/228
f 241/242/224 242/357/339 243/240/222
f 245/236/218 246/358/340 275/234/216
f 275/234/216 246/358/340 212/232/214
f 196/329/311 258/260/242 277/330/312
f 268/301/283 269/303/285 262/300/282
f 262/300/282 269/303/285 261/345/327
f 282/270/252 283/267/249 280/272/254
f 280/272/254 283/267/249 279/265/247
f 285/327/309 192/271/253 281/328/310
f 123/359/341 122/360/342 417/361/343
f 417/361/343 122/360/342 287/362/344
f 417/361/343 287/362/344 288/363/345
f 289/364/346 383/365/347 288/363/345
f 288/363/345 383/365/347 385/366/348
f 288/363/345 385/366/348 343/367/349
f 343/367/349 385/366/348 342/368/350
f 342/368/350 385/366/348 384/369/351
f 342/368/350 384/369/351 381/370/352
f 381/370/352 384/369/351 290/371/353
f 381/370/352 290/371/353 391/372/354
f 391/372/354 290/371/353 291/373/355
f 391/372/354 291/373/355 387/374/356
f 387/374/356 291/373/355 294/375/357
f 387/374/356 294/375/357 295/376/358
f 383/365/347 289/364/346 384/369/351
f 384/369/351 289/364/346 290/371/353
f 292/377/359 293/378/360 291/373/355
f 291/373/355 293/378/360 294/375/357
f 387/374/356 295/376/358 390/379/361
f 390/379/361 295/376/358 296/380/362
f 390/379/361 296/380/362 389/381/363
f 389/381/363 296/380/362 297/382/364
f 389/381/363 297/382/364 388/383/365
f 388/383/365 297/382/364 298/384/366
f 388/383/365 298/384/366 299/385/367
f 299/385/367 300/386/368 388/383/365
f 388/383/365 300/386/368 301/387/369
f 388/383/365 301/387/369 302/388/370
f 388/383/365 302/388/370 333/389/371
f 333/389/371 302/388/370 303/390/372
f 333/389/371 303/390/372 332/391/373
f 332/391/373 303/390/372 331/392/374
f 331/392/374 303/390/372 330/393/375
f 330/393/375 303/390/372 329/394/376
f 329/394/376 303/390/372 328/395/377
f 328/395/377 303/390/372 304/396/378
f 328/395/377 304/396/378 360/397/379
f 360/397/379 304/396/378 305/398/380
f 360/397/379 305/398/380 359/399/381
f 359/399/381 305/398/380 358/400/382
f 358/400/382 305/398/380 357/401/383
f 357/401/383 305/398/380 356/402/384
f 356/402/384 305/398/380 355/403/385
f 355/403/385 305/398/380 405/404/386
f 355/403/385 405/404/386 354/405/387
f 354/405/387 405/404/386 353/406/388
f 353/406/388 405/404/386 352/407/389
f 352/407/389 405/404/386 406/408/390
f 352/407/389 406/408/390 407/409/391
f 407/409/391 406/408/390 312/410/392
f 407/409/391 312/410/392 313/411/393
f 305/398/380 306/412/394 405/404/386
f 405/404/386 306/412/394 309/413/395
f 405/404/386 309/413/395 310/414/396
f 306/412/394 307/415/397 309/413/395
f 309/413/395 307/415/397 308/416/398
f 310/414/396 311/417/399 405/404/386
f 405/404/386 311/417/399 406/408/390
f 311/417/399 312/410/392 406/408/390
f 314/418/400 408/419/401 313/411/393
f 313/411/393 408/419/401 351/420/402
f 313/411/393 351/420/402 407/409/391
f 407/409/391 351/420/402 352/407/389
f 408/419/401 314/418/400 317/421/403
f 317/421/403 314/418/400 315/422/404
f 317/421/403 315/422/404 316/423/405
f 408/419/401 317/421/403 409/424/406
f 409/424/406 317/421/403 318/425/407
f 409/424/406 318/425/407 410/426/408
f 410/426/408 318/425/407 319/427/409
f 410/426/408 319/427/409 376/428/410
f 376/428/410 319/427/409 412/429/411
f 376/428/410 412/429/411 375/430/412
f 375/430/412 412/429/411 374/431/413
f 374/431/413 412/429/411 411/432/414
f 374/431/413 411/432/414 373/433/415
f 373/433/415 411/432/414 382/434/416
f 373/433/415 382/434/416 415/435/417
f 415/435/417 382/434/416 124/436/418
f 415/435/417 124/436/418 416/437/419
f 416/437/419 124/436/418 123/359/341
f 416/437/419 123/359/341 417/361/343
f 319/427/409 320/438/420 412/429/411
f 412/429/411 320/438/420 411/432/414
f 320/438/420 321/439/421 411/432/414
f 411/432/414 321/439/421 125/440/422
f 411/432/414 125/440/422 382/434/416
f 382/434/416 125/440/422 124/436/418
f 323/441/423 416/437/419 322/442/424
f 322/442/424 416/437/419 417/361/343
f 322/442/424 417/361/343 350/443/425
f 350/443/425 417/361/343 349/444/426
f 349/444/426 417/361/343 348/445/427
f 348/445/427 417/361/343 347/446/428
f 347/446/428 417/361/343 346/447/429
f 346/447/429 417/361/343 345/448/430
f 345/448/430 417/361/343 344/449/431
f 344/449/431 417/361/343 288/363/345
f 344/449/431 288/363/345 343/367/349
f 324/450/432 399/451/433 323/441/423
f 323/441/423 399/451/433 366/452/434
f 323/441/423 366/452/434 416/437/419
f 416/437/419 366/452/434 415/435/417
f 399/451/433 324/450/432 400/453/435
f 400/453/435 324/450/432 325/454/436
f 400/453/435 325/454/436 365/455/437
f 365/455/437 325/454/436 401/456/438
f 365/455/437 401/456/438 398/457/439
f 398/457/439 401/456/438 402/458/440
f 398/457/439 402/458/440 397/459/441
f 397/459/441 402/458/440 403/460/442
f 397/459/441 403/460/442 396/461/443
f 396/461/443 403/460/442 404/462/444
f 396/461/443 404/462/444 395/463/445
f 395/463/445 404/462/444 361/464/446
f 395/463/445 361/464/446 362/465/447
f 401/456/438 325/454/436 402/458/440
f 402/458/440 325/454/436 326/466/448
f 402/458/440 326/466/448 403/460/442
f 403/460/442 326/466/448 413/467/449
f 403/460/442 413/467/449 404/462/444
f 404/462/444 413/467/449 414/468/450
f 404/462/444 414/468/450 327/469/451
f 327/469/451 414/468/450 413/467/449
f 327/469/451 413/467/449 326/466/448
f 328/395/377 393/470/452 327/469/451
f 327/469/451 393/470/452 361/464/446
f 327/469/451 361/464/446 404/462/444
f 333/389/371 334/471/453 388/383/365
f 388/383/365 334/471/453 392/472/454
f 388/383/365 392/472/454 336/473/455
f 336/473/455 392/472/454 335/474/456
f 335/474/456 392/472/454 334/471/453
f 337/475/457 390/379/361 336/473/455
f 336/473/455 390/379/361 389/381/363
f 336/473/455 389/381/363 388/383/365
f 390/379/361 337/475/457 387/374/356
f 387/374/356 337/475/457 338/476/458
f 387/374/356 338/476/458 386/477/459
f 386/477/459 338/476/458 339/478/460
f 386/477/459 339/478/460 340/479/461
f 341/480/462 381/370/352 340/479/461
f 340/479/461 381/370/352 387/374/356
f 340/479/461 387/374/356 386/477/459
f 341/480/462 342/368/350 381/370/352
f 361/464/446 394/481/463 360/397/379
f 360/397/379 394/481/463 393/470/452
f 360/397/379 393/470/452 328/395/377
f 395/463/445 362/465/447 396/461/443
f 396/461/443 362/465/447 363/482/464
f 396/461/443 363/482/464 364/483/465
f 365/455/437 398/457/439 364/483/465
f 364/483/465 398/457/439 397/459/441
f 364/483/465 397/459/441 396/461/443
f 400/453/435 365/455/437 399/451/433
f 399/451/433 365/455/437 366/452/434
f 366/452/434 367/484/466 415/435/417
f 415/435/417 367/484/466 368/485/467
f 415/435/417 368/485/467 369/486/468
f 369/486/468 370/487/469 415/435/417
f 415/435/417 370/487/469 371/488/470
f 415/435/417 371/488/470 372/489/471
f 372/489/471 373/433/415 415/435/417
f 410/426/408 376/428/410 409/424/406
f 409/424/406 376/428/410 377/490/472
f 409/424/406 377/490/472 378/491/473
f 409/424/406 378/491/473 408/419/401
f 408/419/401 378/491/473 379/492/474
f 408/419/401 379/492/474 380/493/475
f 380/493/475 351/420/402 408/419/401
f 361/464/446 393/470/452 394/481/463
f 383/365/347 384/369/351 385/366/348
f 391/372/354 387/374/356 381/370/352
f 447/494/476 418/495/477 518/496/478
f 518/496/478 418/495/477 419/497/479
f 518/496/478 419/497/479 519/498/480
f 519/498/480 419/497/479 520/499/481
f 519/498/480 520/499/481 501/500/482
f 501/500/482 520/499/481 521/501/483
f 501/500/482 521/501/483 500/502/484
f 500/502/484 521/501/483 515/503/485
f 500/502/484 515/503/485 499/504/486
f 499/504/486 515/503/485 498/505/487
f 498/505/487 515/503/485 497/506/488
f 497/506/488 515/503/485 496/507/489
f 496/507/489 515/503/485 495/508/490
f 495/508/490 515/503/485 522/509/491
f 495/508/490 522/509/491 513/510/492
f 513/510/492 522/509/491 422/511/493
f 513/510/492 422/511/493 423/512/494
f 419/497/479 420/513/495 520/499/481
f 520/499/481 420/513/495 521/501/483
f 521/501/483 420/513/495 515/503/485
f 515/503/485 420/513/495 421/514/496
f 515/503/485 421/514/496 522/509/491
f 522/509/491 421/514/496 422/511/493
f 423/512/494 424/515/497 513/510/492
f 513/510/492 424/515/497 425/516/498
f 513/510/492 425/516/498 426/517/499
f 426/517/499 427/518/500 513/510/492
f 513/510/492 427/518/500 538/519/501
f 513/510/492 538/519/501 494/520/502
f 494/520/502 538/519/501 543/521/503
f 494/520/502 543/521/503 493/522/504
f 493/522/504 543/521/503 548/523/505
f 493/522/504 548/523/505 492/524/506
f 492/524/506 548/523/505 491/525/507
f 491/525/507 548/523/505 489/526/508
f 491/525/507 489/526/508 490/527/509
f 428/528/510 529/529/511 427/518/500
f 427/518/500 529/529/511 530/530/512
f 427/518/500 530/530/512 454/531/513
f 454/531/513 530/530/512 453/532/514
f 453/532/514 530/530/512 536/533/515
f 453/532/514 536/533/515 535/534/516
f 535/534/516 536/533/515 527/535/517
f 535/534/516 527/535/517 525/536/518
f 525/536/518 527/535/517 429/537/519
f 525/536/518 429/537/519 430/538/520
f 429/537/519 528/539/521 428/528/510
f 428/528/510 528/539/521 536/533/515
f 428/528/510 536/533/515 530/530/512
f 430/538/520 431/540/522 525/536/518
f 525/536/518 431/540/522 526/541/523
f 525/536/518 526/541/523 535/534/516
f 535/534/516 526/541/523 453/532/514
f 432/542/524 523/543/525 431/540/522
f 431/540/522 523/543/525 524/544/526
f 431/540/522 524/544/526 534/545/527
f 534/545/527 524/544/526 523/543/525
f 534/545/527 523/543/525 533/546/528
f 533/546/528 523/543/525 432/542/524
f 533/546/528 432/542/524 451/547/529
f 451/547/529 432/542/524 532/548/530
f 451/547/529 532/548/530 450/549/531
f 450/549/531 532/548/530 531/550/532
f 450/549/531 531/550/532 449/551/533
f 449/551/533 531/550/532 433/552/534
f 449/551/533 433/552/534 512/553/535
f 512/553/535 433/552/534 537/554/536
f 512/553/535 537/554/536 132/555/537
f 132/555/537 537/554/536 539/556/538
f 132/555/537 539/556/538 133/557/539
f 133/557/539 539/556/538 511/558/540
f 511/558/540 539/556/538 510/559/541
f 510/559/541 539/556/538 439/560/542
f 510/559/541 439/560/542 440/561/543
f 532/548/530 432/542/524 531/550/532
f 531/550/532 432/542/524 433/552/534
f 433/552/534 434/562/544 537/554/536
f 537/554/536 434/562/544 435/563/545
f 537/554/536 435/563/545 436/564/546
f 436/564/546 437/565/547 537/554/536
f 537/554/536 437/565/547 438/566/548
f 537/554/536 438/566/548 539/556/538
f 539/556/538 438/566/548 439/560/542
f 440/561/543 441/567/549 510/559/541
f 510/559/541 441/567/549 442/568/550
f 510/559/541 442/568/550 541/569/551
f 541/569/551 442/568/550 443/570/552
f 541/569/551 443/570/552 514/571/553
f 514/571/553 443/570/552 516/572/554
f 514/571/553 516/572/554 509/573/555
f 509/573/555 516/572/554 508/574/556
f 508/574/556 516/572/554 517/575/557
f 508/574/556 517/575/557 507/576/558
f 507/576/558 517/575/557 445/577/559
f 507/576/558 445/577/559 446/578/560
f 516/572/554 443/570/552 517/575/557
f 517/575/557 443/570/552 444/579/561
f 517/575/557 444/579/561 445/577/559
f 447/494/476 503/580/562 446/578/560
f 446/578/560 503/580/562 504/581/563
f 446/578/560 504/581/563 505/582/564
f 503/580/562 447/494/476 518/496/478
f 476/583/565 448/584/566 542/585/567
f 542/585/567 448/584/566 449/551/533
f 542/585/567 449/551/533 512/553/535
f 451/547/529 452/586/568 533/546/528
f 533/546/528 452/586/568 534/545/527
f 534/545/527 452/586/568 526/541/523
f 526/541/523 452/586/568 453/532/514
f 455/587/569 543/521/503 454/531/513
f 454/531/513 543/521/503 538/519/501
f 454/531/513 538/519/501 427/518/500
f 455/587/569 456/588/570 543/521/503
f 543/521/503 456/588/570 548/523/505
f 456/588/570 457/589/571 548/523/505
f 548/523/505 457/589/571 458/590/572
f 548/523/505 458/590/572 459/591/573
f 459/591/573 460/592/574 548/523/505
f 548/523/505 460/592/574 547/593/575
f 548/523/505 547/593/575 489/526/508
f 489/526/508 547/593/575 488/594/576
f 488/594/576 547/593/575 546/595/577
f 488/594/576 546/595/577 487/596/578
f 487/596/578 546/595/577 545/597/579
f 487/596/578 545/597/579 486/598/580
f 486/598/580 545/597/579 544/599/581
f 486/598/580 544/599/581 463/600/582
f 463/600/582 544/599/581 462/601/583
f 462/601/583 544/599/581 545/597/579
f 462/601/583 545/597/579 546/595/577
f 460/592/574 461/602/584 547/593/575
f 547/593/575 461/602/584 546/595/577
f 461/602/584 462/601/583 546/595/577
f 463/600/582 464/603/585 486/598/580
f 486/598/580 464/603/585 485/604/586
f 485/604/586 464/603/585 481/605/587
f 485/604/586 481/605/587 484/606/588
f 484/606/588 481/605/587 483/607/589
f 483/607/589 481/605/587 482/608/590
f 481/605/587 464/603/585 549/609/591
f 549/609/591 464/603/585 465/610/592
f 549/609/591 465/610/592 466/611/593
f 467/612/594 553/613/595 466/611/593
f 466/611/593 553/613/595 481/605/587
f 466/611/593 481/605/587 549/609/591
f 553/613/595 467/612/594 551/614/596
f 551/614/596 467/612/594 468/615/597
f 551/614/596 468/615/597 550/616/598
f 550/616/598 468/615/597 479/617/599
f 550/616/598 479/617/599 552/618/600
f 552/618/600 479/617/599 480/619/601
f 552/618/600 480/619/601 550/616/598
f 550/616/598 480/619/601 551/614/596
f 479/617/599 468/615/597 554/620/602
f 554/620/602 468/615/597 469/621/603
f 554/620/602 469/621/603 478/622/604
f 478/622/604 469/621/603 470/623/605
f 478/622/604 470/623/605 471/624/606
f 471/624/606 472/625/607 478/622/604
f 478/622/604 472/625/607 542/585/567
f 478/622/604 542/585/567 477/626/608
f 477/626/608 542/585/567 130/627/609
f 130/627/609 542/585/567 131/628/610
f 131/628/610 542/585/567 512/553/535
f 131/628/610 512/553/535 132/555/537
f 472/625/607 473/629/611 542/585/567
f 542/585/567 473/629/611 474/630/612
f 542/585/567 474/630/612 475/631/613
f 475/631/613 476/583/565 542/585/567
f 478/622/604 479/617/599 554/620/602
f 551/614/596 480/619/601 553/613/595
f 553/613/595 480/619/601 481/605/587
f 494/520/502 495/508/490 513/510/492
f 501/500/482 502/632/614 519/498/480
f 519/498/480 502/632/614 518/496/478
f 502/632/614 503/580/562 518/496/478
f 505/582/564 506/633/615 446/578/560
f 446/578/560 506/633/615 507/576/558
f 514/571/553 509/573/555 540/634/616
f 540/634/616 509/573/555 510/559/541
f 540/634/616 510/559/541 541/569/551
f 428/528/510 530/530/512 529/529/511
f 534/545/527 526/541/523 431/540/522
f 528/539/521 429/537/519 527/535/517
f 536/533/515 528/539/521 527/535/517
f 514/571/553 540/634/616 541/569/551
f 555/635/617 652/636/618 138/637/619
f 138/637/619 652/636/618 654/638/620
f 138/637/619 654/638/620 139/639/621
f 139/639/621 654/638/620 683/640/622
f 139/639/621 683/640/622 650/641/623
f 650/641/623 683/640/622 634/642/624
f 650/641/623 634/642/624 635/643/625
f 555/635/617 556/644/626 652/636/618
f 652/636/618 556/644/626 653/645/627
f 652/636/618 653/645/627 611/646/628
f 611/646/628 653/645/627 557/647/629
f 611/646/628 557/647/629 610/648/630
f 610/648/630 557/647/629 655/649/631
f 610/648/630 655/649/631 656/650/632
f 656/650/632 655/649/631 658/651/633
f 656/650/632 658/651/633 609/652/634
f 609/652/634 658/651/633 608/653/635
f 608/653/635 658/651/633 659/654/636
f 608/653/635 659/654/636 607/655/637
f 607/655/637 659/654/636 606/656/638
f 606/656/638 659/654/636 662/657/639
f 606/656/638 662/657/639 605/658/640
f 605/658/640 662/657/639 660/659/641
f 605/658/640 660/659/641 663/660/642
f 663/660/642 660/659/641 604/661/643
f 663/660/642 604/661/643 605/658/640
f 556/644/626 557/647/629 653/645/627
f 655/649/631 557/647/629 657/662/644
f 657/662/644 557/647/629 558/663/645
f 657/662/644 558/663/645 658/651/633
f 658/651/633 558/663/645 661/664/646
f 658/651/633 661/664/646 662/657/639
f 662/657/639 661/664/646 561/665/647
f 662/657/639 561/665/647 562/666/648
f 558/663/645 559/667/649 661/664/646
f 661/664/646 559/667/649 560/668/650
f 661/664/646 560/668/650 561/665/647
f 562/666/648 563/669/651 662/657/639
f 662/657/639 563/669/651 564/670/652
f 662/657/639 564/670/652 660/659/641
f 660/659/641 564/670/652 565/671/653
f 660/659/641 565/671/653 649/672/654
f 649/672/654 565/671/653 566/673/655
f 649/672/654 566/673/655 567/674/656
f 567/674/656 568/675/657 649/672/654
f 649/672/654 568/675/657 569/676/658
f 649/672/654 569/676/658 570/677/659
f 570/677/659 571/678/660 649/672/654
f 649/672/654 571/678/660 664/679/661
f 649/672/654 664/679/661 604/661/643
f 604/661/643 664/679/661 603/680/662
f 603/680/662 664/679/661 602/681/663
f 602/681/663 664/679/661 571/678/660
f 602/681/663 571/678/660 601/682/664
f 601/682/664 571/678/660 600/683/665
f 600/683/665 571/678/660 599/684/666
f 599/684/666 571/678/660 598/685/667
f 598/685/667 571/678/660 572/686/668
f 598/685/667 572/686/668 597/687/669
f 597/687/669 572/686/668 596/688/670
f 596/688/670 572/686/668 628/689/671
f 596/688/670 628/689/671 665/690/672
f 665/690/672 628/689/671 675/691/673
f 665/690/672 675/691/673 629/692/674
f 629/692/674 675/691/673 690/693/675
f 629/692/674 690/693/675 628/689/671
f 628/689/671 690/693/675 675/691/673
f 572/686/668 573/694/676 628/689/671
f 628/689/671 573/694/676 627/695/677
f 627/695/677 573/694/676 626/696/678
f 626/696/678 573/694/676 625/697/679
f 625/697/679 573/694/676 624/698/680
f 624/698/680 573/694/676 623/699/681
f 623/699/681 573/694/676 622/700/682
f 622/700/682 573/694/676 676/701/683
f 622/700/682 676/701/683 621/702/684
f 621/702/684 676/701/683 620/703/685
f 620/703/685 676/701/683 677/704/686
f 620/703/685 677/704/686 619/705/687
f 619/705/687 677/704/686 580/706/688
f 619/705/687 580/706/688 581/707/689
f 573/694/676 574/708/690 676/701/683
f 676/701/683 574/708/690 575/709/691
f 676/701/683 575/709/691 577/710/692
f 577/710/692 575/709/691 576/711/693
f 577/710/692 578/712/694 676/701/683
f 676/701/683 578/712/694 579/713/695
f 676/701/683 579/713/695 677/704/686
f 677/704/686 579/713/695 580/706/688
f 619/705/687 581/707/689 678/714/696
f 678/714/696 581/707/689 582/715/697
f 678/714/696 582/715/697 583/716/698
f 583/716/698 584/717/699 678/714/696
f 678/714/696 584/717/699 585/718/700
f 678/714/696 585/718/700 679/719/701
f 679/719/701 585/718/700 586/720/702
f 679/719/701 586/720/702 680/721/703
f 680/721/703 586/720/702 587/722/704
f 680/721/703 587/722/704 644/723/705
f 644/723/705 587/722/704 588/724/706
f 644/723/705 588/724/706 682/725/707
f 682/725/707 588/724/706 681/726/708
f 682/725/707 681/726/708 643/727/709
f 643/727/709 681/726/708 642/728/710
f 642/728/710 681/726/708 641/729/711
f 641/729/711 681/726/708 640/730/712
f 640/730/712 681/726/708 639/731/713
f 639/731/713 681/726/708 638/732/714
f 638/732/714 681/726/708 651/733/715
f 638/732/714 651/733/715 637/734/716
f 637/734/716 651/733/715 636/735/717
f 636/735/717 651/733/715 635/643/625
f 635/643/625 651/733/715 650/641/623
f 588/724/706 589/736/718 681/726/708
f 681/726/708 589/736/718 141/737/719
f 681/726/708 141/737/719 651/733/715
f 651/733/715 141/737/719 140/738/720
f 651/733/715 140/738/720 650/641/623
f 650/641/623 140/738/720 139/639/621
f 591/739/721 683/640/622 590/740/722
f 590/740/722 683/640/622 654/638/620
f 590/740/722 654/638/620 618/741/723
f 618/741/723 654/638/620 617/742/724
f 617/742/724 654/638/620 652/636/618
f 617/742/724 652/636/618 616/743/725
f 616/743/725 652/636/618 615/744/726
f 615/744/726 652/636/618 614/745/727
f 614/745/727 652/636/618 613/746/728
f 613/746/728 652/636/618 612/747/729
f 612/747/729 652/636/618 611/646/628
f 592/748/730 670/749/731 591/739/721
f 591/739/721 670/749/731 634/642/624
f 591/739/721 634/642/624 683/640/622
f 670/749/731 592/748/730 671/750/732
f 671/750/732 592/748/730 593/751/733
f 671/750/732 593/751/733 668/752/734
f 668/752/734 593/751/733 684/753/735
f 668/752/734 684/753/735 672/754/736
f 672/754/736 684/753/735 685/755/737
f 672/754/736 685/755/737 594/756/738
f 594/756/738 685/755/737 684/753/735
f 594/756/738 684/753/735 593/751/733
f 595/757/739 686/758/740 594/756/738
f 594/756/738 686/758/740 666/759/741
f 594/756/738 666/759/741 672/754/736
f 672/754/736 666/759/741 631/760/742
f 672/754/736 631/760/742 667/761/743
f 667/761/743 631/760/742 689/762/744
f 667/761/743 689/762/744 688/763/745
f 688/763/745 689/762/744 632/764/746
f 688/763/745 632/764/746 633/765/747
f 596/688/670 687/766/748 595/757/739
f 595/757/739 687/766/748 665/690/672
f 595/757/739 665/690/672 666/759/741
f 666/759/741 665/690/672 629/692/674
f 666/759/741 629/692/674 674/767/749
f 674/767/749 629/692/674 691/768/750
f 674/767/749 691/768/750 631/760/742
f 631/760/742 691/768/750 630/769/751
f 630/769/751 691/768/750 629/692/674
f 609/652/634 610/648/630 656/650/632
f 631/760/742 632/764/746 689/762/744
f 634/642/624 670/749/731 633/765/747
f 633/765/747 670/749/731 673/770/752
f 633/765/747 673/770/752 671/750/732
f 671/750/732 673/770/752 670/749/731
f 643/727/709 644/723/705 682/725/707
f 680/721/703 644/723/705 679/719/701
f 679/719/701 644/723/705 645/771/753
f 679/719/701 645/771/753 646/772/754
f 679/719/701 646/772/754 678/714/696
f 678/714/696 646/772/754 647/773/755
f 678/714/696 647/773/755 648/774/756
f 648/774/756 619/705/687 678/714/696
f 658/651/633 662/657/639 659/654/636
f 687/766/748 596/688/670 665/690/672
f 657/662/644 658/651/633 655/649/631
f 649/672/654 604/661/643 660/659/641
f 674/767/749 631/760/742 666/759/741
f 668/752/734 672/754/736 669/775/757
f 669/775/757 672/754/736 667/761/743
f 669/775/757 667/761/743 688/763/745
f 671/750/732 668/752/734 633/765/747
f 633/765/747 668/752/734 669/775/757
f 633/765/747 669/775/757 688/763/745
f 686/758/740 595/757/739 666/759/741
f 147/776/758 146/777/759 788/778/760
f 788/778/760 146/777/759 692/779/761
f 788/778/760 692/779/761 693/780/762
f 694/781/763 791/782/764 693/780/762
f 693/780/762 791/782/764 790/783/765
f 693/780/762 790/783/765 788/778/760
f 788/778/760 790/783/765 749/784/766
f 788/778/760 749/784/766 750/785/767
f 791/782/764 694/781/763 786/786/768
f 786/786/768 694/781/763 695/787/769
f 786/786/768 695/787/769 787/788/770
f 787/788/770 695/787/769 797/789/771
f 787/788/770 797/789/771 793/790/772
f 793/790/772 797/789/771 696/791/773
f 793/790/772 696/791/773 700/792/774
f 700/792/774 696/791/773 699/793/775
f 699/793/775 696/791/773 698/794/776
f 698/794/776 696/791/773 697/795/777
f 695/787/769 696/791/773 797/789/771
f 793/790/772 700/792/774 796/796/778
f 796/796/778 700/792/774 701/797/779
f 796/796/778 701/797/779 795/798/780
f 795/798/780 701/797/779 702/799/781
f 795/798/780 702/799/781 794/800/782
f 794/800/782 702/799/781 703/801/783
f 794/800/782 703/801/783 704/802/784
f 705/803/785 706/804/786 704/802/784
f 704/802/784 706/804/786 707/805/787
f 704/802/784 707/805/787 794/800/782
f 794/800/782 707/805/787 739/806/788
f 794/800/782 739/806/788 798/807/789
f 798/807/789 739/806/788 740/808/790
f 798/807/789 740/808/790 741/809/791
f 707/805/787 708/810/792 739/806/788
f 739/806/788 708/810/792 738/811/793
f 738/811/793 708/810/792 737/812/794
f 737/812/794 708/810/792 736/813/795
f 736/813/795 708/810/792 735/814/796
f 735/814/796 708/810/792 734/815/797
f 734/815/797 708/810/792 733/816/798
f 733/816/798 708/810/792 709/817/799
f 733/816/798 709/817/799 765/818/800
f 765/818/800 709/817/799 710/819/801
f 765/818/800 710/819/801 764/820/802
f 764/820/802 710/819/801 763/821/803
f 763/821/803 710/819/801 762/822/804
f 762/822/804 710/819/801 761/823/805
f 761/823/805 710/819/801 760/824/806
f 760/824/806 710/819/801 711/825/807
f 760/824/806 711/825/807 812/826/808
f 812/826/808 711/825/807 712/827/809
f 812/826/808 712/827/809 713/828/810
f 713/828/810 714/829/811 812/826/808
f 812/826/808 714/829/811 715/830/812
f 812/826/808 715/830/812 716/831/813
f 812/826/808 716/831/813 813/832/814
f 813/832/814 716/831/813 717/833/815
f 813/832/814 717/833/815 814/834/816
f 814/834/816 717/833/815 718/835/817
f 814/834/816 718/835/817 756/836/818
f 756/836/818 718/835/817 815/837/819
f 756/836/818 815/837/819 785/838/820
f 785/838/820 815/837/819 784/839/821
f 784/839/821 815/837/819 783/840/822
f 783/840/822 815/837/819 816/841/823
f 783/840/822 816/841/823 782/842/824
f 782/842/824 816/841/823 781/843/825
f 781/843/825 816/841/823 817/844/826
f 781/843/825 817/844/826 724/845/827
f 724/845/827 817/844/826 723/846/828
f 723/846/828 817/844/826 816/841/823
f 723/846/828 816/841/823 722/847/829
f 722/847/829 816/841/823 815/837/819
f 722/847/829 815/837/819 721/848/830
f 721/848/830 815/837/819 720/849/831
f 720/849/831 815/837/819 719/850/832
f 719/850/832 815/837/819 718/835/817
f 781/843/825 724/845/827 819/851/833
f 819/851/833 724/845/827 725/852/834
f 819/851/833 725/852/834 818/853/835
f 818/853/835 725/852/834 726/854/836
f 818/853/835 726/854/836 149/855/837
f 149/855/837 148/856/838 818/853/835
f 818/853/835 148/856/838 820/857/839
f 818/853/835 820/857/839 774/858/840
f 774/858/840 820/857/839 773/859/841
f 773/859/841 820/857/839 772/860/842
f 772/860/842 820/857/839 771/861/843
f 771/861/843 820/857/839 789/862/844
f 771/861/843 789/862/844 728/863/845
f 728/863/845 789/862/844 821/864/846
f 728/863/845 821/864/846 788/778/760
f 788/778/760 821/864/846 147/776/758
f 820/857/839 148/856/838 789/862/844
f 789/862/844 148/856/838 147/776/758
f 789/862/844 147/776/758 821/864/846
f 755/865/847 727/866/848 788/778/760
f 788/778/760 727/866/848 728/863/845
f 771/861/843 728/863/845 831/867/849
f 831/867/849 728/863/845 729/868/850
f 831/867/849 729/868/850 805/869/851
f 805/869/851 729/868/850 806/870/852
f 805/869/851 806/870/852 770/871/853
f 770/871/853 806/870/852 807/872/854
f 770/871/853 807/872/854 804/873/855
f 804/873/855 807/872/854 808/874/856
f 804/873/855 808/874/856 803/875/857
f 803/875/857 808/874/856 809/876/858
f 803/875/857 809/876/858 802/877/859
f 802/877/859 809/876/858 810/878/860
f 802/877/859 810/878/860 801/879/861
f 801/879/861 810/878/860 766/880/862
f 801/879/861 766/880/862 828/881/863
f 828/881/863 766/880/862 767/882/864
f 828/881/863 767/882/864 829/883/865
f 829/883/865 767/882/864 768/884/866
f 829/883/865 768/884/866 769/885/867
f 806/870/852 729/868/850 825/886/868
f 825/886/868 729/868/850 730/887/869
f 825/886/868 730/887/869 824/888/870
f 824/888/870 730/887/869 731/889/871
f 824/888/870 731/889/871 823/890/872
f 823/890/872 731/889/871 822/891/873
f 823/890/872 822/891/873 809/876/858
f 809/876/858 822/891/873 810/878/860
f 822/891/873 731/889/871 826/892/874
f 826/892/874 731/889/871 732/893/875
f 826/892/874 732/893/875 811/894/876
f 811/894/876 732/893/875 766/880/862
f 811/894/876 766/880/862 810/878/860
f 766/880/862 732/893/875 827/895/877
f 827/895/877 732/893/875 733/816/798
f 827/895/877 733/816/798 799/896/878
f 799/896/878 733/816/798 765/818/800
f 799/896/878 765/818/800 800/897/879
f 800/897/879 765/818/800 766/880/862
f 800/897/879 766/880/862 799/896/878
f 799/896/878 766/880/862 827/895/877
f 742/898/880 796/796/778 741/809/791
f 741/809/791 796/796/778 795/798/780
f 741/809/791 795/798/780 794/800/782
f 796/796/778 742/898/880 793/790/772
f 793/790/772 742/898/880 743/899/881
f 793/790/772 743/899/881 792/900/882
f 792/900/882 743/899/881 744/901/883
f 792/900/882 744/901/883 745/902/884
f 746/903/885 787/788/770 745/902/884
f 745/902/884 787/788/770 793/790/772
f 745/902/884 793/790/772 792/900/882
f 746/903/885 747/904/886 787/788/770
f 787/788/770 747/904/886 786/786/768
f 786/786/768 747/904/886 790/783/765
f 790/783/765 747/904/886 748/905/887
f 790/783/765 748/905/887 749/784/766
f 750/785/767 751/906/888 788/778/760
f 788/778/760 751/906/888 752/907/889
f 788/778/760 752/907/889 753/908/890
f 753/908/890 754/909/891 788/778/760
f 788/778/760 754/909/891 755/865/847
f 756/836/818 757/910/892 814/834/816
f 814/834/816 757/910/892 813/832/814
f 813/832/814 757/910/892 812/826/808
f 812/826/808 757/910/892 758/911/893
f 812/826/808 758/911/893 759/912/894
f 759/912/894 760/824/806 812/826/808
f 770/871/853 804/873/855 769/885/867
f 769/885/867 804/873/855 830/913/895
f 769/885/867 830/913/895 803/875/857
f 803/875/857 830/913/895 804/873/855
f 770/871/853 771/861/843 805/869/851
f 805/869/851 771/861/843 831/867/849
f 774/858/840 775/914/896 818/853/835
f 818/853/835 775/914/896 776/915/897
f 818/853/835 776/915/897 777/916/898
f 777/916/898 778/917/899 818/853/835
f 818/853/835 778/917/899 779/918/900
f 818/853/835 779/918/900 819/851/833
f 819/851/833 779/918/900 780/919/901
f 819/851/833 780/919/901 781/843/825
f 791/782/764 786/786/768 790/783/765
f 798/807/789 741/809/791 794/800/782
f 769/885/867 803/875/857 802/877/859
f 828/881/863 829/883/865 801/879/861
f 801/879/861 829/883/865 802/877/859
f 829/883/865 769/885/867 802/877/859
f 806/870/852 825/886/868 807/872/854
f 807/872/854 825/886/868 824/888/870
f 807/872/854 824/888/870 808/874/856
f 808/874/856 824/888/870 823/890/872
f 808/874/856 823/890/872 809/876/858
f 811/894/876 810/878/860 822/891/873
f 811/894/876 822/891/873 826/892/874
f 833/920/902 1374/921/903 832/922/904
f 832/922/904 1374/921/903 1385/923/905
f 832/922/904 1385/923/905 1130/924/906
f 1130/924/906 1385/923/905 1129/925/907
f 1129/925/907 1385/923/905 1128/926/908
f 1128/926/908 1385/923/905 1127/927/909
f 1127/927/909 1385/923/905 1386/928/910
f 1127/927/909 1386/928/910 1126/929/911
f 1126/929/911 1386/928/910 1388/930/912
f 1126/929/911 1388/930/912 1387/931/913
f 1387/931/913 1388/930/912 1389/932/914
f 1387/931/913 1389/932/914 1125/933/915
f 1125/933/915 1389/932/914 1124/934/916
f 1124/934/916 1389/932/914 1390/935/917
f 1124/934/916 1390/935/917 1123/936/918
f 1123/936/918 1390/935/917 1122/937/919
f 1122/937/919 1390/935/917 1121/938/920
f 1121/938/920 1390/935/917 1120/939/921
f 1120/939/921 1390/935/917 1137/940/922
f 1120/939/921 1137/940/922 1119/941/923
f 1119/941/923 1137/940/922 1138/942/924
f 1119/941/923 1138/942/924 1505/943/925
f 1505/943/925 1138/942/924 1139/944/926
f 1505/943/925 1139/944/926 1398/945/927
f 1398/945/927 1139/944/926 1140/946/928
f 1398/945/927 1140/946/928 1141/947/929
f 1374/921/903 833/920/902 1391/948/930
f 1391/948/930 833/920/902 834/949/931
f 1391/948/930 834/949/931 835/950/932
f 1391/948/930 835/950/932 1148/951/933
f 1148/951/933 835/950/932 836/952/934
f 1148/951/933 836/952/934 1397/953/935
f 1397/953/935 836/952/934 1147/954/936
f 1397/953/935 1147/954/936 1148/951/933
f 836/952/934 837/955/937 1147/954/936
f 1147/954/936 837/955/937 1396/956/938
f 1147/954/936 1396/956/938 1146/957/939
f 1146/957/939 1396/956/938 1395/958/940
f 1146/957/939 1395/958/940 1145/959/941
f 1145/959/941 1395/958/940 838/960/942
f 1145/959/941 838/960/942 1394/961/943
f 1394/961/943 838/960/942 839/962/944
f 1394/961/943 839/962/944 1393/963/945
f 1393/963/945 839/962/944 1143/964/946
f 1393/963/945 1143/964/946 1144/965/947
f 1396/956/938 837/955/937 1395/958/940
f 1395/958/940 837/955/937 838/960/942
f 839/962/944 840/966/948 1143/964/946
f 1143/964/946 840/966/948 1142/967/949
f 1142/967/949 840/966/948 841/968/950
f 1142/967/949 841/968/950 842/969/951
f 842/969/951 843/970/952 1142/967/949
f 1142/967/949 843/970/952 1141/947/929
f 1141/947/929 843/970/952 844/971/953
f 1141/947/929 844/971/953 845/972/954
f 846/973/955 1117/974/956 845/972/954
f 845/972/954 1117/974/956 1398/945/927
f 845/972/954 1398/945/927 1141/947/929
f 846/973/955 847/975/957 1117/974/956
f 1117/974/956 847/975/957 1116/976/958
f 1116/976/958 847/975/957 848/977/959
f 1116/976/958 848/977/959 1115/978/960
f 1115/978/960 848/977/959 849/979/961
f 1115/978/960 849/979/961 1114/980/962
f 1114/980/962 849/979/961 850/981/963
f 1114/980/962 850/981/963 1113/982/964
f 1113/982/964 850/981/963 1112/983/965
f 1112/983/965 850/981/963 851/984/966
f 1112/983/965 851/984/966 852/985/967
f 1112/983/965 852/985/967 1111/986/968
f 1111/986/968 852/985/967 853/987/969
f 1111/986/968 853/987/969 1110/988/970
f 1110/988/970 853/987/969 854/989/971
f 1110/988/970 854/989/971 1109/990/972
f 1109/990/972 854/989/971 855/991/973
f 1109/990/972 855/991/973 1371/992/974
f 1371/992/974 855/991/973 1203/993/975
f 1371/992/974 1203/993/975 1204/994/976
f 855/991/973 856/995/977 1203/993/975
f 1203/993/975 856/995/977 857/996/978
f 1203/993/975 857/996/978 1226/997/979
f 1226/997/979 857/996/978 858/998/980
f 1226/997/979 858/998/980 859/999/981
f 1226/997/979 859/999/981 1190/1000/982
f 1190/1000/982 859/999/981 860/1001/983
f 1190/1000/982 860/1001/983 861/1002/984
f 1190/1000/982 861/1002/984 1189/1003/985
f 1189/1003/985 861/1002/984 862/1004/986
f 1189/1003/985 862/1004/986 863/1005/987
f 864/1006/988 1077/1007/989 863/1005/987
f 863/1005/987 1077/1007/989 1408/1008/990
f 863/1005/987 1408/1008/990 1189/1003/985
f 1189/1003/985 1408/1008/990 1188/1009/991
f 1188/1009/991 1408/1008/990 1407/1010/992
f 1188/1009/991 1407/1010/992 1187/1011/993
f 1187/1011/993 1407/1010/992 1078/1012/994
f 1187/1011/993 1078/1012/994 1494/1013/995
f 1494/1013/995 1078/1012/994 1079/1014/996
f 1494/1013/995 1079/1014/996 1080/1015/997
f 864/1006/988 865/1016/998 1077/1007/989
f 1077/1007/989 865/1016/998 1076/1017/999
f 1076/1017/999 865/1016/998 866/1018/1000
f 1076/1017/999 866/1018/1000 1075/1019/1001
f 1075/1019/1001 866/1018/1000 867/1020/1002
f 1075/1019/1001 867/1020/1002 1074/1021/1003
f 1074/1021/1003 867/1020/1002 868/1022/1004
f 1074/1021/1003 868/1022/1004 1073/1023/1005
f 1073/1023/1005 868/1022/1004 869/1024/1006
f 1073/1023/1005 869/1024/1006 1072/1025/1007
f 1072/1025/1007 869/1024/1006 870/1026/1008
f 1072/1025/1007 870/1026/1008 1071/1027/1009
f 1071/1027/1009 870/1026/1008 871/1028/1010
f 1071/1027/1009 871/1028/1010 1070/1029/1011
f 1070/1029/1011 871/1028/1010 872/1030/1012
f 1070/1029/1011 872/1030/1012 1069/1031/1013
f 1069/1031/1013 872/1030/1012 873/1032/1014
f 1069/1031/1013 873/1032/1014 1410/1033/1015
f 1410/1033/1015 873/1032/1014 1252/1034/1016
f 1410/1033/1015 1252/1034/1016 1253/1035/1017
f 1252/1034/1016 873/1032/1014 1251/1036/1018
f 1251/1036/1018 873/1032/1014 874/1037/1019
f 1251/1036/1018 874/1037/1019 875/1038/1020
f 1251/1036/1018 875/1038/1020 1274/1039/1021
f 1274/1039/1021 875/1038/1020 876/1040/1022
f 1274/1039/1021 876/1040/1022 877/1041/1023
f 878/1042/1024 1238/1043/1025 877/1041/1023
f 877/1041/1023 1238/1043/1025 1411/1044/1026
f 877/1041/1023 1411/1044/1026 1274/1039/1021
f 1274/1039/1021 1411/1044/1026 1273/1045/1027
f 1273/1045/1027 1411/1044/1026 1412/1046/1028
f 1273/1045/1027 1412/1046/1028 1272/1047/1029
f 1272/1047/1029 1412/1046/1028 1413/1048/1030
f 1272/1047/1029 1413/1048/1030 1271/1049/1031
f 1271/1049/1031 1413/1048/1030 1241/1050/1032
f 1271/1049/1031 1241/1050/1032 1414/1051/1033
f 1414/1051/1033 1241/1050/1032 1510/1052/1034
f 1414/1051/1033 1510/1052/1034 1415/1053/1035
f 1415/1053/1035 1510/1052/1034 1511/1054/1036
f 1415/1053/1035 1511/1054/1036 1243/1055/1037
f 1243/1055/1037 1511/1054/1036 1242/1056/1038
f 1242/1056/1038 1511/1054/1036 1510/1052/1034
f 1242/1056/1038 1510/1052/1034 1241/1050/1032
f 878/1042/1024 879/1057/1039 1238/1043/1025
f 1238/1043/1025 879/1057/1039 1237/1058/1040
f 1237/1058/1040 879/1057/1039 880/1059/1041
f 1237/1058/1040 880/1059/1041 881/1060/1042
f 882/1061/1043 1037/1062/1044 881/1060/1042
f 881/1060/1042 1037/1062/1044 1380/1063/1045
f 881/1060/1042 1380/1063/1045 1237/1058/1040
f 1237/1058/1040 1380/1063/1045 1236/1064/1046
f 1236/1064/1046 1380/1063/1045 1235/1065/1047
f 1235/1065/1047 1380/1063/1045 1038/1066/1048
f 1235/1065/1047 1038/1066/1048 1482/1067/1049
f 1482/1067/1049 1038/1066/1048 1039/1068/1050
f 1482/1067/1049 1039/1068/1050 1040/1069/1051
f 1037/1062/1044 882/1061/1043 1036/1070/1052
f 1036/1070/1052 882/1061/1043 883/1071/1053
f 1036/1070/1052 883/1071/1053 1035/1072/1054
f 1035/1072/1054 883/1071/1053 884/1073/1055
f 1035/1072/1054 884/1073/1055 1034/1074/1056
f 1034/1074/1056 884/1073/1055 885/1075/1057
f 1034/1074/1056 885/1075/1057 1033/1076/1058
f 1033/1076/1058 885/1075/1057 886/1077/1059
f 1033/1076/1058 886/1077/1059 887/1078/1060
f 1033/1076/1058 887/1078/1060 1032/1079/1061
f 1032/1079/1061 887/1078/1060 888/1080/1062
f 1032/1079/1061 888/1080/1062 1031/1081/1063
f 1031/1081/1063 888/1080/1062 1030/1082/1064
f 1030/1082/1064 888/1080/1062 889/1083/1065
f 1030/1082/1064 889/1083/1065 1029/1084/1066
f 1029/1084/1066 889/1083/1065 890/1085/1067
f 1029/1084/1066 890/1085/1067 891/1086/1068
f 892/1087/1069 1299/1088/1070 891/1086/1068
f 891/1086/1068 1299/1088/1070 1300/1089/1071
f 891/1086/1068 1300/1089/1071 1418/1090/1072
f 1418/1090/1072 1300/1089/1071 1301/1091/1073
f 1418/1090/1072 1301/1091/1073 1417/1092/1074
f 1417/1092/1074 1301/1091/1073 1302/1093/1075
f 1417/1092/1074 1302/1093/1075 1477/1094/1076
f 1477/1094/1076 1302/1093/1075 1026/1095/1077
f 1477/1094/1076 1026/1095/1077 1027/1096/1078
f 892/1087/1069 893/1097/1079 1299/1088/1070
f 1299/1088/1070 893/1097/1079 1322/1098/1080
f 1322/1098/1080 893/1097/1079 894/1099/1081
f 1322/1098/1080 894/1099/1081 895/1100/1082
f 1322/1098/1080 895/1100/1082 1286/1101/1083
f 1286/1101/1083 895/1100/1082 896/1102/1084
f 1286/1101/1083 896/1102/1084 897/1103/1085
f 1286/1101/1083 897/1103/1085 1285/1104/1086
f 1285/1104/1086 897/1103/1085 898/1105/1087
f 1285/1104/1086 898/1105/1087 899/1106/1088
f 900/1107/1089 997/1108/1090 899/1106/1088
f 899/1106/1088 997/1108/1090 1425/1109/1091
f 899/1106/1088 1425/1109/1091 1285/1104/1086
f 1285/1104/1086 1425/1109/1091 1284/1110/1092
f 1284/1110/1092 1425/1109/1091 1283/1111/1093
f 1283/1111/1093 1425/1109/1091 1424/1112/1094
f 1283/1111/1093 1424/1112/1094 998/1113/1095
f 998/1113/1095 1424/1112/1094 997/1108/1090
f 997/1108/1090 1424/1112/1094 1425/1109/1091
f 997/1108/1090 900/1107/1089 996/1114/1096
f 996/1114/1096 900/1107/1089 901/1115/1097
f 996/1114/1096 901/1115/1097 995/1116/1098
f 995/1116/1098 901/1115/1097 902/1117/1099
f 995/1116/1098 902/1117/1099 994/1118/1100
f 994/1118/1100 902/1117/1099 903/1119/1101
f 994/1118/1100 903/1119/1101 993/1120/1102
f 993/1120/1102 903/1119/1101 904/1121/1103
f 993/1120/1102 904/1121/1103 992/1122/1104
f 992/1122/1104 904/1121/1103 905/1123/1105
f 992/1122/1104 905/1123/1105 991/1124/1106
f 991/1124/1106 905/1123/1105 906/1125/1107
f 991/1124/1106 906/1125/1107 990/1126/1108
f 990/1126/1108 906/1125/1107 907/1127/1109
f 990/1126/1108 907/1127/1109 989/1128/1110
f 989/1128/1110 907/1127/1109 908/1129/1111
f 989/1128/1110 908/1129/1111 909/1130/1112
f 910/1131/1113 1347/1132/1114 909/1130/1112
f 909/1130/1112 1347/1132/1114 1372/1133/1115
f 909/1130/1112 1372/1133/1115 989/1128/1110
f 989/1128/1110 1372/1133/1115 988/1134/1116
f 988/1134/1116 1372/1133/1115 1461/1135/1117
f 988/1134/1116 1461/1135/1117 987/1136/1118
f 987/1136/1118 1461/1135/1117 986/1137/1119
f 986/1137/1119 1461/1135/1117 1427/1138/1120
f 986/1137/1119 1427/1138/1120 985/1139/1121
f 985/1139/1121 1427/1138/1120 984/1140/1122
f 984/1140/1122 1427/1138/1120 982/1141/1123
f 984/1140/1122 982/1141/1123 983/1142/1124
f 910/1131/1113 911/1143/1125 1347/1132/1114
f 1347/1132/1114 911/1143/1125 1370/1144/1126
f 1370/1144/1126 911/1143/1125 912/1145/1127
f 1370/1144/1126 912/1145/1127 913/1146/1128
f 1370/1144/1126 913/1146/1128 1334/1147/1129
f 1334/1147/1129 913/1146/1128 914/1148/1130
f 1334/1147/1129 914/1148/1130 915/1149/1131
f 1334/1147/1129 915/1149/1131 1333/1150/1132
f 1333/1150/1132 915/1149/1131 916/1151/1133
f 1333/1150/1132 916/1151/1133 917/1152/1134
f 918/1153/1135 957/1154/1136 917/1152/1134
f 917/1152/1134 957/1154/1136 1438/1155/1137
f 917/1152/1134 1438/1155/1137 1333/1150/1132
f 1333/1150/1132 1438/1155/1137 1332/1156/1138
f 1332/1156/1138 1438/1155/1137 1331/1157/1139
f 1331/1157/1139 1438/1155/1137 1450/1158/1140
f 1331/1157/1139 1450/1158/1140 1330/1159/1141
f 1330/1159/1141 1450/1158/1140 959/1160/1142
f 1330/1159/1141 959/1160/1142 1329/1161/1143
f 1329/1161/1143 959/1160/1142 960/1162/1144
f 1329/1161/1143 960/1162/1144 1452/1163/1145
f 1452/1163/1145 960/1162/1144 961/1164/1146
f 1452/1163/1145 961/1164/1146 962/1165/1147
f 957/1154/1136 918/1153/1135 956/1166/1148
f 956/1166/1148 918/1153/1135 919/1167/1149
f 956/1166/1148 919/1167/1149 955/1168/1150
f 955/1168/1150 919/1167/1149 920/1169/1151
f 955/1168/1150 920/1169/1151 921/1170/1152
f 922/1171/1153 953/1172/1154 921/1170/1152
f 921/1170/1152 953/1172/1154 954/1173/1155
f 921/1170/1152 954/1173/1155 955/1168/1150
f 953/1172/1154 922/1171/1153 952/1174/1156
f 952/1174/1156 922/1171/1153 923/1175/1157
f 952/1174/1156 923/1175/1157 951/1176/1158
f 951/1176/1158 923/1175/1157 924/1177/1159
f 951/1176/1158 924/1177/1159 950/1178/1160
f 950/1178/1160 924/1177/1159 925/1179/1161
f 950/1178/1160 925/1179/1161 949/1180/1162
f 949/1180/1162 925/1179/1161 926/1181/1163
f 949/1180/1162 926/1181/1163 927/1182/1164
f 928/1183/1165 1156/1184/1166 927/1182/1164
f 927/1182/1164 1156/1184/1166 1157/1185/1167
f 927/1182/1164 1157/1185/1167 1447/1186/1168
f 1447/1186/1168 1157/1185/1167 1158/1187/1169
f 1447/1186/1168 1158/1187/1169 948/1188/1170
f 948/1188/1170 1158/1187/1169 1441/1189/1171
f 948/1188/1170 1441/1189/1171 1448/1190/1172
f 1448/1190/1172 1441/1189/1171 1159/1191/1173
f 1448/1190/1172 1159/1191/1173 946/1192/1174
f 946/1192/1174 1159/1191/1173 1439/1193/1175
f 946/1192/1174 1439/1193/1175 945/1194/1176
f 945/1194/1176 1439/1193/1175 942/1195/1177
f 945/1194/1176 942/1195/1177 943/1196/1178
f 928/1183/1165 929/1197/1179 1156/1184/1166
f 1156/1184/1166 929/1197/1179 1155/1198/1180
f 1155/1198/1180 929/1197/1179 930/1199/1181
f 1155/1198/1180 930/1199/1181 931/1200/1182
f 931/1200/1182 932/1201/1183 1155/1198/1180
f 1155/1198/1180 932/1201/1183 933/1202/1184
f 1155/1198/1180 933/1202/1184 1178/1203/1185
f 1178/1203/1185 933/1202/1184 840/1204/948
f 1178/1203/1185 840/1204/948 839/1205/944
f 1178/1203/1185 839/1205/944 1177/1206/1186
f 1177/1206/1186 839/1205/944 838/1207/942
f 1177/1206/1186 838/1207/942 1176/1208/1187
f 1176/1208/1187 838/1207/942 837/1209/937
f 1176/1208/1187 837/1209/937 1175/1210/1188
f 1175/1210/1188 837/1209/937 1174/1211/1189
f 1174/1211/1189 837/1209/937 836/1212/934
f 1174/1211/1189 836/1212/934 1173/1213/1190
f 1173/1213/1190 836/1212/934 835/1214/932
f 1173/1213/1190 835/1214/932 1442/1215/1191
f 1442/1215/1191 835/1214/932 834/1216/931
f 1442/1215/1191 834/1216/931 934/1217/1192
f 1442/1215/1191 934/1217/1192 1443/1218/1193
f 1443/1218/1193 934/1217/1192 935/1219/1194
f 1443/1218/1193 935/1219/1194 938/1220/1195
f 938/1220/1195 935/1219/1194 937/1221/1196
f 937/1221/1196 935/1219/1194 936/1222/1197
f 938/1220/1195 939/1223/1198 1443/1218/1193
f 1443/1218/1193 939/1223/1198 1444/1224/1199
f 1443/1218/1193 1444/1224/1199 1166/1225/1200
f 1166/1225/1200 1444/1224/1199 1165/1226/1201
f 1165/1226/1201 1444/1224/1199 940/1227/1202
f 1165/1226/1201 940/1227/1202 1445/1228/1203
f 1445/1228/1203 940/1227/1202 941/1229/1204
f 1445/1228/1203 941/1229/1204 1446/1230/1205
f 1446/1230/1205 941/1229/1204 942/1195/1177
f 1446/1230/1205 942/1195/1177 1163/1231/1206
f 1163/1231/1206 942/1195/1177 1439/1193/1175
f 1163/1231/1206 1439/1193/1175 1162/1232/1207
f 1162/1232/1207 1439/1193/1175 1161/1233/1208
f 1161/1233/1208 1439/1193/1175 1440/1234/1209
f 1161/1233/1208 1440/1234/1209 1160/1235/1210
f 1160/1235/1210 1440/1234/1209 1439/1193/1175
f 1160/1235/1210 1439/1193/1175 1159/1191/1173
f 939/1223/1198 940/1227/1202 1444/1224/1199
f 943/1196/1178 944/1236/1211 945/1194/1176
f 946/1192/1174 947/1237/1212 1448/1190/1172
f 1448/1190/1172 947/1237/1212 948/1188/1170
f 1447/1186/1168 948/1188/1170 1373/1238/1213
f 1373/1238/1213 948/1188/1170 949/1180/1162
f 1373/1238/1213 949/1180/1162 1447/1186/1168
f 1447/1186/1168 949/1180/1162 927/1182/1164
f 1438/1155/1137 957/1154/1136 1449/1239/1214
f 1449/1239/1214 957/1154/1136 958/1240/1215
f 1449/1239/1214 958/1240/1215 1450/1158/1140
f 1450/1158/1140 958/1240/1215 959/1160/1142
f 962/1165/1147 963/1241/1216 1452/1163/1145
f 1452/1163/1145 963/1241/1216 964/1242/1217
f 1452/1163/1145 964/1242/1217 1453/1243/1218
f 1453/1243/1218 964/1242/1217 965/1244/1219
f 1453/1243/1218 965/1244/1219 1455/1245/1220
f 1455/1245/1220 965/1244/1219 966/1246/1221
f 1455/1245/1220 966/1246/1221 1454/1247/1222
f 1454/1247/1222 966/1246/1221 1451/1248/1223
f 1454/1247/1222 1451/1248/1223 1323/1249/1224
f 1323/1249/1224 1451/1248/1223 1384/1250/1225
f 1323/1249/1224 1384/1250/1225 1346/1251/1226
f 1346/1251/1226 1384/1250/1225 1345/1252/1227
f 1345/1252/1227 1384/1250/1225 1344/1253/1228
f 1344/1253/1228 1384/1250/1225 1343/1254/1229
f 1343/1254/1229 1384/1250/1225 1342/1255/1230
f 1342/1255/1230 1384/1250/1225 1341/1256/1231
f 1341/1256/1231 1384/1250/1225 972/1257/1232
f 1341/1256/1231 972/1257/1232 1519/1258/1233
f 1519/1258/1233 972/1257/1232 973/1259/1234
f 1519/1258/1233 973/1259/1234 1340/1260/1235
f 1340/1260/1235 973/1259/1234 1383/1261/1236
f 1340/1260/1235 1383/1261/1236 1364/1262/1237
f 1364/1262/1237 1383/1261/1236 1363/1263/1238
f 1363/1263/1238 1383/1261/1236 1462/1264/1239
f 1363/1263/1238 1462/1264/1239 1362/1265/1240
f 1362/1265/1240 1462/1264/1239 1361/1266/1241
f 1361/1266/1241 1462/1264/1239 1360/1267/1242
f 1360/1267/1242 1462/1264/1239 1359/1268/1243
f 1359/1268/1243 1462/1264/1239 1457/1269/1244
f 1359/1268/1243 1457/1269/1244 1358/1270/1245
f 1358/1270/1245 1457/1269/1244 1357/1271/1246
f 1357/1271/1246 1457/1269/1244 1458/1272/1247
f 1357/1271/1246 1458/1272/1247 1356/1273/1248
f 1356/1273/1248 1458/1272/1247 1459/1274/1249
f 1356/1273/1248 1459/1274/1249 1355/1275/1250
f 1355/1275/1250 1459/1274/1249 1460/1276/1251
f 1355/1275/1250 1460/1276/1251 1354/1277/1252
f 1354/1277/1252 1460/1276/1251 1427/1138/1120
f 1354/1277/1252 1427/1138/1120 1353/1278/1253
f 1353/1278/1253 1427/1138/1120 1426/1279/1254
f 1353/1278/1253 1426/1279/1254 1352/1280/1255
f 1352/1280/1255 1426/1279/1254 1351/1281/1256
f 1351/1281/1256 1426/1279/1254 1427/1138/1120
f 1351/1281/1256 1427/1138/1120 1350/1282/1257
f 1350/1282/1257 1427/1138/1120 1461/1135/1117
f 1350/1282/1257 1461/1135/1117 1428/1283/1258
f 1428/1283/1258 1461/1135/1117 1372/1133/1115
f 1428/1283/1258 1372/1133/1115 1349/1284/1259
f 1349/1284/1259 1372/1133/1115 1348/1285/1260
f 1348/1285/1260 1372/1133/1115 1347/1132/1114
f 966/1246/1221 967/1286/1261 1451/1248/1223
f 1451/1248/1223 967/1286/1261 1456/1287/1262
f 1451/1248/1223 1456/1287/1262 1384/1250/1225
f 1384/1250/1225 1456/1287/1262 971/1288/1263
f 1384/1250/1225 971/1288/1263 972/1257/1232
f 967/1286/1261 968/1289/1264 1456/1287/1262
f 1456/1287/1262 968/1289/1264 970/1290/1265
f 1456/1287/1262 970/1290/1265 971/1288/1263
f 968/1289/1264 969/1291/1266 970/1290/1265
f 973/1259/1234 974/1292/1267 1383/1261/1236
f 1383/1261/1236 974/1292/1267 1462/1264/1239
f 1462/1264/1239 974/1292/1267 1457/1269/1244
f 1457/1269/1244 974/1292/1267 975/1293/1268
f 1457/1269/1244 975/1293/1268 978/1294/1269
f 978/1294/1269 975/1293/1268 977/1295/1270
f 977/1295/1270 975/1293/1268 976/1296/1271
f 978/1294/1269 979/1297/1272 1457/1269/1244
f 1457/1269/1244 979/1297/1272 1458/1272/1247
f 979/1297/1272 980/1298/1273 1458/1272/1247
f 1458/1272/1247 980/1298/1273 1459/1274/1249
f 980/1298/1273 981/1299/1274 1459/1274/1249
f 1459/1274/1249 981/1299/1274 1460/1276/1251
f 981/1299/1274 982/1141/1123 1460/1276/1251
f 1460/1276/1251 982/1141/1123 1427/1138/1120
f 1283/1111/1093 998/1113/1095 1464/1300/1275
f 1464/1300/1275 998/1113/1095 999/1301/1276
f 1464/1300/1275 999/1301/1276 1000/1302/1277
f 1464/1300/1275 1000/1302/1277 1465/1303/1278
f 1465/1303/1278 1000/1302/1277 1001/1304/1279
f 1465/1303/1278 1001/1304/1279 1002/1305/1280
f 1002/1305/1280 1003/1306/1281 1465/1303/1278
f 1465/1303/1278 1003/1306/1281 1004/1307/1282
f 1465/1303/1278 1004/1307/1282 1466/1308/1283
f 1466/1308/1283 1004/1307/1282 1005/1309/1284
f 1466/1308/1283 1005/1309/1284 1467/1310/1285
f 1467/1310/1285 1005/1309/1284 1006/1311/1286
f 1467/1310/1285 1006/1311/1286 1276/1312/1287
f 1276/1312/1287 1006/1311/1286 1468/1313/1288
f 1276/1312/1287 1468/1313/1288 1275/1314/1289
f 1275/1314/1289 1468/1313/1288 1469/1315/1290
f 1275/1314/1289 1469/1315/1290 1463/1316/1291
f 1463/1316/1291 1469/1315/1290 1012/1317/1292
f 1463/1316/1291 1012/1317/1292 1382/1318/1293
f 1382/1318/1293 1012/1317/1292 1013/1319/1294
f 1382/1318/1293 1013/1319/1294 1316/1320/1295
f 1316/1320/1295 1013/1319/1294 1520/1321/1296
f 1316/1320/1295 1520/1321/1296 1315/1322/1297
f 1315/1322/1297 1520/1321/1296 1014/1323/1298
f 1315/1322/1297 1014/1323/1298 1381/1324/1299
f 1381/1324/1299 1014/1323/1298 1015/1325/1300
f 1381/1324/1299 1015/1325/1300 1475/1326/1301
f 1475/1326/1301 1015/1325/1300 1018/1327/1302
f 1475/1326/1301 1018/1327/1302 1019/1328/1303
f 1006/1311/1286 1007/1329/1304 1468/1313/1288
f 1468/1313/1288 1007/1329/1304 1469/1315/1290
f 1007/1329/1304 1008/1330/1305 1469/1315/1290
f 1469/1315/1290 1008/1330/1305 1010/1331/1306
f 1469/1315/1290 1010/1331/1306 1011/1332/1307
f 1008/1330/1305 1009/1333/1308 1010/1331/1306
f 1011/1332/1307 1012/1317/1292 1469/1315/1290
f 1013/1319/1294 1014/1323/1298 1520/1321/1296
f 1016/1334/1309 1017/1335/1310 1015/1325/1300
f 1015/1325/1300 1017/1335/1310 1018/1327/1302
f 1475/1326/1301 1019/1328/1303 1471/1336/1311
f 1471/1336/1311 1019/1328/1303 1020/1337/1312
f 1471/1336/1311 1020/1337/1312 1308/1338/1313
f 1308/1338/1313 1020/1337/1312 1474/1339/1314
f 1308/1338/1313 1474/1339/1314 1307/1340/1315
f 1307/1340/1315 1474/1339/1314 1473/1341/1316
f 1307/1340/1315 1473/1341/1316 1306/1342/1317
f 1306/1342/1317 1473/1341/1316 1305/1343/1318
f 1305/1343/1318 1473/1341/1316 1476/1344/1319
f 1305/1343/1318 1476/1344/1319 1304/1345/1320
f 1304/1345/1320 1476/1344/1319 1303/1346/1321
f 1303/1346/1321 1476/1344/1319 1026/1095/1077
f 1303/1346/1321 1026/1095/1077 1302/1093/1075
f 1020/1337/1312 1021/1347/1322 1474/1339/1314
f 1474/1339/1314 1021/1347/1322 1473/1341/1316
f 1021/1347/1322 1022/1348/1323 1473/1341/1316
f 1473/1341/1316 1022/1348/1323 1472/1349/1324
f 1473/1341/1316 1472/1349/1324 1476/1344/1319
f 1476/1344/1319 1472/1349/1324 1025/1350/1325
f 1476/1344/1319 1025/1350/1325 1026/1095/1077
f 1022/1348/1323 1023/1351/1326 1472/1349/1324
f 1472/1349/1324 1023/1351/1326 1024/1352/1327
f 1472/1349/1324 1024/1352/1327 1025/1350/1325
f 1027/1096/1078 1028/1353/1328 1477/1094/1076
f 1477/1094/1076 1028/1353/1328 1417/1092/1074
f 1417/1092/1074 1028/1353/1328 1418/1090/1072
f 1418/1090/1072 1028/1353/1328 1029/1084/1066
f 1418/1090/1072 1029/1084/1066 891/1086/1068
f 1037/1062/1044 1038/1066/1048 1380/1063/1045
f 1041/1354/1329 1517/1355/1330 1040/1069/1051
f 1040/1069/1051 1517/1355/1330 1234/1356/1331
f 1040/1069/1051 1234/1356/1331 1482/1067/1049
f 1482/1067/1049 1234/1356/1331 1235/1065/1047
f 1041/1354/1329 1042/1357/1332 1517/1355/1330
f 1517/1355/1330 1042/1357/1332 1043/1358/1333
f 1517/1355/1330 1043/1358/1333 1044/1359/1334
f 1045/1360/1335 1478/1361/1336 1044/1359/1334
f 1044/1359/1334 1478/1361/1336 1230/1362/1337
f 1044/1359/1334 1230/1362/1337 1517/1355/1330
f 1517/1355/1330 1230/1362/1337 1231/1363/1338
f 1517/1355/1330 1231/1363/1338 1232/1364/1339
f 1478/1361/1336 1045/1360/1335 1479/1365/1340
f 1479/1365/1340 1045/1360/1335 1046/1366/1341
f 1479/1365/1340 1046/1366/1341 1228/1367/1342
f 1228/1367/1342 1046/1366/1341 1480/1368/1343
f 1228/1367/1342 1480/1368/1343 1227/1369/1344
f 1227/1369/1344 1480/1368/1343 1481/1370/1345
f 1227/1369/1344 1481/1370/1345 1250/1371/1346
f 1250/1371/1346 1481/1370/1345 1249/1372/1347
f 1249/1372/1347 1481/1370/1345 1248/1373/1348
f 1248/1373/1348 1481/1370/1345 1379/1374/1349
f 1248/1373/1348 1379/1374/1349 1247/1375/1350
f 1247/1375/1350 1379/1374/1349 1246/1376/1351
f 1246/1376/1351 1379/1374/1349 1245/1377/1352
f 1245/1377/1352 1379/1374/1349 1244/1378/1353
f 1244/1378/1353 1379/1374/1349 1053/1379/1354
f 1244/1378/1353 1053/1379/1354 1518/1380/1355
f 1518/1380/1355 1053/1379/1354 1268/1381/1356
f 1518/1380/1355 1268/1381/1356 1244/1378/1353
f 1244/1378/1353 1268/1381/1356 1416/1382/1357
f 1244/1378/1353 1416/1382/1357 1512/1383/1358
f 1512/1383/1358 1416/1382/1357 1243/1055/1037
f 1512/1383/1358 1243/1055/1037 1244/1378/1353
f 1046/1366/1341 1047/1384/1359 1480/1368/1343
f 1480/1368/1343 1047/1384/1359 1481/1370/1345
f 1047/1384/1359 1048/1385/1360 1481/1370/1345
f 1481/1370/1345 1048/1385/1360 1050/1386/1361
f 1481/1370/1345 1050/1386/1361 1051/1387/1362
f 1048/1385/1360 1049/1388/1363 1050/1386/1361
f 1051/1387/1362 1052/1389/1364 1481/1370/1345
f 1481/1370/1345 1052/1389/1364 1379/1374/1349
f 1052/1389/1364 1053/1379/1354 1379/1374/1349
f 1268/1381/1356 1053/1379/1354 1485/1390/1365
f 1485/1390/1365 1053/1379/1354 1054/1391/1366
f 1485/1390/1365 1054/1391/1366 1483/1392/1367
f 1483/1392/1367 1054/1391/1366 1055/1393/1368
f 1483/1392/1367 1055/1393/1368 1489/1394/1369
f 1489/1394/1369 1055/1393/1368 1056/1395/1370
f 1489/1394/1369 1056/1395/1370 1057/1396/1371
f 1057/1396/1371 1058/1397/1372 1489/1394/1369
f 1489/1394/1369 1058/1397/1372 1059/1398/1373
f 1489/1394/1369 1059/1398/1373 1483/1392/1367
f 1483/1392/1367 1059/1398/1373 1491/1399/1374
f 1483/1392/1367 1491/1399/1374 1484/1400/1375
f 1484/1400/1375 1491/1399/1374 1060/1401/1376
f 1484/1400/1375 1060/1401/1376 1260/1402/1377
f 1260/1402/1377 1060/1401/1376 1486/1403/1378
f 1260/1402/1377 1486/1403/1378 1259/1404/1379
f 1259/1404/1379 1486/1403/1378 1258/1405/1380
f 1258/1405/1380 1486/1403/1378 1487/1406/1381
f 1258/1405/1380 1487/1406/1381 1257/1407/1382
f 1257/1407/1382 1487/1406/1381 1490/1408/1383
f 1257/1407/1382 1490/1408/1383 1256/1409/1384
f 1256/1409/1384 1490/1408/1383 1255/1410/1385
f 1255/1410/1385 1490/1408/1383 1066/1411/1386
f 1255/1410/1385 1066/1411/1386 1254/1412/1387
f 1254/1412/1387 1066/1411/1386 1492/1413/1388
f 1254/1412/1387 1492/1413/1388 1409/1414/1389
f 1409/1414/1389 1492/1413/1388 1068/1415/1390
f 1409/1414/1389 1068/1415/1390 1410/1033/1015
f 1410/1033/1015 1068/1415/1390 1069/1031/1013
f 1059/1398/1373 1060/1401/1376 1491/1399/1374
f 1486/1403/1378 1060/1401/1376 1488/1416/1391
f 1488/1416/1391 1060/1401/1376 1061/1417/1392
f 1488/1416/1391 1061/1417/1392 1487/1406/1381
f 1487/1406/1381 1061/1417/1392 1062/1418/1393
f 1487/1406/1381 1062/1418/1393 1378/1419/1394
f 1378/1419/1394 1062/1418/1393 1063/1420/1395
f 1378/1419/1394 1063/1420/1395 1064/1421/1396
f 1064/1421/1396 1065/1422/1397 1378/1419/1394
f 1378/1419/1394 1065/1422/1397 1490/1408/1383
f 1378/1419/1394 1490/1408/1383 1487/1406/1381
f 1065/1422/1397 1066/1411/1386 1490/1408/1383
f 1066/1411/1386 1067/1423/1398 1492/1413/1388
f 1492/1413/1388 1067/1423/1398 1068/1415/1390
f 1408/1008/990 1077/1007/989 1407/1010/992
f 1407/1010/992 1077/1007/989 1078/1012/994
f 1494/1013/995 1080/1015/997 1495/1424/1399
f 1495/1424/1399 1080/1015/997 1081/1425/1400
f 1495/1424/1399 1081/1425/1400 1082/1426/1401
f 1082/1426/1401 1083/1427/1402 1495/1424/1399
f 1495/1424/1399 1083/1427/1402 1084/1428/1403
f 1495/1424/1399 1084/1428/1403 1496/1429/1404
f 1496/1429/1404 1084/1428/1403 1085/1430/1405
f 1496/1429/1404 1085/1430/1405 1497/1431/1406
f 1497/1431/1406 1085/1430/1405 1086/1432/1407
f 1497/1431/1406 1086/1432/1407 1498/1433/1408
f 1498/1433/1408 1086/1432/1407 1087/1434/1409
f 1498/1433/1408 1087/1434/1409 1499/1435/1410
f 1499/1435/1410 1087/1434/1409 1088/1436/1411
f 1499/1435/1410 1088/1436/1411 1090/1437/1412
f 1090/1437/1412 1088/1436/1411 1089/1438/1413
f 1090/1437/1412 1091/1439/1414 1499/1435/1410
f 1499/1435/1410 1091/1439/1414 1092/1440/1415
f 1499/1435/1410 1092/1440/1415 1493/1441/1416
f 1493/1441/1416 1092/1440/1415 1377/1442/1417
f 1493/1441/1416 1377/1442/1417 1197/1443/1418
f 1197/1443/1418 1377/1442/1417 1196/1444/1419
f 1196/1444/1419 1377/1442/1417 1220/1445/1420
f 1196/1444/1419 1220/1445/1420 1406/1446/1421
f 1406/1446/1421 1220/1445/1420 1221/1447/1422
f 1406/1446/1421 1221/1447/1422 1195/1448/1423
f 1195/1448/1423 1221/1447/1422 1405/1449/1424
f 1195/1448/1423 1405/1449/1424 1506/1450/1425
f 1506/1450/1425 1405/1449/1424 1404/1451/1426
f 1506/1450/1425 1404/1451/1426 1194/1452/1427
f 1194/1452/1427 1404/1451/1426 1193/1453/1428
f 1193/1453/1428 1404/1451/1426 1223/1454/1429
f 1193/1453/1428 1223/1454/1429 1403/1455/1430
f 1403/1455/1430 1223/1454/1429 1224/1456/1431
f 1403/1455/1430 1224/1456/1431 1402/1457/1432
f 1402/1457/1432 1224/1456/1431 1191/1458/1433
f 1402/1457/1432 1191/1458/1433 1192/1459/1434
f 1092/1440/1415 1093/1460/1435 1377/1442/1417
f 1377/1442/1417 1093/1460/1435 1220/1445/1420
f 1220/1445/1420 1093/1460/1435 1507/1461/1436
f 1507/1461/1436 1093/1460/1435 1094/1462/1437
f 1507/1461/1436 1094/1462/1437 1376/1463/1438
f 1376/1463/1438 1094/1462/1437 1375/1464/1439
f 1376/1463/1438 1375/1464/1439 1215/1465/1440
f 1215/1465/1440 1375/1464/1439 1214/1466/1441
f 1214/1466/1441 1375/1464/1439 1213/1467/1442
f 1213/1467/1442 1375/1464/1439 1500/1468/1443
f 1213/1467/1442 1500/1468/1443 1212/1469/1444
f 1212/1469/1444 1500/1468/1443 1501/1470/1445
f 1212/1469/1444 1501/1470/1445 1211/1471/1446
f 1211/1471/1446 1501/1470/1445 1502/1472/1447
f 1211/1471/1446 1502/1472/1447 1210/1473/1448
f 1210/1473/1448 1502/1472/1447 1400/1474/1449
f 1210/1473/1448 1400/1474/1449 1209/1475/1450
f 1209/1475/1450 1400/1474/1449 1399/1476/1451
f 1209/1475/1450 1399/1476/1451 1208/1477/1452
f 1208/1477/1452 1399/1476/1451 1207/1478/1453
f 1207/1478/1453 1399/1476/1451 1400/1474/1449
f 1207/1478/1453 1400/1474/1449 1206/1479/1454
f 1206/1479/1454 1400/1474/1449 1503/1480/1455
f 1206/1479/1454 1503/1480/1455 1401/1481/1456
f 1401/1481/1456 1503/1480/1455 1371/992/974
f 1401/1481/1456 1371/992/974 1205/1482/1457
f 1205/1482/1457 1371/992/974 1204/994/976
f 1094/1462/1437 1095/1483/1458 1375/1464/1439
f 1375/1464/1439 1095/1483/1458 1098/1484/1459
f 1375/1464/1439 1098/1484/1459 1099/1485/1460
f 1096/1486/1461 1097/1487/1462 1095/1483/1458
f 1095/1483/1458 1097/1487/1462 1098/1484/1459
f 1375/1464/1439 1099/1485/1460 1500/1468/1443
f 1500/1468/1443 1099/1485/1460 1100/1488/1463
f 1500/1468/1443 1100/1488/1463 1501/1470/1445
f 1501/1470/1445 1100/1488/1463 1101/1489/1464
f 1501/1470/1445 1101/1489/1464 1502/1472/1447
f 1502/1472/1447 1101/1489/1464 1102/1490/1465
f 1502/1472/1447 1102/1490/1465 1400/1474/1449
f 1400/1474/1449 1102/1490/1465 1104/1491/1466
f 1400/1474/1449 1104/1491/1466 1105/1492/1467
f 1102/1490/1465 1103/1493/1468 1104/1491/1466
f 1105/1492/1467 1106/1494/1469 1400/1474/1449
f 1400/1474/1449 1106/1494/1469 1503/1480/1455
f 1106/1494/1469 1107/1495/1470 1503/1480/1455
f 1503/1480/1455 1107/1495/1470 1108/1496/1471
f 1503/1480/1455 1108/1496/1471 1371/992/974
f 1371/992/974 1108/1496/1471 1109/990/972
f 1398/945/927 1117/974/956 1504/1497/1472
f 1504/1497/1472 1117/974/956 1118/1498/1473
f 1504/1497/1472 1118/1498/1473 1505/943/925
f 1505/943/925 1118/1498/1473 1119/941/923
f 1125/933/915 1126/929/911 1387/931/913
f 1132/1499/1474 1392/1500/1475 1131/1501/1476
f 1131/1501/1476 1392/1500/1475 1385/923/905
f 1131/1501/1476 1385/923/905 1374/921/903
f 1133/1502/1477 1388/930/912 1132/1499/1474
f 1132/1499/1474 1388/930/912 1386/928/910
f 1132/1499/1474 1386/928/910 1392/1500/1475
f 1392/1500/1475 1386/928/910 1385/923/905
f 1133/1502/1477 1134/1503/1478 1388/930/912
f 1388/930/912 1134/1503/1478 1389/932/914
f 1134/1503/1478 1135/1504/1479 1389/932/914
f 1389/932/914 1135/1504/1479 1390/935/917
f 1135/1504/1479 1136/1505/1480 1390/935/917
f 1390/935/917 1136/1505/1480 1137/940/922
f 1393/963/945 1144/965/947 1394/961/943
f 1394/961/943 1144/965/947 1145/959/941
f 1148/951/933 1149/1506/1481 1391/948/930
f 1391/948/930 1149/1506/1481 1150/1507/1482
f 1391/948/930 1150/1507/1482 1151/1508/1483
f 1391/948/930 1151/1508/1483 1374/921/903
f 1374/921/903 1151/1508/1483 1152/1509/1484
f 1374/921/903 1152/1509/1484 1153/1510/1485
f 1153/1510/1485 1154/1511/1486 1374/921/903
f 1374/921/903 1154/1511/1486 1131/1501/1476
f 1158/1187/1169 1159/1191/1173 1441/1189/1171
f 1163/1231/1206 1164/1512/1487 1446/1230/1205
f 1446/1230/1205 1164/1512/1487 1445/1228/1203
f 1164/1512/1487 1165/1226/1201 1445/1228/1203
f 1166/1225/1200 1167/1513/1488 1443/1218/1193
f 1443/1218/1193 1167/1513/1488 1168/1514/1489
f 1443/1218/1193 1168/1514/1489 1169/1515/1490
f 1169/1515/1490 1170/1516/1491 1443/1218/1193
f 1443/1218/1193 1170/1516/1491 1171/1517/1492
f 1443/1218/1193 1171/1517/1492 1442/1215/1191
f 1442/1215/1191 1171/1517/1492 1172/1518/1493
f 1442/1215/1191 1172/1518/1493 1173/1213/1190
f 1180/1519/1494 1498/1433/1408 1179/1520/1495
f 1179/1520/1495 1498/1433/1408 1499/1435/1410
f 1179/1520/1495 1499/1435/1410 1202/1521/1496
f 1202/1521/1496 1499/1435/1410 1493/1441/1416
f 1202/1521/1496 1493/1441/1416 1201/1522/1497
f 1201/1522/1497 1493/1441/1416 1200/1523/1498
f 1200/1523/1498 1493/1441/1416 1199/1524/1499
f 1199/1524/1499 1493/1441/1416 1198/1525/1500
f 1198/1525/1500 1493/1441/1416 1197/1443/1418
f 1498/1433/1408 1180/1519/1494 1497/1431/1406
f 1497/1431/1406 1180/1519/1494 1181/1526/1501
f 1497/1431/1406 1181/1526/1501 1496/1429/1404
f 1496/1429/1404 1181/1526/1501 1182/1527/1502
f 1496/1429/1404 1182/1527/1502 1495/1424/1399
f 1495/1424/1399 1182/1527/1502 1183/1528/1503
f 1495/1424/1399 1183/1528/1503 1184/1529/1504
f 1184/1529/1504 1185/1530/1505 1495/1424/1399
f 1495/1424/1399 1185/1530/1505 1186/1531/1506
f 1495/1424/1399 1186/1531/1506 1494/1013/995
f 1494/1013/995 1186/1531/1506 1187/1011/993
f 1226/997/979 1190/1000/982 1225/1532/1507
f 1225/1532/1507 1190/1000/982 1191/1458/1433
f 1225/1532/1507 1191/1458/1433 1224/1456/1431
f 1402/1457/1432 1192/1459/1434 1403/1455/1430
f 1403/1455/1430 1192/1459/1434 1193/1453/1428
f 1194/1452/1427 1195/1448/1423 1506/1450/1425
f 1195/1448/1423 1196/1444/1419 1406/1446/1421
f 1205/1482/1457 1206/1479/1454 1401/1481/1456
f 1215/1465/1440 1216/1533/1508 1376/1463/1438
f 1376/1463/1438 1216/1533/1508 1217/1534/1509
f 1376/1463/1438 1217/1534/1509 1218/1535/1510
f 1218/1535/1510 1219/1536/1511 1376/1463/1438
f 1376/1463/1438 1219/1536/1511 1507/1461/1436
f 1219/1536/1511 1220/1445/1420 1507/1461/1436
f 1221/1447/1422 1222/1537/1512 1405/1449/1424
f 1405/1449/1424 1222/1537/1512 1404/1451/1426
f 1222/1537/1512 1223/1454/1429 1404/1451/1426
f 1228/1367/1342 1229/1538/1513 1479/1365/1340
f 1479/1365/1340 1229/1538/1513 1478/1361/1336
f 1229/1538/1513 1230/1362/1337 1478/1361/1336
f 1232/1364/1339 1233/1539/1514 1517/1355/1330
f 1517/1355/1330 1233/1539/1514 1234/1356/1331
f 1238/1043/1025 1239/1540/1515 1411/1044/1026
f 1411/1044/1026 1239/1540/1515 1412/1046/1028
f 1412/1046/1028 1239/1540/1515 1508/1541/1516
f 1508/1541/1516 1239/1540/1515 1240/1542/1517
f 1508/1541/1516 1240/1542/1517 1509/1543/1518
f 1509/1543/1518 1240/1542/1517 1241/1050/1032
f 1509/1543/1518 1241/1050/1032 1413/1048/1030
f 1410/1033/1015 1253/1035/1017 1409/1414/1389
f 1409/1414/1389 1253/1035/1017 1254/1412/1387
f 1260/1402/1377 1261/1544/1519 1484/1400/1375
f 1484/1400/1375 1261/1544/1519 1483/1392/1367
f 1261/1544/1519 1262/1545/1520 1483/1392/1367
f 1483/1392/1367 1262/1545/1520 1263/1546/1521
f 1483/1392/1367 1263/1546/1521 1264/1547/1522
f 1264/1547/1522 1265/1548/1523 1483/1392/1367
f 1483/1392/1367 1265/1548/1523 1266/1549/1524
f 1483/1392/1367 1266/1549/1524 1267/1550/1525
f 1483/1392/1367 1267/1550/1525 1485/1390/1365
f 1485/1390/1365 1267/1550/1525 1268/1381/1356
f 1268/1381/1356 1269/1551/1526 1416/1382/1357
f 1416/1382/1357 1269/1551/1526 1415/1053/1035
f 1416/1382/1357 1415/1053/1035 1243/1055/1037
f 1269/1551/1526 1270/1552/1527 1415/1053/1035
f 1415/1053/1035 1270/1552/1527 1414/1051/1033
f 1270/1552/1527 1271/1049/1031 1414/1051/1033
f 1276/1312/1287 1277/1553/1528 1467/1310/1285
f 1467/1310/1285 1277/1553/1528 1466/1308/1283
f 1277/1553/1528 1278/1554/1529 1466/1308/1283
f 1466/1308/1283 1278/1554/1529 1465/1303/1278
f 1278/1554/1529 1279/1555/1530 1465/1303/1278
f 1465/1303/1278 1279/1555/1530 1280/1556/1531
f 1465/1303/1278 1280/1556/1531 1281/1557/1532
f 1281/1557/1532 1282/1558/1533 1465/1303/1278
f 1465/1303/1278 1282/1558/1533 1464/1300/1275
f 1282/1558/1533 1283/1111/1093 1464/1300/1275
f 1322/1098/1080 1286/1101/1083 1321/1559/1534
f 1321/1559/1534 1286/1101/1083 1287/1560/1535
f 1321/1559/1534 1287/1560/1535 1320/1561/1536
f 1320/1561/1536 1287/1560/1535 1419/1562/1537
f 1320/1561/1536 1419/1562/1537 1420/1563/1538
f 1420/1563/1538 1419/1562/1537 1288/1564/1539
f 1420/1563/1538 1288/1564/1539 1516/1565/1540
f 1516/1565/1540 1288/1564/1539 1289/1566/1541
f 1516/1565/1540 1289/1566/1541 1420/1563/1538
f 1420/1563/1538 1289/1566/1541 1319/1567/1542
f 1420/1563/1538 1319/1567/1542 1320/1561/1536
f 1287/1560/1535 1288/1564/1539 1419/1562/1537
f 1290/1568/1543 1513/1569/1544 1289/1566/1541
f 1289/1566/1541 1513/1569/1544 1421/1570/1545
f 1289/1566/1541 1421/1570/1545 1319/1567/1542
f 1319/1567/1542 1421/1570/1545 1318/1571/1546
f 1318/1571/1546 1421/1570/1545 1422/1572/1547
f 1318/1571/1546 1422/1572/1547 1317/1573/1548
f 1317/1573/1548 1422/1572/1547 1291/1574/1549
f 1317/1573/1548 1291/1574/1549 1423/1575/1550
f 1423/1575/1550 1291/1574/1549 1515/1576/1551
f 1423/1575/1550 1515/1576/1551 1292/1577/1552
f 1292/1577/1552 1515/1576/1551 1291/1574/1549
f 1513/1569/1544 1290/1568/1543 1514/1578/1553
f 1514/1578/1553 1290/1568/1543 1291/1574/1549
f 1514/1578/1553 1291/1574/1549 1422/1572/1547
f 1293/1579/1554 1382/1318/1293 1292/1577/1552
f 1292/1577/1552 1382/1318/1293 1316/1320/1295
f 1292/1577/1552 1316/1320/1295 1423/1575/1550
f 1423/1575/1550 1316/1320/1295 1317/1573/1548
f 1382/1318/1293 1293/1579/1554 1463/1316/1291
f 1463/1316/1291 1293/1579/1554 1294/1580/1555
f 1463/1316/1291 1294/1580/1555 1295/1581/1556
f 1295/1581/1556 1296/1582/1557 1463/1316/1291
f 1463/1316/1291 1296/1582/1557 1297/1583/1558
f 1463/1316/1291 1297/1583/1558 1298/1584/1559
f 1298/1584/1559 1275/1314/1289 1463/1316/1291
f 1471/1336/1311 1308/1338/1313 1470/1585/1560
f 1470/1585/1560 1308/1338/1313 1309/1586/1561
f 1470/1585/1560 1309/1586/1561 1471/1336/1311
f 1471/1336/1311 1309/1586/1561 1381/1324/1299
f 1471/1336/1311 1381/1324/1299 1475/1326/1301
f 1309/1586/1561 1310/1587/1562 1381/1324/1299
f 1381/1324/1299 1310/1587/1562 1311/1588/1563
f 1381/1324/1299 1311/1588/1563 1312/1589/1564
f 1312/1589/1564 1313/1590/1565 1381/1324/1299
f 1381/1324/1299 1313/1590/1565 1314/1591/1566
f 1381/1324/1299 1314/1591/1566 1315/1322/1297
f 1323/1249/1224 1324/1592/1567 1454/1247/1222
f 1454/1247/1222 1324/1592/1567 1455/1245/1220
f 1324/1592/1567 1325/1593/1568 1455/1245/1220
f 1455/1245/1220 1325/1593/1568 1453/1243/1218
f 1325/1593/1568 1326/1594/1569 1453/1243/1218
f 1453/1243/1218 1326/1594/1569 1452/1163/1145
f 1326/1594/1569 1327/1595/1570 1452/1163/1145
f 1452/1163/1145 1327/1595/1570 1328/1596/1571
f 1452/1163/1145 1328/1596/1571 1329/1161/1143
f 1370/1144/1126 1334/1147/1129 1369/1597/1572
f 1369/1597/1572 1334/1147/1129 1335/1598/1573
f 1369/1597/1572 1335/1598/1573 1368/1599/1574
f 1368/1599/1574 1335/1598/1573 1429/1600/1575
f 1368/1599/1574 1429/1600/1575 1436/1601/1576
f 1436/1601/1576 1429/1600/1575 1430/1602/1577
f 1436/1601/1576 1430/1602/1577 1367/1603/1578
f 1367/1603/1578 1430/1602/1577 1337/1604/1579
f 1367/1603/1578 1337/1604/1579 1431/1605/1580
f 1431/1605/1580 1337/1604/1579 1338/1606/1581
f 1431/1605/1580 1338/1606/1581 1432/1607/1582
f 1432/1607/1582 1338/1606/1581 1339/1608/1583
f 1432/1607/1582 1339/1608/1583 1365/1609/1584
f 1365/1609/1584 1339/1608/1583 1433/1610/1585
f 1365/1609/1584 1433/1610/1585 1437/1611/1586
f 1437/1611/1586 1433/1610/1585 1364/1262/1237
f 1437/1611/1586 1364/1262/1237 1365/1609/1584
f 1335/1598/1573 1336/1612/1587 1429/1600/1575
f 1429/1600/1575 1336/1612/1587 1430/1602/1577
f 1336/1612/1587 1337/1604/1579 1430/1602/1577
f 1339/1608/1583 1340/1260/1235 1433/1610/1585
f 1433/1610/1585 1340/1260/1235 1364/1262/1237
f 1340/1260/1235 1341/1256/1231 1519/1258/1233
f 1349/1284/1259 1350/1282/1257 1428/1283/1258
f 1432/1607/1582 1365/1609/1584 1434/1613/1588
f 1434/1613/1588 1365/1609/1584 1366/1614/1589
f 1434/1613/1588 1366/1614/1589 1435/1615/1590
f 1435/1615/1590 1366/1614/1589 1367/1603/1578
f 1435/1615/1590 1367/1603/1578 1431/1605/1580
f 1367/1603/1578 1368/1599/1574 1436/1601/1576
f 1504/1497/1472 1505/943/925 1398/945/927
f 1413/1048/1030 1412/1046/1028 1508/1541/1516
f 1449/1239/1214 1450/1158/1140 1438/1155/1137
f 1509/1543/1518 1413/1048/1030 1508/1541/1516
f 1514/1578/1553 1422/1572/1547 1421/1570/1545
f 1513/1569/1544 1514/1578/1553 1421/1570/1545
f 1435/1615/1590 1431/1605/1580 1434/1613/1588
f 1434/1613/1588 1431/1605/1580 1432/1607/1582
f 1486/1403/1378 1488/1416/1391 1487/1406/1381
f 841/1616/1591 840/1617/1592 1521/1618/1593
f 1521/1618/1593 840/1617/1592 933/1619/1594
f 1521/1618/1593 933/1619/1594 932/1620/1595
f 932/1620/1595 931/1621/1596 1521/1618/1593
f 1521/1618/1593 931/1621/1596 930/1622/1597
f 1521/1618/1593 930/1622/1597 1584/1623/1598
f 1584/1623/1598 930/1622/1597 929/1624/1599
f 1584/1623/1598 929/1624/1599 928/1625/1600
f 1584/1623/1598 928/1625/1600 1583/1626/1601
f 1583/1626/1601 928/1625/1600 927/1627/1602
f 1583/1626/1601 927/1627/1602 926/1628/1603
f 1583/1626/1601 926/1628/1603 1582/1629/1604
f 1582/1629/1604 926/1628/1603 925/1630/1605
f 1582/1629/1604 925/1630/1605 1581/1631/1606
f 1581/1631/1606 925/1630/1605 924/1632/1607
f 1581/1631/1606 924/1632/1607 1580/1633/1608
f 1580/1633/1608 924/1632/1607 923/1634/1609
f 1580/1633/1608 923/1634/1609 1579/1635/1610
f 1579/1635/1610 923/1634/1609 922/1636/1611
f 1579/1635/1610 922/1636/1611 1578/1637/1612
f 1578/1637/1612 922/1636/1611 921/1638/1613
f 1578/1637/1612 921/1638/1613 1577/1639/1614
f 1577/1639/1614 921/1638/1613 920/1640/1615
f 1577/1639/1614 920/1640/1615 1576/1641/1616
f 1576/1641/1616 920/1640/1615 919/1642/1617
f 1576/1641/1616 919/1642/1617 1575/1643/1618
f 1575/1643/1618 919/1642/1617 918/1644/1619
f 1575/1643/1618 918/1644/1619 917/1645/1620
f 1575/1643/1618 917/1645/1620 1574/1646/1621
f 1574/1646/1621 917/1645/1620 916/1647/1622
f 1574/1646/1621 916/1647/1622 1573/1648/1623
f 1573/1648/1623 916/1647/1622 915/1649/1624
f 1573/1648/1623 915/1649/1624 914/1650/1625
f 1573/1648/1623 914/1650/1625 1572/1651/1626
f 1572/1651/1626 914/1650/1625 913/1652/1627
f 1572/1651/1626 913/1652/1627 912/1653/1628
f 912/1653/1628 911/1654/1629 1572/1651/1626
f 1572/1651/1626 911/1654/1629 1571/1655/1630
f 1571/1655/1630 911/1654/1629 910/1656/1631
f 1571/1655/1630 910/1656/1631 1570/1657/1632
f 1570/1657/1632 910/1656/1631 909/1658/1633
f 1570/1657/1632 909/1658/1633 908/1659/1634
f 1570/1657/1632 908/1659/1634 1569/1660/1635
f 1569/1660/1635 908/1659/1634 907/1661/1636
f 1569/1660/1635 907/1661/1636 1568/1662/1637
f 1568/1662/1637 907/1661/1636 906/1663/1638
f 1568/1662/1637 906/1663/1638 1567/1664/1639
f 1567/1664/1639 906/1663/1638 905/1665/1640
f 1567/1664/1639 905/1665/1640 1566/1666/1641
f 1566/1666/1641 905/1665/1640 904/1667/1642
f 1566/1666/1641 904/1667/1642 1565/1668/1643
f 1565/1668/1643 904/1667/1642 903/1669/1644
f 1565/1668/1643 903/1669/1644 1564/1670/1645
f 1564/1670/1645 903/1669/1644 902/1671/1646
f 1564/1670/1645 902/1671/1646 901/1672/1647
f 1564/1670/1645 901/1672/1647 1563/1673/1648
f 1563/1673/1648 901/1672/1647 900/1674/1649
f 1563/1673/1648 900/1674/1649 1562/1675/1650
f 1562/1675/1650 900/1674/1649 899/1676/1651
f 1562/1675/1650 899/1676/1651 1561/1677/1652
f 1561/1677/1652 899/1676/1651 898/1678/1653
f 1561/1677/1652 898/1678/1653 897/1679/1654
f 1561/1677/1652 897/1679/1654 1560/1680/1655
f 1560/1680/1655 897/1679/1654 896/1681/1656
f 1560/1680/1655 896/1681/1656 895/1682/1657
f 1560/1680/1655 895/1682/1657 1559/1683/1658
f 1559/1683/1658 895/1682/1657 894/1684/1659
f 1559/1683/1658 894/1684/1659 893/1685/1660
f 1559/1683/1658 893/1685/1660 1558/1686/1661
f 1558/1686/1661 893/1685/1660 892/1687/1662
f 1558/1686/1661 892/1687/1662 891/1688/1663
f 1558/1686/1661 891/1688/1663 1557/1689/1664
f 1557/1689/1664 891/1688/1663 890/1690/1665
f 1557/1689/1664 890/1690/1665 1556/1691/1666
f 1556/1691/1666 890/1690/1665 889/1692/1667
f 1556/1691/1666 889/1692/1667 1555/1693/1668
f 1555/1693/1668 889/1692/1667 888/1694/1669
f 1555/1693/1668 888/1694/1669 1554/1695/1670
f 1554/1695/1670 888/1694/1669 887/1696/1671
f 1554/1695/1670 887/1696/1671 1553/1697/1672
f 1553/1697/1672 887/1696/1671 886/1698/1673
f 1553/1699/1672 886/1700/1673 885/1701/1674
f 1553/1699/1672 885/1701/1674 1552/1702/1675
f 1552/1702/1675 885/1701/1674 884/1703/1676
f 1552/1702/1675 884/1703/1676 1551/1704/1677
f 1551/1704/1677 884/1703/1676 883/1705/1678
f 1551/1704/1677 883/1705/1678 1550/1706/1679
f 1550/1706/1679 883/1705/1678 882/1707/1680
f 1550/1706/1679 882/1707/1680 1549/1708/1681
f 1549/1708/1681 882/1707/1680 881/1709/1682
f 1549/1708/1681 881/1709/1682 1548/1710/1683
f 1548/1710/1683 881/1709/1682 880/1711/1684
f 1548/1710/1683 880/1711/1684 879/1712/1685
f 1548/1710/1683 879/1712/1685 1547/1713/1686
f 1547/1713/1686 879/1712/1685 878/1714/1687
f 1547/1713/1686 878/1714/1687 877/1715/1688
f 1547/1713/1686 877/1715/1688 1546/1716/1689
f 1546/1716/1689 877/1715/1688 876/1717/1690
f 1546/1716/1689 876/1717/1690 875/1718/1691
f 1546/1716/1689 875/1718/1691 1545/1719/1692
f 1545/1719/1692 875/1718/1691 874/1720/1693
f 1545/1719/1692 874/1720/1693 873/1721/1694
f 1545/1719/1692 873/1721/1694 1544/1722/1695
f 1544/1722/1695 873/1721/1694 872/1723/1696
f 1544/1722/1695 872/1723/1696 1543/1724/1697
f 1543/1724/1697 872/1723/1696 871/1725/1698
f 1543/1724/1697 871/1725/1698 1542/1726/1699
f 1542/1726/1699 871/1725/1698 870/1727/1700
f 1542/1726/1699 870/1727/1700 869/1728/1701
f 1542/1726/1699 869/1728/1701 1541/1729/1702
f 1541/1729/1702 869/1728/1701 868/1730/1703
f 1541/1729/1702 868/1730/1703 1540/1731/1704
f 1540/1731/1704 868/1730/1703 867/1732/1705
f 1540/1731/1704 867/1732/1705 1539/1733/1706
f 1539/1733/1706 867/1732/1705 866/1734/1707
f 1539/1733/1706 866/1734/1707 1538/1735/1708
f 1538/1735/1708 866/1734/1707 865/1736/1709
f 1538/1735/1708 865/1736/1709 1537/1737/1710
f 1537/1737/1710 865/1736/1709 864/1738/1711
f 1537/1737/1710 864/1738/1711 1536/1739/1712
f 1536/1739/1712 864/1738/1711 863/1740/1713
f 1536/1739/1712 863/1740/1713 862/1741/1714
f 1536/1739/1712 862/1741/1714 1535/1742/1715
f 1535/1742/1715 862/1741/1714 861/1743/1716
f 1535/1742/1715 861/1743/1716 1534/1744/1717
f 1534/1744/1717 861/1743/1716 860/1745/1718
f 1534/1744/1717 860/1745/1718 859/1746/1719
f 859/1746/1719 858/1747/1720 1534/1744/1717
f 1534/1744/1717 858/1747/1720 1533/1748/1721
f 1533/1748/1721 858/1747/1720 857/1749/1722
f 1533/1748/1721 857/1749/1722 856/1750/1723
f 1533/1748/1721 856/1750/1723 1532/1751/1724
f 1532/1751/1724 856/1750/1723 855/1752/1725
f 1532/1751/1724 855/1752/1725 1531/1753/1726
f 1531/1753/1726 855/1752/1725 854/1754/1727
f 1531/1753/1726 854/1754/1727 853/1755/1728
f 1531/1753/1726 853/1755/1728 1530/1756/1729
f 1530/1756/1729 853/1755/1728 852/1757/1730
f 1530/1756/1729 852/1757/1730 1529/1758/1731
f 1529/1758/1731 852/1757/1730 851/1759/1732
f 1529/1758/1731 851/1759/1732 1528/1760/1733
f 1528/1760/1733 851/1759/1732 850/1761/1734
f 1528/1760/1733 850/1761/1734 1527/1762/1735
f 1527/1762/1735 850/1761/1734 849/1763/1736
f 1527/1762/1735 849/1763/1736 1526/1764/1737
f 1526/1764/1737 849/1763/1736 848/1765/1738
f 1526/1764/1737 848/1765/1738 1525/1766/1739
f 1525/1766/1739 848/1765/1738 847/1767/1740
f 1525/1766/1739 847/1767/1740 1524/1768/1741
f 1524/1768/1741 847/1767/1740 846/1769/1742
f 1524/1768/1741 846/1769/1742 1523/1770/1743
f 1523/1770/1743 846/1769/1742 845/1771/1744
f 1523/1770/1743 845/1771/1744 844/1772/1745
f 1523/1770/1743 844/1772/1745 1522/1773/1746
f 1522/1773/1746 844/1772/1745 843/1774/1747
f 1522/1773/1746 843/1774/1747 842/1775/1748
f 1522/1773/1746 842/1775/1748 1521/1618/1593
f 1521/1618/1593 842/1775/1748 841/1616/1591
f 1586/1776/1749 1554/1777/1750 1585/1778/1751
f 1585/1778/1751 1554/1777/1750 1553/1779/1752
f 1585/1778/1751 1553/1779/1752 1648/1780/1753
f 1648/1780/1753 1553/1779/1752 1552/1781/1754
f 1648/1780/1753 1552/1781/1754 1647/1782/1755
f 1647/1782/1755 1552/1781/1754 1551/1783/1756
f 1647/1782/1755 1551/1783/1756 1646/1784/1757
f 1646/1784/1757 1551/1783/1756 1550/1785/1758
f 1646/1784/1757 1550/1785/1758 1645/1786/1759
f 1645/1786/1759 1550/1785/1758 1549/1787/1760
f 1645/1786/1759 1549/1787/1760 1644/1788/1761
f 1644/1788/1761 1549/1787/1760 1548/1789/1762
f 1644/1788/1761 1548/1789/1762 1643/1790/1763
f 1643/1790/1763 1548/1789/1762 1547/1791/1764
f 1643/1790/1763 1547/1791/1764 1642/1792/1765
f 1642/1792/1765 1547/1791/1764 1546/1793/1766
f 1642/1792/1765 1546/1793/1766 1641/1794/1767
f 1641/1794/1767 1546/1793/1766 1545/1795/1768
f 1641/1794/1767 1545/1795/1768 1640/1796/1769
f 1640/1796/1769 1545/1795/1768 1544/1797/1770
f 1640/1796/1769 1544/1797/1770 1639/1798/1771
f 1639/1798/1771 1544/1797/1770 1543/1799/1772
f 1639/1798/1771 1543/1799/1772 1638/1800/1773
f 1638/1800/1773 1543/1799/1772 1542/1801/1774
f 1638/1800/1773 1542/1801/1774 1637/1802/1775
f 1637/1802/1775 1542/1801/1774 1541/1803/1776
f 1637/1802/1775 1541/1803/1776 1636/1804/1777
f 1636/1804/1777 1541/1803/1776 1540/1805/1778
f 1636/1804/1777 1540/1805/1778 1635/1806/1779
f 1635/1806/1779 1540/1805/1778 1539/1807/1780
f 1635/1806/1779 1539/1807/1780 1634/1808/1781
f 1634/1808/1781 1539/1807/1780 1538/1809/1782
f 1634/1808/1781 1538/1809/1782 1633/1810/1783
f 1633/1810/1783 1538/1809/1782 1537/1811/1784
f 1633/1810/1783 1537/1811/1784 1536/1812/1785
f 1586/1776/1749 1587/1813/1786 1554/1777/1750
f 1554/1777/1750 1587/1813/1786 1555/1814/1787
f 1555/1814/1787 1587/1813/1786 1588/1815/1788
f 1555/1814/1787 1588/1815/1788 1556/1816/1789
f 1556/1816/1789 1588/1815/1788 1589/1817/1790
f 1556/1816/1789 1589/1817/1790 1557/1818/1791
f 1557/1818/1791 1589/1817/1790 1590/1819/1792
f 1557/1818/1791 1590/1819/1792 1558/1820/1793
f 1558/1820/1793 1590/1819/1792 1591/1821/1794
f 1558/1820/1793 1591/1821/1794 1559/1822/1795
f 1559/1822/1795 1591/1821/1794 1592/1823/1796
f 1559/1822/1795 1592/1823/1796 1560/1824/1797
f 1560/1824/1797 1592/1823/1796 1593/1825/1798
f 1560/1824/1797 1593/1825/1798 1561/1826/1799
f 1561/1826/1799 1593/1825/1798 1594/1827/1800
f 1561/1826/1799 1594/1827/1800 1562/1828/1801
f 1562/1828/1801 1594/1827/1800 1595/1829/1802
f 1562/1828/1801 1595/1829/1802 1563/1830/1803
f 1563/1830/1803 1595/1829/1802 1596/1831/1804
f 1563/1830/1803 1596/1831/1804 1564/1832/1805
f 1564/1832/1805 1596/1831/1804 1597/1833/1806
f 1564/1832/1805 1597/1833/1806 1565/1834/1807
f 1565/1834/1807 1597/1833/1806 1598/1835/1808
f 1565/1834/1807 1598/1835/1808 1566/1836/1809
f 1566/1836/1809 1598/1835/1808 1599/1837/1810
f 1566/1836/1809 1599/1837/1810 1567/1838/1811
f 1567/1838/1811 1599/1837/1810 1600/1839/1812
f 1567/1838/1811 1600/1839/1812 1568/1840/1813
f 1568/1840/1813 1600/1839/1812 1601/1841/1814
f 1568/1840/1813 1601/1841/1814 1569/1842/1815
f 1569/1842/1815 1601/1841/1814 1570/1843/1816
f 1570/1843/1816 1601/1841/1814 1602/1844/1817
f 1570/1843/1816 1602/1844/1817 1571/1845/1818
f 1571/1845/1818 1602/1844/1817 1603/1846/1819
f 1571/1845/1818 1603/1846/1819 1572/1847/1820
f 1572/1847/1820 1603/1846/1819 1604/1848/1821
f 1572/1847/1820 1604/1848/1821 1573/1849/1822
f 1573/1849/1822 1604/1848/1821 1605/1850/1823
f 1573/1849/1822 1605/1850/1823 1574/1851/1824
f 1574/1851/1824 1605/1850/1823 1606/1852/1825
f 1574/1851/1824 1606/1852/1825 1575/1853/1826
f 1575/1853/1826 1606/1852/1825 1607/1854/1827
f 1575/1853/1826 1607/1854/1827 1576/1855/1828
f 1576/1855/1828 1607/1854/1827 1608/1856/1829
f 1576/1855/1828 1608/1856/1829 1577/1857/1830
f 1577/1857/1830 1608/1856/1829 1609/1858/1831
f 1577/1857/1830 1609/1858/1831 1578/1859/1832
f 1578/1859/1832 1609/1858/1831 1610/1860/1833
f 1578/1859/1832 1610/1860/1833 1579/1861/1834
f 1579/1861/1834 1610/1860/1833 1611/1862/1835
f 1579/1861/1834 1611/1862/1835 1580/1863/1836
f 1580/1863/1836 1611/1862/1835 1612/1864/1837
f 1580/1863/1836 1612/1864/1837 1581/1865/1838
f 1581/1865/1838 1612/1864/1837 1613/1866/1839
f 1581/1865/1838 1613/1866/1839 1582/1867/1840
f 1582/1867/1840 1613/1866/1839 1614/1868/1841
f 1582/1867/1840 1614/1868/1841 1583/1869/1842
f 1583/1869/1842 1614/1868/1841 1615/1870/1843
f 1583/1869/1842 1615/1870/1843 1584/1871/1844
f 1584/1871/1844 1615/1870/1843 1616/1872/1845
f 1584/1871/1844 1616/1872/1845 1521/1873/1846
f 1521/1873/1846 1616/1872/1845 1617/1874/1847
f 1521/1873/1846 1617/1874/1847 1618/1875/1848
f 1521/1873/1846 1618/1875/1848 1522/1876/1849
f 1522/1876/1849 1618/1875/1848 1619/1877/1850
f 1522/1876/1849 1619/1877/1850 1523/1878/1851
f 1523/1878/1851 1619/1877/1850 1620/1879/1852
f 1523/1878/1851 1620/1879/1852 1524/1880/1853
f 1524/1880/1853 1620/1879/1852 1621/1881/1854
f 1524/1880/1853 1621/1881/1854 1525/1882/1855
f 1525/1882/1855 1621/1881/1854 1622/1883/1856
f 1525/1882/1855 1622/1883/1856 1526/1884/1857
f 1526/1884/1857 1622/1883/1856 1623/1885/1858
f 1526/1884/1857 1623/1885/1858 1527/1886/1859
f 1527/1886/1859 1623/1885/1858 1624/1887/1860
f 1527/1886/1859 1624/1887/1860 1528/1888/1861
f 1528/1888/1861 1624/1887/1860 1625/1889/1862
f 1528/1888/1861 1625/1889/1862 1529/1890/1863
f 1529/1890/1863 1625/1889/1862 1626/1891/1864
f 1529/1890/1863 1626/1891/1864 1530/1892/1865
f 1530/1892/1865 1626/1891/1864 1627/1893/1866
f 1530/1892/1865 1627/1893/1866 1531/1894/1867
f 1531/1894/1867 1627/1893/1866 1628/1895/1868
f 1531/1894/1867 1628/1895/1868 1532/1896/1869
f 1532/1896/1869 1628/1895/1868 1629/1897/1870
f 1532/1896/1869 1629/1897/1870 1533/1898/1871
f 1533/1898/1871 1629/1897/1870 1630/1899/1872
f 1533/1898/1871 1630/1899/1872 1534/1900/1873
f 1534/1900/1873 1630/1899/1872 1631/1901/1874
f 1534/1900/1873 1631/1901/1874 1535/1902/1875
f 1535/1902/1875 1631/1901/1874 1632/1903/1876
f 1535/1902/1875 1632/1903/1876 1536/1812/1785
f 1536/1812/1785 1632/1903/1876 1633/1810/1783
f 772/1904/1877 771/1905/1878 1650/1906/1879
f 1650/1906/1879 771/1905/1878 1649/1907/1880
f 1655/1908/1881 692/1909/1882 1654/1910/1883
f 1654/1910/1883 692/1909/1882 146/1911/1884
f 1654/1910/1883 146/1911/1884 1653/1912/1885
f 1653/1912/1885 146/1911/1884 1652/1913/1886
f 1652/1913/1886 146/1911/1884 1651/1914/1887
f 1651/1914/1887 146/1911/1884 145/1915/1888
f 145/1916/1889 152/1917/1890 1651/1918/1891
f 1651/1918/1891 152/1917/1890 1658/1919/1892
f 1658/1919/1892 152/1917/1890 151/1920/1893
f 1658/1919/1892 151/1920/1893 1657/1921/1894
f 1657/1921/1894 151/1920/1893 1656/1922/1895
f 1656/1922/1895 151/1920/1893 150/1923/1896
f 150/1924/1897 149/1925/1898 1656/1926/1899
f 1656/1926/1899 149/1925/1898 1662/1927/1900
f 1662/1927/1900 149/1925/1898 1661/1928/1901
f 1661/1928/1901 149/1925/1898 726/1929/1902
f 1661/1928/1901 726/1929/1902 1660/1930/1903
f 1660/1930/1903 726/1929/1902 1659/1931/1904
f 635/1932/1905 634/1933/1906 1664/1934/1907
f 1664/1934/1907 634/1933/1906 1663/1935/1908
f 1669/1936/1909 555/1937/1910 1668/1938/1911
f 1668/1938/1911 555/1937/1910 138/1939/1912
f 1668/1938/1911 138/1939/1912 1667/1940/1913
f 1667/1940/1913 138/1939/1912 1666/1941/1914
f 1666/1941/1914 138/1939/1912 1665/1942/1915
f 1665/1942/1915 138/1939/1912 137/1943/1916
f 137/1944/1917 144/1945/1918 1665/1946/1919
f 1665/1946/1919 144/1945/1918 1672/1947/1920
f 1672/1947/1920 144/1945/1918 143/1948/1921
f 1672/1947/1920 143/1948/1921 1671/1949/1922
f 1671/1949/1922 143/1948/1921 1670/1950/1923
f 1670/1950/1923 143/1948/1921 142/1951/1924
f 142/1952/1925 141/1953/1926 1670/1954/1927
f 1670/1954/1927 141/1953/1926 1676/1955/1928
f 1676/1955/1928 141/1953/1926 1675/1956/1929
f 1675/1956/1929 141/1953/1926 589/1957/1930
f 1675/1956/1929 589/1957/1930 1674/1958/1931
f 1674/1958/1931 589/1957/1930 1673/1959/1932
f 434/1960/1933 433/1961/1934 1678/1962/1935
f 1678/1962/1935 433/1961/1934 1677/1963/1936
f 1683/1964/1937 477/1965/1938 1682/1966/1939
f 1682/1966/1939 477/1965/1938 130/1967/1940
f 1682/1966/1939 130/1967/1940 1681/1968/1941
f 1681/1968/1941 130/1967/1940 1680/1969/1942
f 1680/1969/1942 130/1967/1940 1679/1970/1943
f 1679/1970/1943 130/1967/1940 129/1971/1944
f 129/1972/1945 136/1973/1946 1679/1974/1947
f 1679/1974/1947 136/1973/1946 1686/1975/1948
f 1686/1975/1948 136/1973/1946 135/1976/1949
f 1686/1975/1948 135/1976/1949 1685/1977/1950
f 1685/1977/1950 135/1976/1949 1684/1978/1951
f 1684/1978/1951 135/1976/1949 134/1979/1952
f 134/1980/1953 133/1981/1954 1684/1982/1955
f 1684/1982/1955 133/1981/1954 1690/1983/1956
f 1690/1983/1956 133/1981/1954 1689/1984/1957
f 1689/1984/1957 133/1981/1954 511/1985/1958
f 1689/1984/1957 511/1985/1958 1688/1986/1959
f 1688/1986/1959 511/1985/1958 1687/1987/1960
f 367/1988/1961 366/1989/1962 1692/1990/1963
f 1692/1990/1963 366/1989/1962 1691/1991/1964
f 1697/1992/1965 287/1993/1966 1696/1994/1967
f 1696/1994/1967 287/1993/1966 122/1995/1968
f 1696/1994/1967 122/1995/1968 1695/1996/1969
f 1695/1996/1969 122/1995/1968 1694/1997/1970
f 1694/1997/1970 122/1995/1968 1693/1998/1971
f 1693/1998/1971 122/1995/1968 121/1999/1972
f 121/2000/1973 128/2001/1974 1693/2002/1975
f 1693/2002/1975 128/2001/1974 1700/2003/1976
f 1700/2003/1976 128/2001/1974 127/2004/1977
f 1700/2003/1976 127/2004/1977 1699/2005/1978
f 1699/2005/1978 127/2004/1977 1698/2006/1979
f 1698/2006/1979 127/2004/1977 126/2007/1980
f 126/2008/1981 125/2009/1982 1698/2010/1983
f 1698/2010/1983 125/2009/1982 1704/2011/1984
f 1704/2011/1984 125/2009/1982 1703/2012/1985
f 1703/2012/1985 125/2009/1982 321/2013/1986
f 1703/2012/1985 321/2013/1986 1702/2014/1987
f 1702/2014/1987 321/2013/1986 1701/2015/1988
f 198/2016/1989 197/2017/1990 1706/2018/1991
f 1706/2018/1991 197/2017/1990 1705/2019/1992
f 1711/2020/1993 213/2021/1994 1710/2022/1995
f 1710/2022/1995 213/2021/1994 114/2023/1996
f 1710/2022/1995 114/2023/1996 1709/2024/1997
f 1709/2024/1997 114/2023/1996 1708/2025/1998
f 1708/2025/1998 114/2023/1996 1707/2026/1999
f 1707/2026/1999 114/2023/1996 113/2027/2000
f 113/2028/2001 120/2029/2002 1707/2030/2003
f 1707/2030/2003 120/2029/2002 1714/2031/2004
f 1714/2031/2004 120/2029/2002 119/2032/2005
f 1714/2031/2004 119/2032/2005 1713/2033/2006
f 1713/2033/2006 119/2032/2005 1712/2034/2007
f 1712/2034/2007 119/2032/2005 118/2035/2008
f 118/2036/2009 117/2037/2010 1712/2038/2011
f 1712/2038/2011 117/2037/2010 1718/2039/2012
f 1718/2039/2012 117/2037/2010 1717/2040/2013
f 1717/2040/2013 117/2037/2010 212/2041/2014
f 1717/2040/2013 212/2041/2014 1716/2042/2015
f 1716/2042/2015 212/2041/2014 1715/2043/2016
f 1357/2044/2017 740/2045/2018 1720/2046/2019
f 1720/2046/2019 740/2045/2018 739/2047/2020
f 1720/2046/2019 739/2047/2020 1719/2048/2021
f 1719/2048/2021 739/2047/2020 738/2049/2022
f 1719/2048/2021 738/2049/2022 1721/2050/2023
f 1721/2050/2023 738/2049/2022 737/2051/2024
f 1721/2050/2023 737/2051/2024 736/2052/2025
f 1721/2050/2023 736/2052/2025 1722/2053/2026
f 1722/2053/2026 736/2052/2025 735/2054/2027
f 1722/2053/2026 735/2054/2027 1363/2055/2028
f 1363/2055/2028 735/2054/2027 734/2056/2029
f 1363/2055/2028 1362/2057/2030 1722/2053/2026
f 1722/2053/2026 1362/2057/2030 1361/2058/2031
f 1722/2053/2026 1361/2058/2031 1721/2050/2023
f 1721/2050/2023 1361/2058/2031 1360/2059/2032
f 1721/2050/2023 1360/2059/2032 1359/2060/2033
f 1721/2050/2023 1359/2060/2033 1719/2048/2021
f 1719/2048/2021 1359/2060/2033 1358/2061/2034
f 1719/2048/2021 1358/2061/2034 1720/2046/2019
f 1720/2046/2019 1358/2061/2034 1357/2044/2017
f 734/2062/2029 733/2063/2035 1363/2064/2028
f 1363/2064/2028 733/2063/2035 1364/2065/2036
f 1364/2065/2037 733/2063/2038 1365/2066/2039
f 1365/2066/2039 733/2067/2038 732/2068/2040
f 1365/2066/2039 732/2068/2040 1366/2069/2041
f 1366/2069/2041 732/2068/2040 731/2070/2042
f 1366/2069/2041 731/2070/2042 1367/2071/2043
f 1367/2071/2043 731/2070/2042 1368/2072/2044
f 1368/2072/2044 731/2070/2042 730/2073/2045
f 1368/2072/2044 730/2073/2045 1369/2074/2046
f 1369/2074/2046 730/2073/2045 729/2075/2047
f 1369/2074/2046 729/2075/2047 1370/2076/2048
f 1370/2076/2048 729/2075/2047 1724/2077/2049
f 1724/2077/2049 729/2075/2047 728/2078/2050
f 1724/2077/2049 728/2078/2050 1723/2079/2051
f 742/2080/2052 741/2081/2053 1354/2082/2054
f 1354/2082/2054 741/2081/2053 1355/2083/2055
f 1355/2083/2055 741/2081/2053 740/2084/2018
f 1355/2083/2055 740/2084/2018 1356/2085/2056
f 1356/2085/2056 740/2084/2018 1357/2086/2017
f 1649/2087/2057 771/2088/2058 1725/2089/2059
f 1725/2089/2059 771/2088/2058 770/2090/2060
f 1725/2089/2059 770/2090/2060 1335/2091/2061
f 1335/2091/2061 770/2090/2060 1336/2092/2062
f 1336/2092/2062 770/2090/2060 769/2093/2063
f 1336/2092/2062 769/2093/2063 1337/2094/2064
f 1337/2094/2064 769/2093/2063 768/2095/2065
f 1337/2094/2064 768/2095/2065 1338/2096/2066
f 1338/2096/2066 768/2095/2065 767/2097/2067
f 1338/2096/2066 767/2097/2067 766/2098/2068
f 1338/2096/2066 766/2098/2068 1339/2099/2069
f 1339/2099/2069 766/2098/2068 765/2100/2070
f 1339/2099/2069 765/2100/2070 1340/2101/2071
f 1335/2091/2061 1334/2102/2072 1725/2089/2059
f 764/2103/2073 1341/2104/2074 765/2105/2075
f 765/2105/2075 1341/2104/2074 1340/2106/2076
f 763/2107/2077 1727/2108/2078 764/2109/2073
f 764/2109/2073 1727/2108/2078 1342/2110/2079
f 764/2109/2073 1342/2110/2079 1341/2111/2074
f 763/2107/2077 762/2112/2080 1727/2108/2078
f 1727/2108/2078 762/2112/2080 1726/2113/2081
f 1727/2108/2078 1726/2113/2081 1343/2114/2082
f 1343/2114/2082 1726/2113/2081 1344/2115/2083
f 1344/2115/2083 1726/2113/2081 1345/2116/2084
f 1345/2116/2084 1726/2113/2081 1728/2117/2085
f 1345/2116/2084 1728/2117/2085 1346/2118/2086
f 1346/2118/2086 1728/2117/2085 1729/2119/2087
f 1346/2118/2086 1729/2119/2087 1323/2120/2088
f 1323/2120/2088 1729/2119/2087 758/2121/2089
f 758/2121/2089 1729/2119/2087 759/2122/2090
f 759/2122/2090 1729/2119/2087 1728/2117/2085
f 759/2122/2090 1728/2117/2085 760/2123/2091
f 760/2123/2091 1728/2117/2085 1726/2113/2081
f 760/2123/2091 1726/2113/2081 761/2124/2092
f 761/2124/2092 1726/2113/2081 762/2112/2080
f 1343/2114/2082 1342/2110/2079 1727/2108/2078
f 1309/2125/2093 603/2126/2094 1731/2127/2095
f 1731/2127/2095 603/2126/2094 602/2128/2096
f 1731/2127/2095 602/2128/2096 1730/2129/2097
f 1730/2129/2097 602/2128/2096 601/2130/2098
f 1730/2129/2097 601/2130/2098 1732/2131/2099
f 1732/2131/2099 601/2130/2098 600/2132/2100
f 1732/2131/2099 600/2132/2100 599/2133/2101
f 1732/2131/2099 599/2133/2101 1733/2134/2102
f 1733/2134/2102 599/2133/2101 598/2135/2103
f 1733/2134/2102 598/2135/2103 1315/2136/2104
f 1315/2136/2104 598/2135/2103 597/2137/2105
f 1315/2136/2104 1314/2138/2106 1733/2134/2102
f 1733/2134/2102 1314/2138/2106 1313/2139/2107
f 1733/2134/2102 1313/2139/2107 1732/2131/2099
f 1732/2131/2099 1313/2139/2107 1312/2140/2108
f 1732/2131/2099 1312/2140/2108 1311/2141/2109
f 1732/2131/2099 1311/2141/2109 1730/2129/2097
f 1730/2129/2097 1311/2141/2109 1310/2142/2110
f 1730/2129/2097 1310/2142/2110 1731/2127/2095
f 1731/2127/2095 1310/2142/2110 1309/2125/2093
f 597/2143/2105 596/2144/2111 1315/2145/2104
f 1315/2145/2104 596/2144/2111 1316/2146/2112
f 1316/2146/2113 596/2144/2114 1317/2147/2115
f 1317/2147/2115 596/2148/2114 595/2149/2116
f 1317/2147/2115 595/2149/2116 1318/2150/2117
f 1318/2150/2117 595/2149/2116 594/2151/2118
f 1318/2150/2117 594/2151/2118 1319/2152/2119
f 1319/2152/2119 594/2151/2118 1320/2153/2120
f 1320/2153/2120 594/2151/2118 593/2154/2121
f 1320/2153/2120 593/2154/2121 1321/2155/2122
f 1321/2155/2122 593/2154/2121 592/2156/2123
f 1321/2155/2122 592/2156/2123 1322/2157/2124
f 1322/2157/2124 592/2156/2123 1735/2158/2125
f 1735/2158/2125 592/2156/2123 591/2159/2126
f 1735/2158/2125 591/2159/2126 1734/2160/2127
f 605/2161/2128 604/2162/2129 1306/2163/2130
f 1306/2163/2130 604/2162/2129 1307/2164/2131
f 1307/2164/2131 604/2162/2129 603/2165/2094
f 1307/2164/2131 603/2165/2094 1308/2166/2132
f 1308/2166/2132 603/2165/2094 1309/2167/2093
f 1663/2168/2133 634/2169/2134 1736/2170/2135
f 1736/2170/2135 634/2169/2134 633/2171/2136
f 1736/2170/2135 633/2171/2136 1287/2172/2137
f 1287/2172/2137 633/2171/2136 1288/2173/2138
f 1288/2173/2138 633/2171/2136 632/2174/2139
f 1288/2173/2138 632/2174/2139 1289/2175/2140
f 1289/2175/2140 632/2174/2139 631/2176/2141
f 1289/2175/2140 631/2176/2141 1290/2177/2142
f 1290/2177/2142 631/2176/2141 630/2178/2143
f 1290/2177/2142 630/2178/2143 629/2179/2144
f 1290/2177/2142 629/2179/2144 1291/2180/2145
f 1291/2180/2145 629/2179/2144 628/2181/2146
f 1291/2180/2145 628/2181/2146 1292/2182/2147
f 1287/2172/2137 1286/2183/2148 1736/2170/2135
f 627/2184/2149 1293/2185/2150 628/2186/2151
f 628/2186/2151 1293/2185/2150 1292/2187/2152
f 626/2188/2153 1738/2189/2154 627/2190/2149
f 627/2190/2149 1738/2189/2154 1294/2191/2155
f 627/2190/2149 1294/2191/2155 1293/2192/2150
f 626/2188/2153 625/2193/2156 1738/2189/2154
f 1738/2189/2154 625/2193/2156 1737/2194/2157
f 1738/2189/2154 1737/2194/2157 1295/2195/2158
f 1295/2195/2158 1737/2194/2157 1296/2196/2159
f 1296/2196/2159 1737/2194/2157 1297/2197/2160
f 1297/2197/2160 1737/2194/2157 1739/2198/2161
f 1297/2197/2160 1739/2198/2161 1298/2199/2162
f 1298/2199/2162 1739/2198/2161 1740/2200/2163
f 1298/2199/2162 1740/2200/2163 1275/2201/2164
f 1275/2201/2164 1740/2200/2163 621/2202/2165
f 621/2202/2165 1740/2200/2163 622/2203/2166
f 622/2203/2166 1740/2200/2163 1739/2198/2161
f 622/2203/2166 1739/2198/2161 623/2204/2167
f 623/2204/2167 1739/2198/2161 1737/2194/2157
f 623/2204/2167 1737/2194/2157 624/2205/2168
f 624/2205/2168 1737/2194/2157 625/2193/2156
f 1295/2195/2158 1294/2191/2155 1738/2189/2154
f 1261/2206/2169 461/2207/2170 1742/2208/2171
f 1742/2208/2171 461/2207/2170 460/2209/2172
f 1742/2208/2171 460/2209/2172 1741/2210/2173
f 1741/2210/2173 460/2209/2172 459/2211/2174
f 1741/2210/2173 459/2211/2174 1743/2212/2175
f 1743/2212/2175 459/2211/2174 458/2213/2176
f 1743/2212/2175 458/2213/2176 457/2214/2177
f 1743/2212/2175 457/2214/2177 1744/2215/2178
f 1744/2215/2178 457/2214/2177 456/2216/2179
f 1744/2215/2178 456/2216/2179 1267/2217/2180
f 1267/2217/2180 456/2216/2179 455/2218/2181
f 1267/2217/2180 1266/2219/2182 1744/2215/2178
f 1744/2215/2178 1266/2219/2182 1265/2220/2183
f 1744/2215/2178 1265/2220/2183 1743/2212/2175
f 1743/2212/2175 1265/2220/2183 1264/2221/2184
f 1743/2212/2175 1264/2221/2184 1263/2222/2185
f 1743/2212/2175 1263/2222/2185 1741/2210/2173
f 1741/2210/2173 1263/2222/2185 1262/2223/2186
f 1741/2210/2173 1262/2223/2186 1742/2208/2171
f 1742/2208/2171 1262/2223/2186 1261/2206/2169
f 455/2224/2181 454/2225/2187 1267/2226/2180
f 1267/2226/2180 454/2225/2187 1268/2227/2188
f 1268/2227/2189 454/2225/2190 1269/2228/2191
f 1269/2228/2191 454/2229/2190 453/2230/2192
f 1269/2228/2191 453/2230/2192 1270/2231/2193
f 1270/2231/2193 453/2230/2192 452/2232/2194
f 1270/2231/2193 452/2232/2194 1271/2233/2195
f 1271/2233/2195 452/2232/2194 1272/2234/2196
f 1272/2234/2196 452/2232/2194 451/2235/2197
f 1272/2234/2196 451/2235/2197 1273/2236/2198
f 1273/2236/2198 451/2235/2197 450/2237/2199
f 1273/2236/2198 450/2237/2199 1274/2238/2200
f 1274/2238/2200 450/2237/2199 1746/2239/2201
f 1746/2239/2201 450/2237/2199 449/2240/2202
f 1746/2239/2201 449/2240/2202 1745/2241/2203
f 463/2242/2204 462/2243/2205 1258/2244/2206
f 1258/2244/2206 462/2243/2205 1259/2245/2207
f 1259/2245/2207 462/2243/2205 461/2246/2170
f 1259/2245/2207 461/2246/2170 1260/2247/2208
f 1260/2247/2208 461/2246/2170 1261/2248/2169
f 1677/2249/2209 433/2250/2210 1747/2251/2211
f 1747/2251/2211 433/2250/2210 432/2252/2212
f 1747/2251/2211 432/2252/2212 1239/2253/2213
f 1239/2253/2213 432/2252/2212 1240/2254/2214
f 1240/2254/2214 432/2252/2212 431/2255/2215
f 1240/2254/2214 431/2255/2215 1241/2256/2216
f 1241/2256/2216 431/2255/2215 430/2257/2217
f 1241/2256/2216 430/2257/2217 1242/2258/2218
f 1242/2258/2218 430/2257/2217 429/2259/2219
f 1242/2258/2218 429/2259/2219 428/2260/2220
f 1242/2258/2218 428/2260/2220 1243/2261/2221
f 1243/2261/2221 428/2260/2220 427/2262/2222
f 1243/2261/2221 427/2262/2222 1244/2263/2223
f 1239/2253/2213 1238/2264/2224 1747/2251/2211
f 426/2265/2225 1245/2266/2226 427/2267/2227
f 427/2267/2227 1245/2266/2226 1244/2268/2228
f 425/2269/2229 1749/2270/2230 426/2271/2225
f 426/2271/2225 1749/2270/2230 1246/2272/2231
f 426/2271/2225 1246/2272/2231 1245/2273/2226
f 425/2269/2229 424/2274/2232 1749/2270/2230
f 1749/2270/2230 424/2274/2232 1748/2275/2233
f 1749/2270/2230 1748/2275/2233 1247/2276/2234
f 1247/2276/2234 1748/2275/2233 1248/2277/2235
f 1248/2277/2235 1748/2275/2233 1249/2278/2236
f 1249/2278/2236 1748/2275/2233 1750/2279/2237
f 1249/2278/2236 1750/2279/2237 1250/2280/2238
f 1250/2280/2238 1750/2279/2237 1751/2281/2239
f 1250/2280/2238 1751/2281/2239 1227/2282/2240
f 1227/2282/2240 1751/2281/2239 420/2283/2241
f 420/2283/2241 1751/2281/2239 421/2284/2242
f 421/2284/2242 1751/2281/2239 1750/2279/2237
f 421/2284/2242 1750/2279/2237 422/2285/2243
f 422/2285/2243 1750/2279/2237 1748/2275/2233
f 422/2285/2243 1748/2275/2233 423/2286/2244
f 423/2286/2244 1748/2275/2233 424/2274/2232
f 1247/2276/2234 1246/2272/2231 1749/2270/2230
f 1213/2287/2245 335/2288/2246 1753/2289/2247
f 1753/2289/2247 335/2288/2246 334/2290/2248
f 1753/2289/2247 334/2290/2248 1752/2291/2249
f 1752/2291/2249 334/2290/2248 333/2292/2250
f 1752/2291/2249 333/2292/2250 1754/2293/2251
f 1754/2293/2251 333/2292/2250 332/2294/2252
f 1754/2293/2251 332/2294/2252 331/2295/2253
f 1754/2293/2251 331/2295/2253 1755/2296/2254
f 1755/2296/2254 331/2295/2253 330/2297/2255
f 1755/2296/2254 330/2297/2255 1219/2298/2256
f 1219/2298/2256 330/2297/2255 329/2299/2257
f 1219/2298/2256 1218/2300/2258 1755/2296/2254
f 1755/2296/2254 1218/2300/2258 1217/2301/2259
f 1755/2296/2254 1217/2301/2259 1754/2293/2251
f 1754/2293/2251 1217/2301/2259 1216/2302/2260
f 1754/2293/2251 1216/2302/2260 1215/2303/2261
f 1754/2293/2251 1215/2303/2261 1752/2291/2249
f 1752/2291/2249 1215/2303/2261 1214/2304/2262
f 1752/2291/2249 1214/2304/2262 1753/2289/2247
f 1753/2289/2247 1214/2304/2262 1213/2287/2245
f 329/2305/2257 328/2306/2263 1219/2307/2256
f 1219/2307/2256 328/2306/2263 1220/2308/2264
f 1220/2308/2265 328/2306/2266 1221/2309/2267
f 1221/2309/2267 328/2310/2266 327/2311/2268
f 1221/2309/2267 327/2311/2268 1222/2312/2269
f 1222/2312/2269 327/2311/2268 326/2313/2270
f 1222/2312/2269 326/2313/2270 1223/2314/2271
f 1223/2314/2271 326/2313/2270 1224/2315/2272
f 1224/2315/2272 326/2313/2270 325/2316/2273
f 1224/2315/2272 325/2316/2273 1225/2317/2274
f 1225/2317/2274 325/2316/2273 324/2318/2275
f 1225/2317/2274 324/2318/2275 1226/2319/2276
f 1226/2319/2276 324/2318/2275 1757/2320/2277
f 1757/2320/2277 324/2318/2275 323/2321/2278
f 1757/2320/2277 323/2321/2278 1756/2322/2279
f 337/2323/2280 336/2324/2281 1210/2325/2282
f 1210/2325/2282 336/2324/2281 1211/2326/2283
f 1211/2326/2283 336/2324/2281 335/2327/2246
f 1211/2326/2283 335/2327/2246 1212/2328/2284
f 1212/2328/2284 335/2327/2246 1213/2329/2245
f 1691/2330/2285 366/2331/2286 1758/2332/2287
f 1758/2332/2287 366/2331/2286 365/2333/2288
f 1758/2332/2287 365/2333/2288 1191/2334/2289
f 1191/2334/2289 365/2333/2288 1192/2335/2290
f 1192/2335/2290 365/2333/2288 364/2336/2291
f 1192/2335/2290 364/2336/2291 1193/2337/2292
f 1193/2337/2292 364/2336/2291 363/2338/2293
f 1193/2337/2292 363/2338/2293 1194/2339/2294
f 1194/2339/2294 363/2338/2293 362/2340/2295
f 1194/2339/2294 362/2340/2295 361/2341/2296
f 1194/2339/2294 361/2341/2296 1195/2342/2297
f 1195/2342/2297 361/2341/2296 360/2343/2298
f 1195/2342/2297 360/2343/2298 1196/2344/2299
f 1191/2334/2289 1190/2345/2300 1758/2332/2287
f 359/2346/2301 1197/2347/2302 360/2348/2303
f 360/2348/2303 1197/2347/2302 1196/2349/2304
f 358/2350/2305 1760/2351/2306 359/2352/2301
f 359/2352/2301 1760/2351/2306 1198/2353/2307
f 359/2352/2301 1198/2353/2307 1197/2354/2302
f 358/2350/2305 357/2355/2308 1760/2351/2306
f 1760/2351/2306 357/2355/2308 1759/2356/2309
f 1760/2351/2306 1759/2356/2309 1199/2357/2310
f 1199/2357/2310 1759/2356/2309 1200/2358/2311
f 1200/2358/2311 1759/2356/2309 1201/2359/2312
f 1201/2359/2312 1759/2356/2309 1761/2360/2313
f 1201/2359/2312 1761/2360/2313 1202/2361/2314
f 1202/2361/2314 1761/2360/2313 1762/2362/2315
f 1202/2361/2314 1762/2362/2315 1179/2363/2316
f 1179/2363/2316 1762/2362/2315 353/2364/2317
f 353/2364/2317 1762/2362/2315 354/2365/2318
f 354/2365/2318 1762/2362/2315 1761/2360/2313
f 354/2365/2318 1761/2360/2313 355/2366/2319
f 355/2366/2319 1761/2360/2313 1759/2356/2309
f 355/2366/2319 1759/2356/2309 356/2367/2320
f 356/2367/2320 1759/2356/2309 357/2355/2308
f 1199/2357/2310 1198/2353/2307 1760/2351/2306
f 1166/2368/2321 166/2369/2322 1764/2370/2323
f 1764/2370/2323 166/2369/2322 165/2371/2324
f 1764/2370/2323 165/2371/2324 1763/2372/2325
f 1763/2372/2325 165/2371/2324 164/2373/2326
f 1763/2372/2325 164/2373/2326 1765/2374/2327
f 1765/2374/2327 164/2373/2326 163/2375/2328
f 1765/2374/2327 163/2375/2328 162/2376/2329
f 1765/2374/2327 162/2376/2329 1766/2377/2330
f 1766/2377/2330 162/2376/2329 161/2378/2331
f 1766/2377/2330 161/2378/2331 1172/2379/2332
f 1172/2379/2332 161/2378/2331 160/2380/2333
f 1172/2379/2332 1171/2381/2334 1766/2377/2330
f 1766/2377/2330 1171/2381/2334 1170/2382/2335
f 1766/2377/2330 1170/2382/2335 1765/2374/2327
f 1765/2374/2327 1170/2382/2335 1169/2383/2336
f 1765/2374/2327 1169/2383/2336 1168/2384/2337
f 1765/2374/2327 1168/2384/2337 1763/2372/2325
f 1763/2372/2325 1168/2384/2337 1167/2385/2338
f 1763/2372/2325 1167/2385/2338 1764/2370/2323
f 1764/2370/2323 1167/2385/2338 1166/2368/2321
f 168/2386/2339 167/2387/2340 1163/2388/2341
f 1163/2388/2341 167/2387/2340 1164/2389/2342
f 1164/2389/2342 167/2387/2340 166/2390/2322
f 1164/2389/2342 166/2390/2322 1165/2391/2343
f 1165/2391/2343 166/2390/2322 1166/2392/2321
f 160/2393/2333 159/2394/2344 1172/2395/2332
f 1172/2395/2332 159/2394/2344 1173/2396/2345
f 1173/2396/2346 159/2394/2347 1174/2397/2348
f 1174/2397/2348 159/2398/2347 158/2399/2349
f 1174/2397/2348 158/2399/2349 1175/2400/2350
f 1175/2400/2350 158/2399/2349 157/2401/2351
f 1175/2400/2350 157/2401/2351 1176/2402/2352
f 1176/2402/2352 157/2401/2351 1177/2403/2353
f 1177/2403/2353 157/2401/2351 156/2404/2354
f 1177/2403/2353 156/2404/2354 1178/2405/2355
f 1178/2405/2355 156/2404/2354 155/2406/2356
f 1178/2405/2355 155/2406/2356 1155/2407/2357
f 1155/2407/2357 155/2406/2356 1768/2408/2358
f 1768/2408/2358 155/2406/2356 154/2409/2359
f 1768/2408/2358 154/2409/2359 1767/2410/2360
f 1705/2411/2361 197/2412/2362 1769/2413/2363
f 1769/2413/2363 197/2412/2362 196/2414/2364
f 1769/2413/2363 196/2414/2364 1143/2415/2365
f 1143/2415/2365 196/2414/2364 1144/2416/2366
f 1144/2416/2366 196/2414/2364 195/2417/2367
f 1144/2416/2366 195/2417/2367 1145/2418/2368
f 1145/2418/2368 195/2417/2367 194/2419/2369
f 1145/2418/2368 194/2419/2369 1146/2420/2370
f 1146/2420/2370 194/2419/2369 193/2421/2371
f 1146/2420/2370 193/2421/2371 192/2422/2372
f 1146/2420/2370 192/2422/2372 1147/2423/2373
f 1147/2423/2373 192/2422/2372 191/2424/2374
f 1147/2423/2373 191/2424/2374 1148/2425/2375
f 1143/2415/2365 1142/2426/2376 1769/2413/2363
f 190/2427/2377 1149/2428/2378 191/2429/2379
f 191/2429/2379 1149/2428/2378 1148/2430/2380
f 189/2431/2381 1771/2432/2382 190/2433/2377
f 190/2433/2377 1771/2432/2382 1150/2434/2383
f 190/2433/2377 1150/2434/2383 1149/2435/2378
f 189/2431/2381 188/2436/2384 1771/2432/2382
f 1771/2432/2382 188/2436/2384 1770/2437/2385
f 1771/2432/2382 1770/2437/2385 1151/2438/2386
f 1151/2438/2386 1770/2437/2385 1152/2439/2387
f 1152/2439/2387 1770/2437/2385 1153/2440/2388
f 1153/2440/2388 1770/2437/2385 1772/2441/2389
f 1153/2440/2388 1772/2441/2389 1154/2442/2390
f 1154/2442/2390 1772/2441/2389 1773/2443/2391
f 1154/2442/2390 1773/2443/2391 1131/2444/2392
f 1131/2444/2392 1773/2443/2391 184/2445/2393
f 184/2445/2393 1773/2443/2391 185/2446/2394
f 185/2446/2394 1773/2443/2391 1772/2441/2389
f 185/2446/2394 1772/2441/2389 186/2447/2395
f 186/2447/2395 1772/2441/2389 1770/2437/2385
f 186/2447/2395 1770/2437/2385 187/2448/2396
f 187/2448/2396 1770/2437/2385 188/2436/2384
f 1151/2438/2386 1150/2434/2383 1771/2432/2382
f 507/2449/2397 506/2450/2398 1040/2451/2399
f 1040/2451/2399 506/2450/2398 1041/2452/2400
f 1041/2452/2400 506/2450/2398 505/2453/2401
f 1041/2452/2400 505/2453/2401 1042/2454/2402
f 1042/2454/2402 505/2453/2401 504/2455/2403
f 1042/2454/2402 504/2455/2403 1043/2456/2404
f 1043/2456/2404 504/2455/2403 503/2457/2405
f 1043/2456/2404 503/2457/2405 1044/2458/2406
f 511/2459/1958 510/2460/2407 1687/2461/1960
f 1687/2461/1960 510/2460/2407 1774/2462/2408
f 1774/2462/2408 510/2460/2407 509/2463/2409
f 1774/2462/2408 509/2463/2409 1037/2464/2410
f 1037/2464/2410 509/2463/2409 508/2465/2411
f 1037/2464/2410 508/2465/2411 1038/2466/2412
f 1038/2466/2412 508/2465/2411 507/2467/2397
f 1038/2466/2412 507/2467/2397 1039/2468/2413
f 1039/2468/2413 507/2467/2397 1040/2469/2399
f 1783/2470/2414 1015/2471/2415 1780/2472/2416
f 1780/2472/2416 1015/2471/2415 1014/2473/2417
f 1780/2472/2416 1014/2473/2417 1779/2474/2418
f 1779/2474/2418 1014/2473/2417 1013/2475/2419
f 1779/2474/2418 1013/2475/2419 1012/2476/2420
f 1779/2474/2418 1012/2476/2420 1778/2477/2421
f 1778/2477/2421 1012/2476/2420 1011/2478/2422
f 1778/2477/2421 1011/2478/2422 1775/2479/2423
f 1775/2479/2423 1776/2480/2424 1778/2477/2421
f 1778/2477/2421 1776/2480/2424 1777/2481/2425
f 1781/2482/2426 1782/2483/2427 1780/2472/2416
f 1780/2472/2416 1782/2483/2427 1783/2470/2414
f 321/2484/1986 320/2485/2428 1701/2486/1988
f 1701/2486/1988 320/2485/2428 1784/2487/2429
f 1784/2487/2429 320/2485/2428 319/2488/2430
f 1784/2487/2429 319/2488/2430 1077/2489/2431
f 1077/2489/2431 319/2488/2430 318/2490/2432
f 1077/2489/2431 318/2490/2432 1078/2491/2433
f 1078/2491/2433 318/2490/2432 317/2492/2434
f 1078/2491/2433 317/2492/2434 1079/2493/2435
f 1079/2493/2435 317/2492/2434 1080/2494/2436
f 585/2495/2437 584/2496/2438 1000/2497/2439
f 1000/2497/2439 584/2496/2438 1001/2498/2440
f 1001/2498/2440 584/2496/2438 583/2499/2441
f 1001/2498/2440 583/2499/2441 1002/2500/2442
f 1002/2500/2442 583/2499/2441 582/2501/2443
f 1002/2500/2442 582/2501/2443 1003/2502/2444
f 1003/2502/2444 582/2501/2443 581/2503/2445
f 1003/2502/2444 581/2503/2445 1004/2504/2446
f 317/2505/2434 316/2506/2447 1080/2507/2436
f 1080/2507/2436 316/2506/2447 1081/2508/2448
f 1081/2508/2448 316/2506/2447 315/2509/2449
f 1081/2508/2448 315/2509/2449 1082/2510/2450
f 1082/2510/2450 315/2509/2449 314/2511/2451
f 1082/2510/2450 314/2511/2451 1083/2512/2452
f 1083/2512/2452 314/2511/2451 313/2513/2453
f 1083/2512/2452 313/2513/2453 1084/2514/2454
f 589/2515/1930 588/2516/2455 1673/2517/1932
f 1673/2517/1932 588/2516/2455 1785/2518/2456
f 1785/2518/2456 588/2516/2455 587/2519/2457
f 1785/2518/2456 587/2519/2457 997/2520/2458
f 997/2520/2458 587/2519/2457 586/2521/2459
f 997/2520/2458 586/2521/2459 998/2522/2460
f 998/2522/2460 586/2521/2459 585/2523/2437
f 998/2522/2460 585/2523/2437 999/2524/2461
f 999/2524/2461 585/2523/2437 1000/2525/2439
f 1794/2526/2462 975/2527/2463 1791/2528/2464
f 1791/2528/2464 975/2527/2463 974/2529/2465
f 1791/2528/2464 974/2529/2465 1790/2530/2466
f 1790/2530/2466 974/2529/2465 973/2531/2467
f 1790/2530/2466 973/2531/2467 972/2532/2468
f 1790/2530/2466 972/2532/2468 1789/2533/2469
f 1789/2533/2469 972/2532/2468 971/2534/2470
f 1789/2533/2469 971/2534/2470 1786/2535/2471
f 1786/2535/2471 1787/2536/2472 1789/2533/2469
f 1789/2533/2469 1787/2536/2472 1788/2537/2473
f 1792/2538/2474 1793/2539/2475 1791/2528/2464
f 1791/2528/2464 1793/2539/2475 1794/2526/2462
f 212/2540/2014 246/2541/2476 1715/2542/2016
f 1715/2542/2016 246/2541/2476 1795/2543/2477
f 1795/2543/2477 246/2541/2476 245/2544/2478
f 1795/2543/2477 245/2544/2478 1117/2545/2479
f 1117/2545/2479 245/2544/2478 244/2546/2480
f 1117/2545/2479 244/2546/2480 1118/2547/2481
f 1118/2547/2481 244/2546/2480 243/2548/2482
f 1118/2547/2481 243/2548/2482 1119/2549/2483
f 1119/2549/2483 243/2548/2482 1120/2550/2484
f 722/2551/2485 721/2552/2486 960/2553/2487
f 960/2553/2487 721/2552/2486 961/2554/2488
f 961/2554/2488 721/2552/2486 720/2555/2489
f 961/2554/2488 720/2555/2489 962/2556/2490
f 962/2556/2490 720/2555/2489 719/2557/2491
f 962/2556/2490 719/2557/2491 963/2558/2492
f 963/2558/2492 719/2557/2491 718/2559/2493
f 963/2558/2492 718/2559/2493 964/2560/2494
f 243/2561/2482 242/2562/2495 1120/2563/2484
f 1120/2563/2484 242/2562/2495 1121/2564/2496
f 1121/2564/2496 242/2562/2495 241/2565/2497
f 1121/2564/2496 241/2565/2497 1122/2566/2498
f 1122/2566/2498 241/2565/2497 240/2567/2499
f 1122/2566/2498 240/2567/2499 1123/2568/2500
f 1123/2568/2500 240/2567/2499 239/2569/2501
f 1123/2568/2500 239/2569/2501 1124/2570/2502
f 726/2571/1902 725/2572/2503 1659/2573/1904
f 1659/2573/1904 725/2572/2503 1796/2574/2504
f 1796/2574/2504 725/2572/2503 724/2575/2505
f 1796/2574/2504 724/2575/2505 957/2576/2506
f 957/2576/2506 724/2575/2505 723/2577/2507
f 957/2576/2506 723/2577/2507 958/2578/2508
f 958/2578/2508 723/2577/2507 722/2579/2485
f 958/2578/2508 722/2579/2485 959/2580/2509
f 959/2580/2509 722/2579/2485 960/2581/2487
f 957/2582/2510 956/2583/2511 1796/2584/2512
f 1796/2584/2512 956/2583/2511 1801/2585/2513
f 1801/2585/2513 956/2583/2511 955/2586/2514
f 1801/2585/2513 955/2586/2514 1800/2587/2515
f 1800/2587/2515 955/2586/2514 954/2588/2516
f 1800/2587/2515 954/2588/2516 953/2589/2517
f 1800/2587/2515 953/2589/2517 1799/2590/2518
f 1799/2590/2518 953/2589/2517 952/2591/2519
f 1799/2590/2518 952/2591/2519 951/2592/2520
f 1799/2590/2518 951/2592/2520 1798/2593/2521
f 1798/2593/2521 951/2592/2520 950/2594/2522
f 1798/2593/2521 950/2594/2522 1797/2595/2523
f 1797/2595/2523 950/2594/2522 949/2596/2524
f 997/2597/2525 996/2598/2526 1785/2599/2527
f 1785/2599/2527 996/2598/2526 1806/2600/2528
f 1806/2600/2528 996/2598/2526 995/2601/2529
f 1806/2600/2528 995/2601/2529 1805/2602/2530
f 1805/2602/2530 995/2601/2529 994/2603/2531
f 1805/2602/2530 994/2603/2531 993/2604/2532
f 1805/2602/2530 993/2604/2532 1804/2605/2533
f 1804/2605/2533 993/2604/2532 992/2606/2534
f 1804/2605/2533 992/2606/2534 991/2607/2535
f 1804/2605/2533 991/2607/2535 1803/2608/2536
f 1803/2608/2536 991/2607/2535 990/2609/2537
f 1803/2608/2536 990/2609/2537 1802/2610/2538
f 1802/2610/2538 990/2609/2537 989/2611/2539
f 1117/2612/2540 1116/2613/2541 1795/2614/2542
f 1795/2614/2542 1116/2613/2541 1811/2615/2543
f 1811/2615/2543 1116/2613/2541 1115/2616/2544
f 1811/2615/2543 1115/2616/2544 1810/2617/2545
f 1810/2617/2545 1115/2616/2544 1114/2618/2546
f 1810/2617/2545 1114/2618/2546 1113/2619/2547
f 1810/2617/2545 1113/2619/2547 1809/2620/2548
f 1809/2620/2548 1113/2619/2547 1112/2621/2549
f 1809/2620/2548 1112/2621/2549 1111/2622/2550
f 1809/2620/2548 1111/2622/2550 1808/2623/2551
f 1808/2623/2551 1111/2622/2550 1110/2624/2552
f 1808/2623/2551 1110/2624/2552 1807/2625/2553
f 1807/2625/2553 1110/2624/2552 1109/2626/2554
f 1037/2627/2555 1036/2628/2556 1774/2629/2557
f 1774/2629/2557 1036/2628/2556 1816/2630/2558
f 1816/2630/2558 1036/2628/2556 1035/2631/2559
f 1816/2630/2558 1035/2631/2559 1815/2632/2560
f 1815/2632/2560 1035/2631/2559 1034/2633/2561
f 1815/2632/2560 1034/2633/2561 1033/2634/2562
f 1815/2632/2560 1033/2634/2562 1814/2635/2563
f 1814/2635/2563 1033/2634/2562 1032/2636/2564
f 1814/2635/2563 1032/2636/2564 1031/2637/2565
f 1814/2635/2563 1031/2637/2565 1813/2638/2566
f 1813/2638/2566 1031/2637/2565 1030/2639/2567
f 1813/2638/2566 1030/2639/2567 1812/2640/2568
f 1812/2640/2568 1030/2639/2567 1029/2641/2569
f 1077/2642/2570 1076/2643/2571 1784/2644/2572
f 1784/2644/2572 1076/2643/2571 1821/2645/2573
f 1821/2645/2573 1076/2643/2571 1075/2646/2574
f 1821/2645/2573 1075/2646/2574 1820/2647/2575
f 1820/2647/2575 1075/2646/2574 1074/2648/2576
f 1820/2647/2575 1074/2648/2576 1073/2649/2577
f 1820/2647/2575 1073/2649/2577 1819/2650/2578
f 1819/2650/2578 1073/2649/2577 1072/2651/2579
f 1819/2650/2578 1072/2651/2579 1071/2652/2580
f 1819/2650/2578 1071/2652/2580 1818/2653/2581
f 1818/2653/2581 1071/2652/2580 1070/2654/2582
f 1818/2653/2581 1070/2654/2582 1817/2655/2583
f 1817/2655/2583 1070/2654/2582 1069/2656/2584
f 1141/2657/2585 1823/2658/2586 1142/2659/2587
f 1142/2659/2587 1823/2658/2586 1824/2660/2588
f 1142/2659/2587 1824/2660/2588 1769/2661/2589
f 1141/2657/2585 1822/2662/2590 1823/2658/2586
f 1189/2663/2591 1826/2664/2592 1190/2665/2593
f 1190/2665/2593 1826/2664/2592 1827/2666/2594
f 1190/2665/2593 1827/2666/2594 1758/2667/2595
f 1189/2663/2591 1825/2668/2596 1826/2664/2592
f 1155/2669/2597 1828/2670/2598 1156/2671/2599
f 1156/2671/2599 1828/2670/2598 1829/2672/2600
f 1156/2671/2599 1829/2672/2600 1830/2673/2601
f 1155/2669/2597 1768/2674/2602 1828/2670/2598
f 1237/2675/2603 1832/2676/2604 1238/2677/2605
f 1238/2677/2605 1832/2676/2604 1833/2678/2606
f 1238/2677/2605 1833/2678/2606 1747/2679/2607
f 1237/2675/2603 1831/2680/2608 1832/2676/2604
f 1226/2681/2609 1834/2682/2610 1203/2683/2611
f 1203/2683/2611 1834/2682/2610 1835/2684/2612
f 1203/2683/2611 1835/2684/2612 1836/2685/2613
f 1226/2681/2609 1757/2686/2614 1834/2682/2610
f 1285/2687/2615 1838/2688/2616 1286/2689/2617
f 1286/2689/2617 1838/2688/2616 1839/2690/2618
f 1286/2689/2617 1839/2690/2618 1736/2691/2619
f 1285/2687/2615 1837/2692/2620 1838/2688/2616
f 1274/2693/2621 1840/2694/2622 1251/2695/2623
f 1251/2695/2623 1840/2694/2622 1841/2696/2624
f 1251/2695/2623 1841/2696/2624 1842/2697/2625
f 1274/2693/2621 1746/2698/2626 1840/2694/2622
f 1333/2699/2627 1844/2700/2628 1334/2701/2629
f 1334/2701/2629 1844/2700/2628 1845/2702/2630
f 1334/2701/2629 1845/2702/2630 1725/2703/2631
f 1333/2699/2627 1843/2704/2632 1844/2700/2628
f 1322/2705/2633 1846/2706/2634 1299/2707/2635
f 1299/2707/2635 1846/2706/2634 1847/2708/2636
f 1299/2707/2635 1847/2708/2636 1848/2709/2637
f 1322/2705/2633 1735/2710/2638 1846/2706/2634
f 1850/2711/2639 1618/2712/2640 1849/2713/2641
f 1849/2713/2641 1618/2712/2640 1617/2714/2642
f 1849/2713/2641 1617/2714/2642 1616/2715/2643
f 1851/2716/2644 1620/2717/2645 1850/2711/2639
f 1850/2711/2639 1620/2717/2645 1619/2718/2646
f 1850/2711/2639 1619/2718/2646 1618/2712/2640
f 1620/2717/2645 1851/2716/2644 1621/2719/2647
f 1621/2719/2647 1851/2716/2644 1852/2720/2648
f 1621/2719/2647 1852/2720/2648 1622/2721/2649
f 1622/2721/2649 1852/2720/2648 1623/2722/2650
f 1623/2722/2650 1852/2720/2648 1853/2723/2651
f 1623/2722/2650 1853/2723/2651 1624/2724/2652
f 1624/2724/2652 1853/2723/2651 1625/2725/2653
f 1625/2725/2653 1853/2723/2651 1854/2726/2654
f 1625/2725/2653 1854/2726/2654 1626/2727/2655
f 1626/2727/2655 1854/2726/2654 1627/2728/2656
f 1627/2728/2656 1854/2726/2654 1855/2729/2657
f 1627/2728/2656 1855/2729/2657 1628/2730/2658
f 1628/2730/2658 1855/2729/2657 1629/2731/2659
f 1629/2731/2659 1855/2729/2657 1856/2732/2660
f 1629/2731/2659 1856/2732/2660 1630/2733/2661
f 1630/2733/2661 1856/2732/2660 1857/2734/2662
f 1630/2733/2661 1857/2734/2662 1631/2735/2663
f 1631/2735/2663 1857/2734/2662 1632/2736/2664
f 1632/2736/2664 1857/2734/2662 1858/2737/2665
f 1632/2736/2664 1858/2737/2665 1633/2738/2666
f 1633/2738/2666 1858/2737/2665 1634/2739/2667
f 1634/2739/2667 1858/2737/2665 1859/2740/2668
f 1634/2739/2667 1859/2740/2668 1635/2741/2669
f 1635/2741/2669 1859/2740/2668 1636/2742/2670
f 1636/2742/2670 1859/2740/2668 1860/2743/2671
f 1636/2742/2670 1860/2743/2671 1637/2744/2672
f 1637/2744/2672 1860/2743/2671 1861/2745/2673
f 1637/2744/2672 1861/2745/2673 1638/2746/2674
f 1638/2746/2674 1861/2745/2673 1639/2747/2675
f 1639/2747/2675 1861/2745/2673 1862/2748/2676
f 1639/2747/2675 1862/2748/2676 1640/2749/2677
f 1640/2749/2677 1862/2748/2676 1641/2750/2678
f 1641/2750/2678 1862/2748/2676 1863/2751/2679
f 1641/2750/2678 1863/2751/2679 1642/2752/2680
f 1642/2752/2680 1863/2751/2679 1643/2753/2681
f 1643/2753/2681 1863/2751/2679 1864/2754/2682
f 1643/2753/2681 1864/2754/2682 1644/2755/2683
f 1644/2755/2683 1864/2754/2682 1645/2756/2684
f 1645/2756/2684 1864/2754/2682 1865/2757/2685
f 1645/2756/2684 1865/2757/2685 1646/2758/2686
f 1646/2758/2686 1865/2757/2685 1866/2759/2687
f 1646/2758/2686 1866/2759/2687 1647/2760/2688
f 1647/2760/2688 1866/2759/2687 1648/2761/2689
f 1648/2761/2689 1866/2759/2687 1867/2762/2690
f 1648/2761/2689 1867/2762/2690 1585/2763/2691
f 1585/2764/2691 1867/2765/2690 1586/2766/2692
f 1586/2766/2692 1867/2765/2690 1868/2767/2693
f 1586/2766/2692 1868/2767/2693 1587/2768/2694
f 1587/2768/2694 1868/2767/2693 1588/2769/2695
f 1588/2769/2695 1868/2767/2693 1869/2770/2696
f 1588/2769/2695 1869/2770/2696 1589/2771/2697
f 1589/2771/2697 1869/2770/2696 1870/2772/2698
f 1589/2771/2697 1870/2772/2698 1590/2773/2699
f 1590/2773/2699 1870/2772/2698 1591/2774/2700
f 1591/2774/2700 1870/2772/2698 1871/2775/2701
f 1591/2774/2700 1871/2775/2701 1592/2776/2702
f 1592/2776/2702 1871/2775/2701 1593/2777/2703
f 1593/2777/2703 1871/2775/2701 1872/2778/2704
f 1593/2777/2703 1872/2778/2704 1594/2779/2705
f 1594/2779/2705 1872/2778/2704 1595/2780/2706
f 1595/2780/2706 1872/2778/2704 1873/2781/2707
f 1595/2780/2706 1873/2781/2707 1596/2782/2708
f 1596/2782/2708 1873/2781/2707 1597/2783/2709
f 1597/2783/2709 1873/2781/2707 1874/2784/2710
f 1597/2783/2709 1874/2784/2710 1598/2785/2711
f 1598/2785/2711 1874/2784/2710 1875/2786/2712
f 1598/2785/2711 1875/2786/2712 1599/2787/2713
f 1599/2787/2713 1875/2786/2712 1600/2788/2714
f 1600/2788/2714 1875/2786/2712 1876/2789/2715
f 1600/2788/2714 1876/2789/2715 1601/2790/2716
f 1601/2790/2716 1876/2789/2715 1602/2791/2717
f 1602/2791/2717 1876/2789/2715 1877/2792/2718
f 1602/2791/2717 1877/2792/2718 1603/2793/2719
f 1603/2793/2719 1877/2792/2718 1604/2794/2720
f 1604/2794/2720 1877/2792/2718 1878/2795/2721
f 1604/2794/2720 1878/2795/2721 1605/2796/2722
f 1605/2796/2722 1878/2795/2721 1879/2797/2723
f 1605/2796/2722 1879/2797/2723 1606/2798/2724
f 1606/2798/2724 1879/2797/2723 1607/2799/2725
f 1607/2799/2725 1879/2797/2723 1880/2800/2726
f 1607/2799/2725 1880/2800/2726 1608/2801/2727
f 1608/2801/2727 1880/2800/2726 1609/2802/2728
f 1609/2802/2728 1880/2800/2726 1881/2803/2729
f 1609/2802/2728 1881/2803/2729 1610/2804/2730
f 1610/2804/2730 1881/2803/2729 1611/2805/2731
f 1611/2805/2731 1881/2803/2729 1882/2806/2732
f 1611/2805/2731 1882/2806/2732 1612/2807/2733
f 1612/2807/2733 1882/2806/2732 1613/2808/2734
f 1613/2808/2734 1882/2806/2732 1883/2809/2735
f 1613/2808/2734 1883/2809/2735 1614/2810/2736
f 1614/2810/2736 1883/2809/2735 1884/2811/2737
f 1614/2810/2736 1884/2811/2737 1615/2812/2738
f 1615/2812/2738 1884/2811/2737 1616/2715/2643
f 1616/2715/2643 1884/2811/2737 1849/2713/2641
f 711/2813/2739 710/2814/2740 1889/2815/2741
f 1889/2815/2741 710/2814/2740 1888/2816/2742
f 1888/2816/2742 710/2814/2740 709/2817/2743
f 1888/2816/2742 709/2817/2743 1887/2818/2744
f 1887/2818/2744 709/2817/2743 708/2819/2745
f 1887/2818/2744 708/2819/2745 1886/2820/2746
f 1886/2820/2746 708/2819/2745 707/2821/2747
f 1886/2820/2746 707/2821/2747 1885/2822/2748
f 727/2823/2749 1890/2824/2750 728/2825/2751
f 728/2825/2751 1890/2824/2750 1723/2826/2752
f 780/2827/2753 779/2828/2754 1895/2829/2755
f 1895/2829/2755 779/2828/2754 1894/2830/2756
f 1894/2830/2756 779/2828/2754 778/2831/2757
f 1894/2830/2756 778/2831/2757 1893/2832/2758
f 1893/2832/2758 778/2831/2757 777/2833/2759
f 1893/2832/2758 777/2833/2759 776/2834/2760
f 1893/2832/2758 776/2834/2760 1892/2835/2761
f 1892/2835/2761 776/2834/2760 775/2836/2762
f 1892/2835/2761 775/2836/2762 774/2837/2763
f 1892/2835/2761 774/2837/2763 1891/2838/2764
f 1891/2838/2764 774/2837/2763 773/2839/2765
f 1891/2838/2764 773/2839/2765 1650/2840/1879
f 1650/2840/1879 773/2839/2765 772/2841/1877
f 781/2842/2766 1332/2843/2767 782/2844/2768
f 782/2844/2768 1332/2843/2767 1331/2845/2769
f 782/2844/2768 1331/2845/2769 1330/2846/2770
f 780/2847/2753 1843/2848/2771 781/2842/2766
f 781/2842/2766 1843/2848/2771 1333/2849/2772
f 781/2842/2766 1333/2849/2772 1332/2843/2767
f 780/2847/2753 1895/2850/2755 1843/2848/2771
f 727/2851/2749 755/2852/2773 1890/2853/2750
f 1890/2853/2750 755/2852/2773 1900/2854/2774
f 1900/2854/2774 755/2852/2773 754/2855/2775
f 1900/2854/2774 754/2855/2775 1899/2856/2776
f 1899/2856/2776 754/2855/2775 753/2857/2777
f 1899/2856/2776 753/2857/2777 752/2858/2778
f 1899/2856/2776 752/2858/2778 1898/2859/2779
f 1898/2859/2779 752/2858/2778 751/2860/2780
f 1898/2859/2779 751/2860/2780 750/2861/2781
f 1898/2859/2779 750/2861/2781 1897/2862/2782
f 1897/2862/2782 750/2861/2781 749/2863/2783
f 1897/2862/2782 749/2863/2783 1896/2864/2784
f 1896/2864/2784 749/2863/2783 748/2865/2785
f 1896/2866/2784 748/2867/2785 1901/2868/2786
f 1901/2868/2786 748/2867/2785 747/2869/2787
f 1901/2868/2786 747/2869/2787 1347/2870/2788
f 1347/2870/2788 747/2869/2787 1348/2871/2789
f 1348/2871/2789 747/2869/2787 746/2872/2790
f 1348/2871/2789 746/2872/2790 1349/2873/2791
f 1349/2873/2791 746/2872/2790 1350/2874/2792
f 746/2875/2790 745/2876/2793 1350/2877/2792
f 1350/2877/2792 745/2876/2793 1351/2878/2794
f 1351/2878/2794 745/2876/2793 744/2879/2795
f 1351/2878/2794 744/2879/2795 1352/2880/2796
f 1352/2880/2796 744/2879/2795 743/2881/2797
f 1352/2880/2796 743/2881/2797 1353/2882/2798
f 1353/2882/2798 743/2881/2797 742/2883/2052
f 1353/2882/2798 742/2883/2052 1354/2884/2054
f 757/2885/2799 1325/2886/2800 758/2887/2089
f 758/2887/2089 1325/2886/2800 1324/2888/2801
f 758/2887/2089 1324/2888/2801 1323/2889/2088
f 756/2890/2802 1326/2891/2803 757/2885/2799
f 757/2885/2799 1326/2891/2803 1325/2886/2800
f 1326/2892/2803 756/2893/2802 1327/2894/2804
f 1327/2894/2804 756/2893/2802 785/2895/2805
f 1327/2894/2804 785/2895/2805 1328/2896/2806
f 1328/2896/2806 785/2895/2805 784/2897/2807
f 1328/2896/2806 784/2897/2807 1329/2898/2808
f 1329/2898/2808 784/2897/2807 783/2899/2809
f 1329/2898/2808 783/2899/2809 1330/2900/2770
f 1330/2900/2770 783/2899/2809 782/2901/2768
f 718/2902/2493 717/2903/2810 964/2904/2494
f 964/2904/2494 717/2903/2810 965/2905/2811
f 965/2905/2811 717/2903/2810 716/2906/2812
f 965/2905/2811 716/2906/2812 715/2907/2813
f 714/2908/2814 967/2909/2815 715/2907/2813
f 715/2907/2813 967/2909/2815 966/2910/2816
f 715/2907/2813 966/2910/2816 965/2905/2811
f 969/2911/2817 968/2912/2818 714/2908/2814
f 714/2908/2814 968/2912/2818 967/2909/2815
f 969/2913/2817 714/2914/2814 970/2915/2819
f 970/2915/2819 714/2914/2814 713/2916/2820
f 970/2915/2819 713/2916/2820 971/2917/2821
f 971/2917/2821 713/2916/2820 712/2918/2822
f 971/2917/2821 712/2918/2822 1786/2919/2823
f 1786/2919/2823 712/2918/2822 1787/2920/2824
f 1787/2920/2824 712/2918/2822 711/2921/2825
f 1787/2920/2824 711/2921/2825 1889/2922/2826
f 1889/2922/2826 1788/2923/2827 1787/2920/2824
f 1885/2924/2828 707/2925/2829 1793/2926/2830
f 1793/2926/2830 707/2925/2829 706/2927/2831
f 1793/2926/2830 706/2927/2831 1794/2928/2832
f 1794/2928/2832 706/2927/2831 975/2929/2833
f 975/2929/2833 706/2927/2831 705/2930/2834
f 975/2929/2833 705/2930/2834 976/2931/2835
f 976/2931/2835 705/2930/2834 704/2932/2836
f 976/2931/2835 704/2932/2836 977/2933/2837
f 1793/2926/2830 1792/2934/2838 1885/2924/2828
f 703/2935/2839 979/2936/2840 704/2937/2836
f 704/2937/2836 979/2936/2840 978/2938/2841
f 704/2937/2836 978/2938/2841 977/2939/2837
f 702/2940/2842 981/2941/2843 703/2935/2839
f 703/2935/2839 981/2941/2843 980/2942/2844
f 703/2935/2839 980/2942/2844 979/2936/2840
f 702/2940/2842 701/2943/2845 981/2941/2843
f 981/2941/2843 701/2943/2845 982/2944/2846
f 982/2944/2846 701/2943/2845 700/2945/2847
f 982/2946/2846 700/2947/2847 983/2948/2848
f 983/2948/2848 700/2947/2847 699/2949/2849
f 983/2948/2848 699/2949/2849 984/2950/2850
f 984/2950/2850 699/2949/2849 698/2951/2851
f 984/2950/2850 698/2951/2851 985/2952/2852
f 985/2952/2852 698/2951/2851 697/2953/2853
f 985/2952/2852 697/2953/2853 986/2954/2854
f 986/2954/2854 697/2953/2853 696/2955/2855
f 695/2956/2856 988/2957/2857 696/2958/2855
f 696/2958/2855 988/2957/2857 987/2959/2858
f 696/2958/2855 987/2959/2858 986/2960/2854
f 988/2957/2857 695/2956/2856 989/2961/2859
f 989/2961/2859 695/2956/2856 694/2962/2860
f 989/2961/2859 694/2962/2860 1802/2963/2861
f 1802/2963/2861 694/2962/2860 693/2964/2862
f 1802/2963/2861 693/2964/2862 1655/2965/1881
f 1655/2965/1881 693/2964/2862 692/2966/1882
f 574/2967/2863 573/2968/2864 1906/2969/2865
f 1906/2969/2865 573/2968/2864 1905/2970/2866
f 1905/2970/2866 573/2968/2864 572/2971/2867
f 1905/2970/2866 572/2971/2867 1904/2972/2868
f 1904/2972/2868 572/2971/2867 571/2973/2869
f 1904/2972/2868 571/2973/2869 1903/2974/2870
f 1903/2974/2870 571/2973/2869 570/2975/2871
f 1903/2974/2870 570/2975/2871 1902/2976/2872
f 590/2977/2873 1907/2978/2874 591/2979/2875
f 591/2979/2875 1907/2978/2874 1734/2980/2876
f 643/2981/2877 642/2982/2878 1912/2983/2879
f 1912/2983/2879 642/2982/2878 1911/2984/2880
f 1911/2984/2880 642/2982/2878 641/2985/2881
f 1911/2984/2880 641/2985/2881 1910/2986/2882
f 1910/2986/2882 641/2985/2881 640/2987/2883
f 1910/2986/2882 640/2987/2883 639/2988/2884
f 1910/2986/2882 639/2988/2884 1909/2989/2885
f 1909/2989/2885 639/2988/2884 638/2990/2886
f 1909/2989/2885 638/2990/2886 637/2991/2887
f 1909/2989/2885 637/2991/2887 1908/2992/2888
f 1908/2992/2888 637/2991/2887 636/2993/2889
f 1908/2992/2888 636/2993/2889 1664/2994/1907
f 1664/2994/1907 636/2993/2889 635/2995/1905
f 644/2996/2890 1284/2997/2891 645/2998/2892
f 645/2998/2892 1284/2997/2891 1283/2999/2893
f 645/2998/2892 1283/2999/2893 1282/3000/2894
f 643/3001/2877 1837/3002/2895 644/2996/2890
f 644/2996/2890 1837/3002/2895 1285/3003/2896
f 644/2996/2890 1285/3003/2896 1284/2997/2891
f 643/3001/2877 1912/3004/2879 1837/3002/2895
f 590/3005/2873 618/3006/2897 1907/3007/2874
f 1907/3007/2874 618/3006/2897 1917/3008/2898
f 1917/3008/2898 618/3006/2897 617/3009/2899
f 1917/3008/2898 617/3009/2899 1916/3010/2900
f 1916/3010/2900 617/3009/2899 616/3011/2901
f 1916/3010/2900 616/3011/2901 615/3012/2902
f 1916/3010/2900 615/3012/2902 1915/3013/2903
f 1915/3013/2903 615/3012/2902 614/3014/2904
f 1915/3013/2903 614/3014/2904 613/3015/2905
f 1915/3013/2903 613/3015/2905 1914/3016/2906
f 1914/3016/2906 613/3015/2905 612/3017/2907
f 1914/3016/2906 612/3017/2907 1913/3018/2908
f 1913/3018/2908 612/3017/2907 611/3019/2909
f 1913/3020/2908 611/3021/2909 1848/3022/2910
f 1848/3022/2910 611/3021/2909 610/3023/2911
f 1848/3022/2910 610/3023/2911 1299/3024/2912
f 1299/3024/2912 610/3023/2911 1300/3025/2913
f 1300/3025/2913 610/3023/2911 609/3026/2914
f 1300/3025/2913 609/3026/2914 1301/3027/2915
f 1301/3027/2915 609/3026/2914 1302/3028/2916
f 609/3029/2914 608/3030/2917 1302/3031/2916
f 1302/3031/2916 608/3030/2917 1303/3032/2918
f 1303/3032/2918 608/3030/2917 607/3033/2919
f 1303/3032/2918 607/3033/2919 1304/3034/2920
f 1304/3034/2920 607/3033/2919 606/3035/2921
f 1304/3034/2920 606/3035/2921 1305/3036/2922
f 1305/3036/2922 606/3035/2921 605/3037/2128
f 1305/3036/2922 605/3037/2128 1306/3038/2130
f 620/3039/2923 1277/3040/2924 621/3041/2165
f 621/3041/2165 1277/3040/2924 1276/3042/2925
f 621/3041/2165 1276/3042/2925 1275/3043/2164
f 619/3044/2926 1278/3045/2927 620/3039/2923
f 620/3039/2923 1278/3045/2927 1277/3040/2924
f 1278/3046/2927 619/3047/2926 1279/3048/2928
f 1279/3048/2928 619/3047/2926 648/3049/2929
f 1279/3048/2928 648/3049/2929 1280/3050/2930
f 1280/3050/2930 648/3049/2929 647/3051/2931
f 1280/3050/2930 647/3051/2931 1281/3052/2932
f 1281/3052/2932 647/3051/2931 646/3053/2933
f 1281/3052/2932 646/3053/2933 1282/3054/2894
f 1282/3054/2894 646/3053/2933 645/3055/2892
f 581/3056/2445 580/3057/2934 1004/3058/2446
f 1004/3058/2446 580/3057/2934 1005/3059/2935
f 1005/3059/2935 580/3057/2934 579/3060/2936
f 1005/3059/2935 579/3060/2936 578/3061/2937
f 577/3062/2938 1007/3063/2939 578/3061/2937
f 578/3061/2937 1007/3063/2939 1006/3064/2940
f 578/3061/2937 1006/3064/2940 1005/3059/2935
f 1009/3065/2941 1008/3066/2942 577/3062/2938
f 577/3062/2938 1008/3066/2942 1007/3063/2939
f 1009/3067/2941 577/3068/2938 1010/3069/2943
f 1010/3069/2943 577/3068/2938 576/3070/2944
f 1010/3069/2943 576/3070/2944 1011/3071/2945
f 1011/3071/2945 576/3070/2944 575/3072/2946
f 1011/3071/2945 575/3072/2946 1775/3073/2947
f 1775/3073/2947 575/3072/2946 1776/3074/2948
f 1776/3074/2948 575/3072/2946 574/3075/2949
f 1776/3074/2948 574/3075/2949 1906/3076/2950
f 1906/3076/2950 1777/3077/2951 1776/3074/2948
f 1902/3078/2952 570/3079/2953 1782/3080/2954
f 1782/3080/2954 570/3079/2953 569/3081/2955
f 1782/3080/2954 569/3081/2955 1783/3082/2956
f 1783/3082/2956 569/3081/2955 1015/3083/2957
f 1015/3083/2957 569/3081/2955 568/3084/2958
f 1015/3083/2957 568/3084/2958 1016/3085/2959
f 1016/3085/2959 568/3084/2958 567/3086/2960
f 1016/3085/2959 567/3086/2960 1017/3087/2961
f 1782/3080/2954 1781/3088/2962 1902/3078/2952
f 566/3089/2963 1019/3090/2964 567/3091/2960
f 567/3091/2960 1019/3090/2964 1018/3092/2965
f 567/3091/2960 1018/3092/2965 1017/3093/2961
f 565/3094/2966 1021/3095/2967 566/3089/2963
f 566/3089/2963 1021/3095/2967 1020/3096/2968
f 566/3089/2963 1020/3096/2968 1019/3090/2964
f 565/3094/2966 564/3097/2969 1021/3095/2967
f 1021/3095/2967 564/3097/2969 1022/3098/2970
f 1022/3098/2970 564/3097/2969 563/3099/2971
f 1022/3100/2970 563/3101/2971 1023/3102/2972
f 1023/3102/2972 563/3101/2971 562/3103/2973
f 1023/3102/2972 562/3103/2973 1024/3104/2974
f 1024/3104/2974 562/3103/2973 561/3105/2975
f 1024/3104/2974 561/3105/2975 1025/3106/2976
f 1025/3106/2976 561/3105/2975 560/3107/2977
f 1025/3106/2976 560/3107/2977 1026/3108/2978
f 1026/3108/2978 560/3107/2977 559/3109/2979
f 558/3110/2980 1028/3111/2981 559/3112/2979
f 559/3112/2979 1028/3111/2981 1027/3113/2982
f 559/3112/2979 1027/3113/2982 1026/3114/2978
f 1028/3111/2981 558/3110/2980 1029/3115/2983
f 1029/3115/2983 558/3110/2980 557/3116/2984
f 1029/3115/2983 557/3116/2984 1812/3117/2985
f 1812/3117/2985 557/3116/2984 556/3118/2986
f 1812/3117/2985 556/3118/2986 1669/3119/1909
f 1669/3119/1909 556/3118/2986 555/3120/1910
f 496/3121/2987 495/3122/2988 1922/3123/2989
f 1922/3123/2989 495/3122/2988 1921/3124/2990
f 1921/3124/2990 495/3122/2988 494/3125/2991
f 1921/3124/2990 494/3125/2991 1920/3126/2992
f 1920/3126/2992 494/3125/2991 493/3127/2993
f 1920/3126/2992 493/3127/2993 1919/3128/2994
f 1919/3128/2994 493/3127/2993 492/3129/2995
f 1919/3128/2994 492/3129/2995 1918/3130/2996
f 448/3131/2997 1923/3132/2998 449/3133/2999
f 449/3133/2999 1923/3132/2998 1745/3134/3000
f 442/3135/3001 441/3136/3002 1928/3137/3003
f 1928/3137/3003 441/3136/3002 1927/3138/3004
f 1927/3138/3004 441/3136/3002 440/3139/3005
f 1927/3138/3004 440/3139/3005 1926/3140/3006
f 1926/3140/3006 440/3139/3005 439/3141/3007
f 1926/3140/3006 439/3141/3007 438/3142/3008
f 1926/3140/3006 438/3142/3008 1925/3143/3009
f 1925/3143/3009 438/3142/3008 437/3144/3010
f 1925/3143/3009 437/3144/3010 436/3145/3011
f 1925/3143/3009 436/3145/3011 1924/3146/3012
f 1924/3146/3012 436/3145/3011 435/3147/3013
f 1924/3146/3012 435/3147/3013 1678/3148/1935
f 1678/3148/1935 435/3147/3013 434/3149/1933
f 443/3150/3014 1236/3151/3015 444/3152/3016
f 444/3152/3016 1236/3151/3015 1235/3153/3017
f 444/3152/3016 1235/3153/3017 1234/3154/3018
f 442/3155/3001 1831/3156/3019 443/3150/3014
f 443/3150/3014 1831/3156/3019 1237/3157/3020
f 443/3150/3014 1237/3157/3020 1236/3151/3015
f 442/3155/3001 1928/3158/3003 1831/3156/3019
f 448/3159/2997 476/3160/3021 1923/3161/2998
f 1923/3161/2998 476/3160/3021 1933/3162/3022
f 1933/3162/3022 476/3160/3021 475/3163/3023
f 1933/3162/3022 475/3163/3023 1932/3164/3024
f 1932/3164/3024 475/3163/3023 474/3165/3025
f 1932/3164/3024 474/3165/3025 473/3166/3026
f 1932/3164/3024 473/3166/3026 1931/3167/3027
f 1931/3167/3027 473/3166/3026 472/3168/3028
f 1931/3167/3027 472/3168/3028 471/3169/3029
f 1931/3167/3027 471/3169/3029 1930/3170/3030
f 1930/3170/3030 471/3169/3029 470/3171/3031
f 1930/3170/3030 470/3171/3031 1929/3172/3032
f 1929/3172/3032 470/3171/3031 469/3173/3033
f 1929/3174/3032 469/3175/3033 1842/3176/3034
f 1842/3176/3034 469/3175/3033 468/3177/3035
f 1842/3176/3034 468/3177/3035 1251/3178/3036
f 1251/3178/3036 468/3177/3035 1252/3179/3037
f 1252/3179/3037 468/3177/3035 467/3180/3038
f 1252/3179/3037 467/3180/3038 1253/3181/3039
f 1253/3181/3039 467/3180/3038 1254/3182/3040
f 467/3183/3038 466/3184/3041 1254/3185/3040
f 1254/3185/3040 466/3184/3041 1255/3186/3042
f 1255/3186/3042 466/3184/3041 465/3187/3043
f 1255/3186/3042 465/3187/3043 1256/3188/3044
f 1256/3188/3044 465/3187/3043 464/3189/3045
f 1256/3188/3044 464/3189/3045 1257/3190/3046
f 1257/3190/3046 464/3189/3045 463/3191/2204
f 1257/3190/3046 463/3191/2204 1258/3192/2206
f 419/3193/3047 1229/3194/3048 420/3195/2241
f 420/3195/2241 1229/3194/3048 1228/3196/3049
f 420/3195/2241 1228/3196/3049 1227/3197/2240
f 418/3198/3050 1230/3199/3051 419/3193/3047
f 419/3193/3047 1230/3199/3051 1229/3194/3048
f 1230/3200/3051 418/3201/3050 1231/3202/3052
f 1231/3202/3052 418/3201/3050 447/3203/3053
f 1231/3202/3052 447/3203/3053 1232/3204/3054
f 1232/3204/3054 447/3203/3053 446/3205/3055
f 1232/3204/3054 446/3205/3055 1233/3206/3056
f 1233/3206/3056 446/3205/3055 445/3207/3057
f 1233/3206/3056 445/3207/3057 1234/3208/3018
f 1234/3208/3018 445/3207/3057 444/3209/3016
f 503/3210/2405 502/3211/3058 1044/3212/2406
f 1044/3212/2406 502/3211/3058 1045/3213/3059
f 1045/3213/3059 502/3211/3058 501/3214/3060
f 1045/3213/3059 501/3214/3060 500/3215/3061
f 499/3216/3062 1047/3217/3063 500/3215/3061
f 500/3215/3061 1047/3217/3063 1046/3218/3064
f 500/3215/3061 1046/3218/3064 1045/3213/3059
f 1049/3219/3065 1048/3220/3066 499/3216/3062
f 499/3216/3062 1048/3220/3066 1047/3217/3063
f 1049/3221/3065 499/3222/3062 1050/3223/3067
f 1050/3223/3067 499/3222/3062 498/3224/3068
f 1050/3223/3067 498/3224/3068 1051/3225/3069
f 1051/3225/3069 498/3224/3068 497/3226/3070
f 1051/3225/3069 497/3226/3070 1936/3227/3071
f 1936/3227/3071 497/3226/3070 1935/3228/3072
f 1935/3228/3072 497/3226/3070 496/3229/3073
f 1935/3228/3072 496/3229/3073 1922/3230/3074
f 1922/3230/3074 1934/3231/3075 1935/3228/3072
f 1918/3232/3076 492/3233/3077 1938/3234/3078
f 1938/3234/3078 492/3233/3077 491/3235/3079
f 1938/3234/3078 491/3235/3079 1937/3236/3080
f 1937/3236/3080 491/3235/3079 1055/3237/3081
f 1055/3237/3081 491/3235/3079 490/3238/3082
f 1055/3237/3081 490/3238/3082 1056/3239/3083
f 1056/3239/3083 490/3238/3082 489/3240/3084
f 1056/3239/3083 489/3240/3084 1057/3241/3085
f 1938/3234/3078 1939/3242/3086 1918/3232/3076
f 488/3243/3087 1059/3244/3088 489/3245/3084
f 489/3245/3084 1059/3244/3088 1058/3246/3089
f 489/3245/3084 1058/3246/3089 1057/3247/3085
f 487/3248/3090 1061/3249/3091 488/3243/3087
f 488/3243/3087 1061/3249/3091 1060/3250/3092
f 488/3243/3087 1060/3250/3092 1059/3244/3088
f 487/3248/3090 486/3251/3093 1061/3249/3091
f 1061/3249/3091 486/3251/3093 1062/3252/3094
f 1062/3252/3094 486/3251/3093 485/3253/3095
f 1062/3254/3094 485/3255/3095 1063/3256/3096
f 1063/3256/3096 485/3255/3095 484/3257/3097
f 1063/3256/3096 484/3257/3097 1064/3258/3098
f 1064/3258/3098 484/3257/3097 483/3259/3099
f 1064/3258/3098 483/3259/3099 1065/3260/3100
f 1065/3260/3100 483/3259/3099 482/3261/3101
f 1065/3260/3100 482/3261/3101 1066/3262/3102
f 1066/3262/3102 482/3261/3101 481/3263/3103
f 480/3264/3104 1068/3265/3105 481/3266/3103
f 481/3266/3103 1068/3265/3105 1067/3267/3106
f 481/3266/3103 1067/3267/3106 1066/3268/3102
f 1068/3265/3105 480/3264/3104 1069/3269/3107
f 1069/3269/3107 480/3264/3104 479/3270/3108
f 1069/3269/3107 479/3270/3108 1817/3271/3109
f 1817/3271/3109 479/3270/3108 478/3272/3110
f 1817/3271/3109 478/3272/3110 1683/3273/1937
f 1683/3273/1937 478/3272/3110 477/3274/1938
f 1937/3275/3111 1055/3276/3112 1942/3277/3113
f 1942/3277/3113 1055/3276/3112 1054/3278/3114
f 1942/3277/3113 1054/3278/3114 1941/3279/3115
f 1941/3279/3115 1054/3278/3114 1053/3280/3116
f 1941/3279/3115 1053/3280/3116 1052/3281/3117
f 1941/3279/3115 1052/3281/3117 1940/3282/3118
f 1940/3282/3118 1052/3281/3117 1051/3283/3119
f 1940/3282/3118 1051/3283/3119 1936/3284/3120
f 1936/3284/3120 1935/3285/3121 1940/3282/3118
f 1940/3282/3118 1935/3285/3121 1934/3286/3122
f 1939/3287/3123 1938/3288/3124 1942/3277/3113
f 1942/3277/3113 1938/3288/3124 1937/3275/3111
f 306/3289/3125 305/3290/3126 1947/3291/3127
f 1947/3291/3127 305/3290/3126 1946/3292/3128
f 1946/3292/3128 305/3290/3126 304/3293/3129
f 1946/3292/3128 304/3293/3129 1945/3294/3130
f 1945/3294/3130 304/3293/3129 303/3295/3131
f 1945/3294/3130 303/3295/3131 1944/3296/3132
f 1944/3296/3132 303/3295/3131 302/3297/3133
f 1944/3296/3132 302/3297/3133 1943/3298/3134
f 322/3299/3135 1948/3300/3136 323/3301/3137
f 323/3301/3137 1948/3300/3136 1756/3302/3138
f 375/3303/3139 374/3304/3140 1953/3305/3141
f 1953/3305/3141 374/3304/3140 1952/3306/3142
f 1952/3306/3142 374/3304/3140 373/3307/3143
f 1952/3306/3142 373/3307/3143 1951/3308/3144
f 1951/3308/3144 373/3307/3143 372/3309/3145
f 1951/3308/3144 372/3309/3145 371/3310/3146
f 1951/3308/3144 371/3310/3146 1950/3311/3147
f 1950/3311/3147 371/3310/3146 370/3312/3148
f 1950/3311/3147 370/3312/3148 369/3313/3149
f 1950/3311/3147 369/3313/3149 1949/3314/3150
f 1949/3314/3150 369/3313/3149 368/3315/3151
f 1949/3314/3150 368/3315/3151 1692/3316/1963
f 1692/3316/1963 368/3315/3151 367/3317/1961
f 376/3318/3152 1188/3319/3153 377/3320/3154
f 377/3320/3154 1188/3319/3153 1187/3321/3155
f 377/3320/3154 1187/3321/3155 1186/3322/3156
f 375/3323/3139 1825/3324/3157 376/3318/3152
f 376/3318/3152 1825/3324/3157 1189/3325/3158
f 376/3318/3152 1189/3325/3158 1188/3319/3153
f 375/3323/3139 1953/3326/3141 1825/3324/3157
f 322/3327/3135 350/3328/3159 1948/3329/3136
f 1948/3329/3136 350/3328/3159 1958/3330/3160
f 1958/3330/3160 350/3328/3159 349/3331/3161
f 1958/3330/3160 349/3331/3161 1957/3332/3162
f 1957/3332/3162 349/3331/3161 348/3333/3163
f 1957/3332/3162 348/3333/3163 347/3334/3164
f 1957/3332/3162 347/3334/3164 1956/3335/3165
f 1956/3335/3165 347/3334/3164 346/3336/3166
f 1956/3335/3165 346/3336/3166 345/3337/3167
f 1956/3335/3165 345/3337/3167 1955/3338/3168
f 1955/3338/3168 345/3337/3167 344/3339/3169
f 1955/3338/3168 344/3339/3169 1954/3340/3170
f 1954/3340/3170 344/3339/3169 343/3341/3171
f 1954/3342/3170 343/3343/3171 1836/3344/3172
f 1836/3344/3172 343/3343/3171 342/3345/3173
f 1836/3344/3172 342/3345/3173 1203/3346/3174
f 1203/3346/3174 342/3345/3173 1204/3347/3175
f 1204/3347/3175 342/3345/3173 341/3348/3176
f 1204/3347/3175 341/3348/3176 1205/3349/3177
f 1205/3349/3177 341/3348/3176 1206/3350/3178
f 341/3351/3176 340/3352/3179 1206/3353/3178
f 1206/3353/3178 340/3352/3179 1207/3354/3180
f 1207/3354/3180 340/3352/3179 339/3355/3181
f 1207/3354/3180 339/3355/3181 1208/3356/3182
f 1208/3356/3182 339/3355/3181 338/3357/3183
f 1208/3356/3182 338/3357/3183 1209/3358/3184
f 1209/3358/3184 338/3357/3183 337/3359/2280
f 1209/3358/3184 337/3359/2280 1210/3360/2282
f 352/3361/3185 1181/3362/3186 353/3363/2317
f 353/3363/2317 1181/3362/3186 1180/3364/3187
f 353/3363/2317 1180/3364/3187 1179/3365/2316
f 351/3366/3188 1182/3367/3189 352/3361/3185
f 352/3361/3185 1182/3367/3189 1181/3362/3186
f 1182/3368/3189 351/3369/3188 1183/3370/3190
f 1183/3370/3190 351/3369/3188 380/3371/3191
f 1183/3370/3190 380/3371/3191 1184/3372/3192
f 1184/3372/3192 380/3371/3191 379/3373/3193
f 1184/3372/3192 379/3373/3193 1185/3374/3194
f 1185/3374/3194 379/3373/3193 378/3375/3195
f 1185/3374/3194 378/3375/3195 1186/3376/3156
f 1186/3376/3156 378/3375/3195 377/3377/3154
f 313/3378/2453 312/3379/3196 1084/3380/2454
f 1084/3380/2454 312/3379/3196 1085/3381/3197
f 1085/3381/3197 312/3379/3196 311/3382/3198
f 1085/3381/3197 311/3382/3198 310/3383/3199
f 309/3384/3200 1087/3385/3201 310/3383/3199
f 310/3383/3199 1087/3385/3201 1086/3386/3202
f 310/3383/3199 1086/3386/3202 1085/3381/3197
f 1089/3387/3203 1088/3388/3204 309/3384/3200
f 309/3384/3200 1088/3388/3204 1087/3385/3201
f 1089/3389/3203 309/3390/3200 1090/3391/3205
f 1090/3391/3205 309/3390/3200 308/3392/3206
f 1090/3391/3205 308/3392/3206 1091/3393/3207
f 1091/3393/3207 308/3392/3206 307/3394/3208
f 1091/3393/3207 307/3394/3208 1961/3395/3209
f 1961/3395/3209 307/3394/3208 1960/3396/3210
f 1960/3396/3210 307/3394/3208 306/3397/3211
f 1960/3396/3210 306/3397/3211 1947/3398/3212
f 1947/3398/3212 1959/3399/3213 1960/3396/3210
f 1943/3400/3214 302/3401/3215 1963/3402/3216
f 1963/3402/3216 302/3401/3215 301/3403/3217
f 1963/3402/3216 301/3403/3217 1962/3404/3218
f 1962/3404/3218 301/3403/3217 1095/3405/3219
f 1095/3405/3219 301/3403/3217 300/3406/3220
f 1095/3405/3219 300/3406/3220 1096/3407/3221
f 1096/3407/3221 300/3406/3220 299/3408/3222
f 1096/3407/3221 299/3408/3222 1097/3409/3223
f 1963/3402/3216 1964/3410/3224 1943/3400/3214
f 298/3411/3225 1099/3412/3226 299/3413/3222
f 299/3413/3222 1099/3412/3226 1098/3414/3227
f 299/3413/3222 1098/3414/3227 1097/3415/3223
f 297/3416/3228 1101/3417/3229 298/3411/3225
f 298/3411/3225 1101/3417/3229 1100/3418/3230
f 298/3411/3225 1100/3418/3230 1099/3412/3226
f 297/3416/3228 296/3419/3231 1101/3417/3229
f 1101/3417/3229 296/3419/3231 1102/3420/3232
f 1102/3420/3232 296/3419/3231 295/3421/3233
f 1102/3422/3232 295/3423/3233 1103/3424/3234
f 1103/3424/3234 295/3423/3233 294/3425/3235
f 1103/3424/3234 294/3425/3235 1104/3426/3236
f 1104/3426/3236 294/3425/3235 293/3427/3237
f 1104/3426/3236 293/3427/3237 1105/3428/3238
f 1105/3428/3238 293/3427/3237 292/3429/3239
f 1105/3428/3238 292/3429/3239 1106/3430/3240
f 1106/3430/3240 292/3429/3239 291/3431/3241
f 290/3432/3242 1108/3433/3243 291/3434/3241
f 291/3434/3241 1108/3433/3243 1107/3435/3244
f 291/3434/3241 1107/3435/3244 1106/3436/3240
f 1108/3433/3243 290/3432/3242 1109/3437/3245
f 1109/3437/3245 290/3432/3242 289/3438/3246
f 1109/3437/3245 289/3438/3246 1807/3439/3247
f 1807/3439/3247 289/3438/3246 288/3440/3248
f 1807/3439/3247 288/3440/3248 1697/3441/1965
f 1697/3441/1965 288/3440/3248 287/3442/1966
f 1962/3443/3249 1095/3444/3250 1967/3445/3251
f 1967/3445/3251 1095/3444/3250 1094/3446/3252
f 1967/3445/3251 1094/3446/3252 1966/3447/3253
f 1966/3447/3253 1094/3446/3252 1093/3448/3254
f 1966/3447/3253 1093/3448/3254 1092/3449/3255
f 1966/3447/3253 1092/3449/3255 1965/3450/3256
f 1965/3450/3256 1092/3449/3255 1091/3451/3257
f 1965/3450/3256 1091/3451/3257 1961/3452/3258
f 1961/3452/3258 1960/3453/3259 1965/3450/3256
f 1965/3450/3256 1960/3453/3259 1959/3454/3260
f 1964/3455/3261 1963/3456/3262 1967/3445/3251
f 1967/3445/3251 1963/3456/3262 1962/3443/3249
f 112/3457/3263 1792/3458/3264 89/3459/3265
f 89/3460/3265 1792/3461/3264 1791/3462/3266
f 89/3460/3265 1791/3462/3266 90/3463/3267
f 90/3463/3267 1791/3462/3266 1790/3464/3268
f 90/3463/3267 1790/3464/3268 91/3465/3269
f 91/3465/3269 1790/3464/3268 1789/3466/3270
f 91/3465/3269 1789/3466/3270 1788/3467/3271
f 111/3468/3272 1777/3469/3273 112/3457/3263
f 112/3457/3263 1777/3469/3273 1983/3470/3274
f 112/3457/3263 1983/3470/3274 1984/3471/3275
f 1777/3469/3273 111/3468/3272 1778/3472/3276
f 1778/3472/3276 111/3468/3272 110/3473/3277
f 1778/3472/3276 110/3473/3277 1779/3474/3278
f 1779/3474/3278 110/3473/3277 109/3475/3279
f 1779/3474/3278 109/3475/3279 1780/3476/3280
f 1780/3476/3280 109/3475/3279 108/3477/3281
f 1780/3476/3280 108/3477/3281 1781/3478/3282
f 1781/3478/3282 108/3477/3281 1982/3479/3283
f 1781/3478/3282 1982/3479/3283 1902/3480/3284
f 108/3477/3281 107/3481/3285 1982/3479/3283
f 1982/3479/3283 107/3481/3285 1981/3482/3286
f 1981/3482/3286 107/3481/3285 1934/3483/3287
f 1981/3482/3286 1934/3483/3287 1922/3484/3288
f 107/3481/3285 106/3485/3289 1934/3483/3287
f 1934/3483/3287 106/3485/3289 1940/3486/3290
f 1940/3486/3290 106/3485/3289 105/3487/3291
f 1940/3486/3290 105/3487/3291 1941/3488/3292
f 1941/3488/3292 105/3487/3291 104/3489/3293
f 1941/3488/3292 104/3489/3293 1942/3490/3294
f 1942/3490/3294 104/3489/3293 103/3491/3295
f 1942/3490/3294 103/3491/3295 1939/3492/3296
f 1939/3492/3296 103/3491/3295 1980/3493/3297
f 1939/3492/3296 1980/3493/3297 1918/3494/3298
f 103/3491/3295 102/3495/3299 1980/3493/3297
f 1980/3493/3297 102/3495/3299 1979/3496/3300
f 1979/3496/3300 102/3495/3299 1959/3497/3301
f 1979/3496/3300 1959/3497/3301 1947/3498/3302
f 102/3495/3299 101/3499/3303 1959/3497/3301
f 1959/3497/3301 101/3499/3303 1965/3500/3304
f 1965/3500/3304 101/3499/3303 100/3501/3305
f 1965/3500/3304 100/3501/3305 1966/3502/3306
f 1966/3502/3306 100/3501/3305 99/3503/3307
f 1966/3502/3306 99/3503/3307 1967/3504/3308
f 1967/3504/3308 99/3503/3307 1964/3505/3309
f 1964/3505/3309 99/3503/3307 98/3506/3310
f 1964/3505/3309 98/3506/3310 1943/3507/3311
f 1943/3507/3311 98/3506/3310 1978/3508/3312
f 1978/3508/3312 98/3506/3310 97/3509/3313
f 1978/3508/3312 97/3509/3313 1977/3510/3314
f 1977/3510/3314 97/3509/3313 1976/3511/3315
f 1976/3511/3315 97/3509/3313 1975/3512/3316
f 1975/3512/3316 97/3509/3313 96/3513/3317
f 1975/3512/3316 96/3513/3317 1974/3514/3318
f 1974/3514/3318 96/3513/3317 95/3515/3319
f 1974/3514/3318 95/3515/3319 1973/3516/3320
f 1973/3516/3320 95/3515/3319 1972/3517/3321
f 1972/3517/3321 95/3515/3319 94/3518/3322
f 1972/3517/3321 94/3518/3322 1971/3519/3323
f 1971/3519/3323 94/3518/3322 93/3520/3324
f 1971/3519/3323 93/3520/3324 1969/3521/3325
f 1969/3521/3325 93/3520/3324 1968/3522/3326
f 1968/3522/3326 93/3520/3324 92/3523/3327
f 1968/3522/3326 92/3523/3327 1889/3524/3328
f 1889/3524/3328 92/3523/3327 1788/3467/3271
f 1788/3467/3271 92/3523/3327 91/3465/3269
f 1885/3525/3329 1792/3458/3264 1984/3471/3275
f 1984/3471/3275 1792/3458/3264 112/3457/3263
f 1969/3521/3325 1970/3526/3330 1971/3519/3323
f 1777/3469/3273 1906/3527/3331 1983/3470/3274
f 1986/3528/3332 2045/3529/3333 1985/3530/3334
f 1985/3530/3334 2045/3529/3333 2046/3531/3335
f 1985/3530/3334 2046/3531/3335 2023/3532/3336
f 2023/3532/3336 2046/3531/3335 2047/3533/3337
f 2023/3532/3336 2047/3533/3337 2022/3534/3338
f 2022/3534/3338 2047/3533/3337 2048/3535/3339
f 2022/3534/3338 2048/3535/3339 2021/3536/3340
f 2021/3536/3340 2048/3535/3339 2049/3537/3341
f 2021/3536/3340 2049/3537/3341 2020/3538/3342
f 2020/3538/3342 2049/3537/3341 2050/3539/3343
f 2020/3538/3342 2050/3539/3343 2019/3540/3344
f 2019/3540/3344 2050/3539/3343 2051/3541/3345
f 2019/3540/3344 2051/3541/3345 2018/3542/3346
f 2018/3542/3346 2051/3541/3345 2052/3543/3347
f 2018/3542/3346 2052/3543/3347 2017/3544/3348
f 2017/3544/3348 2052/3543/3347 2053/3545/3349
f 2017/3544/3348 2053/3545/3349 2016/3546/3350
f 2016/3546/3350 2053/3545/3349 2054/3547/3351
f 2016/3546/3350 2054/3547/3351 2015/3548/3352
f 2015/3548/3352 2054/3547/3351 2055/3549/3353
f 2015/3548/3352 2055/3549/3353 2014/3550/3354
f 2014/3550/3354 2055/3549/3353 2056/3551/3355
f 2014/3550/3354 2056/3551/3355 2013/3552/3356
f 2013/3552/3356 2056/3551/3355 2057/3553/3357
f 2013/3552/3356 2057/3553/3357 2012/3554/3358
f 2012/3554/3358 2057/3553/3357 2058/3555/3359
f 2012/3554/3358 2058/3555/3359 2011/3556/3360
f 2011/3556/3360 2058/3555/3359 2059/3557/3361
f 2011/3556/3360 2059/3557/3361 2010/3558/3362
f 2010/3558/3362 2059/3557/3361 2060/3559/3363
f 2010/3558/3362 2060/3559/3363 2009/3560/3364
f 2009/3560/3364 2060/3559/3363 2061/3561/3365
f 2009/3560/3364 2061/3561/3365 2008/3562/3366
f 2008/3562/3366 2061/3561/3365 2024/3563/3367
f 2008/3562/3366 2024/3563/3367 2007/3564/3368
f 2007/3564/3368 2024/3563/3367 2025/3565/3369
f 2007/3564/3368 2025/3565/3369 2006/3566/3370
f 2006/3566/3370 2025/3565/3369 2026/3567/3371
f 2006/3566/3370 2026/3567/3371 2005/3568/3372
f 2005/3568/3372 2026/3567/3371 2027/3569/3373
f 2005/3568/3372 2027/3569/3373 2004/3570/3374
f 2004/3570/3374 2027/3569/3373 2028/3571/3375
f 2004/3570/3374 2028/3571/3375 2003/3572/3376
f 2003/3572/3376 2028/3571/3375 2029/3573/3377
f 2003/3572/3376 2029/3573/3377 2002/3574/3378
f 2002/3574/3378 2029/3573/3377 2030/3575/3379
f 2002/3574/3378 2030/3575/3379 2001/3576/3380
f 2001/3576/3380 2030/3575/3379 2000/3577/3381
f 2000/3577/3381 2030/3575/3379 2031/3578/3382
f 2000/3577/3381 2031/3578/3382 1999/3579/3383
f 1999/3579/3383 2031/3578/3382 2032/3580/3384
f 1999/3579/3383 2032/3580/3384 1998/3581/3385
f 1998/3581/3385 2032/3580/3384 2033/3582/3386
f 1998/3581/3385 2033/3582/3386 1997/3583/3387
f 1997/3583/3387 2033/3582/3386 2034/3584/3388
f 1997/3583/3387 2034/3584/3388 1996/3585/3389
f 1996/3585/3389 2034/3584/3388 2035/3586/3390
f 1996/3585/3389 2035/3586/3390 1995/3587/3391
f 1995/3587/3391 2035/3586/3390 2036/3588/3392
f 1995/3587/3391 2036/3588/3392 1994/3589/3393
f 1994/3589/3393 2036/3588/3392 2037/3590/3394
f 1994/3589/3393 2037/3590/3394 1993/3591/3395
f 1993/3591/3395 2037/3590/3394 2038/3592/3396
f 1993/3591/3395 2038/3592/3396 1992/3593/3397
f 1992/3593/3397 2038/3592/3396 2039/3594/3398
f 1992/3593/3397 2039/3594/3398 1991/3595/3399
f 1991/3595/3399 2039/3594/3398 2040/3596/3400
f 1991/3595/3399 2040/3596/3400 1990/3597/3401
f 1990/3597/3401 2040/3596/3400 2041/3598/3402
f 1990/3597/3401 2041/3598/3402 1989/3599/3403
f 1989/3599/3403 2041/3598/3402 2042/3600/3404
f 1989/3599/3403 2042/3600/3404 1988/3601/3405
f 1988/3601/3405 2042/3600/3404 2043/3602/3406
f 1988/3601/3405 2043/3602/3406 1987/3603/3407
f 1987/3603/3407 2043/3602/3406 2044/3604/3408
f 1987/3603/3407 2044/3604/3408 1986/3528/3332
f 1986/3528/3332 2044/3604/3408 2045/3529/3333
f 2063/3605/3409 2024/3606/3410 2062/3607/3411
f 2062/3607/3411 2024/3606/3410 2061/3608/3412
f 2062/3607/3411 2061/3608/3412 2099/3609/3413
f 2099/3609/3413 2061/3608/3412 2060/3610/3414
f 2099/3609/3413 2060/3610/3414 2098/3611/3415
f 2098/3611/3415 2060/3610/3414 2059/3612/3416
f 2098/3611/3415 2059/3612/3416 2097/3613/3417
f 2097/3613/3417 2059/3612/3416 2058/3614/3418
f 2097/3613/3417 2058/3614/3418 2096/3615/3419
f 2096/3615/3419 2058/3614/3418 2057/3616/3420
f 2096/3615/3419 2057/3616/3420 2095/3617/3421
f 2095/3617/3421 2057/3616/3420 2056/3618/3422
f 2095/3617/3421 2056/3618/3422 2094/3619/3423
f 2094/3619/3423 2056/3618/3422 2055/3620/3424
f 2094/3619/3423 2055/3620/3424 2093/3621/3425
f 2093/3621/3425 2055/3620/3424 2054/3622/3426
f 2093/3621/3425 2054/3622/3426 2092/3623/3427
f 2092/3623/3427 2054/3622/3426 2053/3624/3428
f 2092/3623/3427 2053/3624/3428 2091/3625/3429
f 2091/3625/3429 2053/3624/3428 2052/3626/3430
f 2091/3625/3429 2052/3626/3430 2090/3627/3431
f 2090/3627/3431 2052/3626/3430 2051/3628/3432
f 2090/3627/3431 2051/3628/3432 2089/3629/3433
f 2089/3629/3433 2051/3628/3432 2050/3630/3434
f 2089/3629/3433 2050/3630/3434 2088/3631/3435
f 2088/3631/3435 2050/3630/3434 2049/3632/3436
f 2088/3631/3435 2049/3632/3436 2087/3633/3437
f 2087/3633/3437 2049/3632/3436 2048/3634/3438
f 2087/3633/3437 2048/3634/3438 2086/3635/3439
f 2086/3635/3439 2048/3634/3438 2047/3636/3440
f 2086/3635/3439 2047/3636/3440 2085/3637/3441
f 2085/3637/3441 2047/3636/3440 2046/3638/3442
f 2085/3637/3441 2046/3638/3442 2084/3639/3443
f 2084/3639/3443 2046/3638/3442 2045/3640/3444
f 2084/3639/3443 2045/3640/3444 2083/3641/3445
f 2083/3641/3445 2045/3640/3444 2044/3642/3446
f 2083/3641/3445 2044/3642/3446 2082/3643/3447
f 2082/3643/3447 2044/3642/3446 2043/3644/3448
f 2082/3643/3447 2043/3644/3448 2081/3645/3449
f 2081/3645/3449 2043/3644/3448 2042/3646/3450
f 2081/3645/3449 2042/3646/3450 2080/3647/3451
f 2080/3647/3451 2042/3646/3450 2041/3648/3452
f 2080/3647/3451 2041/3648/3452 2079/3649/3453
f 2079/3649/3453 2041/3648/3452 2040/3650/3454
f 2079/3649/3453 2040/3650/3454 2078/3651/3455
f 2078/3651/3455 2040/3650/3454 2039/3652/3456
f 2078/3651/3455 2039/3652/3456 2077/3653/3457
f 2077/3653/3457 2039/3652/3456 2038/3654/3458
f 2077/3653/3457 2038/3654/3458 2076/3655/3459
f 2076/3655/3459 2038/3654/3458 2037/3656/3460
f 2076/3655/3459 2037/3656/3460 2075/3657/3461
f 2075/3657/3461 2037/3656/3460 2036/3658/3462
f 2075/3657/3461 2036/3658/3462 2074/3659/3463
f 2074/3659/3463 2036/3658/3462 2035/3660/3464
f 2074/3659/3463 2035/3660/3464 2073/3661/3465
f 2073/3661/3465 2035/3660/3464 2034/3662/3466
f 2073/3661/3465 2034/3662/3466 2072/3663/3467
f 2072/3663/3467 2034/3662/3466 2033/3664/3468
f 2072/3663/3467 2033/3664/3468 2071/3665/3469
f 2071/3665/3469 2033/3664/3468 2032/3666/3470
f 2071/3665/3469 2032/3666/3470 2070/3667/3471
f 2070/3667/3471 2032/3666/3470 2031/3668/3472
f 2070/3667/3471 2031/3668/3472 2069/3669/3473
f 2069/3669/3473 2031/3668/3472 2030/3670/3474
f 2069/3669/3473 2030/3670/3474 2068/3671/3475
f 2068/3671/3475 2030/3670/3474 2029/3672/3476
f 2068/3671/3475 2029/3672/3476 2067/3673/3477
f 2067/3673/3477 2029/3672/3476 2028/3674/3478
f 2067/3673/3477 2028/3674/3478 2066/3675/3479
f 2066/3675/3479 2028/3674/3478 2027/3676/3480
f 2066/3675/3479 2027/3676/3480 2065/3677/3481
f 2065/3678/3481 2027/3679/3480 2026/3680/3482
f 2065/3678/3481 2026/3680/3482 2064/3681/3483
f 2064/3681/3483 2026/3680/3482 2025/3682/3484
f 2064/3681/3483 2025/3682/3484 2063/3605/3409
f 2063/3605/3409 2025/3682/3484 2024/3606/3410
f 2124/3683/3485 1652/3684/3486 2134/3685/3487
f 2134/3685/3487 1652/3684/3486 1651/3686/3488
f 2134/3685/3487 1651/3686/3488 2133/3687/3489
f 2133/3687/3489 1651/3686/3488 1658/3688/3490
f 2133/3687/3489 1658/3688/3490 1657/3689/3491
f 2133/3687/3489 1657/3689/3491 2132/3690/3492
f 2132/3690/3492 1657/3689/3491 1656/3691/3493
f 2132/3690/3492 1656/3691/3493 2131/3692/3494
f 2131/3692/3494 1656/3691/3493 1662/3693/3495
f 2131/3692/3494 1662/3693/3495 2100/3694/3496
f 2131/3692/3494 2100/3694/3496 2130/3695/3497
f 2130/3695/3497 2100/3694/3496 2101/3696/3498
f 2130/3695/3497 2101/3696/3498 2129/3697/3499
f 2129/3697/3499 2101/3696/3498 2102/3698/3500
f 2129/3697/3499 2102/3698/3500 2128/3699/3501
f 2128/3699/3501 2102/3698/3500 2103/3700/3502
f 2128/3699/3501 2103/3700/3502 2104/3701/3503
f 2128/3699/3501 2104/3701/3503 2127/3702/3504
f 2127/3702/3504 2104/3701/3503 1708/3703/3505
f 2127/3702/3504 1708/3703/3505 1707/3704/3506
f 2127/3702/3504 1707/3704/3506 2126/3705/3507
f 2126/3705/3507 1707/3704/3506 1714/3706/3508
f 2126/3705/3507 1714/3706/3508 2125/3707/3509
f 2125/3707/3509 1714/3706/3508 1713/3708/3510
f 2125/3707/3509 1713/3708/3510 2162/3709/3511
f 2162/3709/3511 1713/3708/3510 1712/3710/3512
f 2162/3709/3511 1712/3710/3512 2161/3711/3513
f 2161/3711/3513 1712/3710/3512 1718/3712/3514
f 2161/3711/3513 1718/3712/3514 2105/3713/3515
f 2161/3711/3513 2105/3713/3515 2160/3714/3516
f 2160/3714/3516 2105/3713/3515 2106/3715/3517
f 2160/3714/3516 2106/3715/3517 2107/3716/3518
f 2160/3714/3516 2107/3716/3518 2159/3717/3519
f 2159/3717/3519 2107/3716/3518 2108/3718/3520
f 2159/3717/3519 2108/3718/3520 2158/3719/3521
f 2158/3719/3521 2108/3718/3520 2109/3720/3522
f 2158/3719/3521 2109/3720/3522 2157/3721/3523
f 2157/3721/3523 2109/3720/3522 1694/3722/3524
f 2157/3721/3523 1694/3722/3524 1693/3723/3525
f 2157/3721/3523 1693/3723/3525 2156/3724/3526
f 2156/3724/3526 1693/3723/3525 1700/3725/3527
f 2156/3724/3526 1700/3725/3527 2155/3726/3528
f 2155/3726/3528 1700/3725/3527 1699/3727/3529
f 2155/3726/3528 1699/3727/3529 1698/3728/3530
f 2155/3726/3528 1698/3728/3530 2154/3729/3531
f 2154/3729/3531 1698/3728/3530 1704/3730/3532
f 2154/3729/3531 1704/3730/3532 2110/3731/3533
f 2154/3729/3531 2110/3731/3533 2153/3732/3534
f 2153/3732/3534 2110/3731/3533 2111/3733/3535
f 2153/3732/3534 2111/3733/3535 2152/3734/3536
f 2152/3734/3536 2111/3733/3535 2112/3735/3537
f 2152/3734/3536 2112/3735/3537 2151/3736/3538
f 2151/3736/3538 2112/3735/3537 2113/3737/3539
f 2151/3736/3538 2113/3737/3539 2150/3738/3540
f 2150/3738/3540 2113/3737/3539 2114/3739/3541
f 2150/3738/3540 2114/3739/3541 1679/3740/3542
f 1679/3740/3542 2114/3739/3541 1680/3741/3543
f 2150/3738/3540 1679/3740/3542 2149/3742/3544
f 2149/3742/3544 1679/3740/3542 1686/3743/3545
f 2149/3742/3544 1686/3743/3545 2148/3744/3546
f 2148/3744/3546 1686/3743/3545 1685/3745/3547
f 2148/3744/3546 1685/3745/3547 2147/3746/3548
f 2147/3746/3548 1685/3745/3547 1684/3747/3549
f 2147/3746/3548 1684/3747/3549 2146/3748/3550
f 2146/3748/3550 1684/3747/3549 1690/3749/3551
f 2146/3748/3550 1690/3749/3551 2115/3750/3552
f 2146/3748/3550 2115/3750/3552 2145/3751/3553
f 2145/3751/3553 2115/3750/3552 2116/3752/3554
f 2145/3751/3553 2116/3752/3554 2144/3753/3555
f 2144/3753/3555 2116/3752/3554 2117/3754/3556
f 2144/3755/3555 2117/3756/3556 2118/3757/3557
f 2144/3755/3555 2118/3757/3557 2143/3758/3558
f 2143/3758/3558 2118/3757/3557 2119/3759/3559
f 2143/3758/3558 2119/3759/3559 2142/3760/3560
f 2142/3760/3560 2119/3759/3559 1666/3761/3561
f 2142/3760/3560 1666/3761/3561 1665/3762/3562
f 2142/3760/3560 1665/3762/3562 2141/3763/3563
f 2141/3763/3563 1665/3762/3562 1672/3764/3564
f 2141/3763/3563 1672/3764/3564 2140/3765/3565
f 2140/3765/3565 1672/3764/3564 1671/3766/3566
f 2140/3765/3565 1671/3766/3566 2139/3767/3567
f 2139/3767/3567 1671/3766/3566 1670/3768/3568
f 2139/3767/3567 1670/3768/3568 2120/3769/3569
f 2120/3769/3569 1670/3768/3568 1676/3770/3570
f 2139/3767/3567 2120/3769/3569 2138/3771/3571
f 2138/3771/3571 2120/3769/3569 2121/3772/3572
f 2138/3771/3571 2121/3772/3572 2137/3773/3573
f 2137/3773/3573 2121/3772/3572 2122/3774/3574
f 2137/3773/3573 2122/3774/3574 2136/3775/3575
f 2136/3775/3575 2122/3774/3574 2123/3776/3576
f 2136/3775/3575 2123/3776/3576 2135/3777/3577
f 2135/3777/3577 2123/3776/3576 2124/3683/3485
f 2135/3777/3577 2124/3683/3485 2134/3685/3487
f 1370/3778/3578 2163/3779/3579 1347/3780/3580
f 1347/3780/3580 2163/3779/3579 2164/3781/3581
f 1347/3780/3580 2164/3781/3581 1901/3782/3582
f 1370/3778/3578 1724/3783/3583 2163/3779/3579
f 1662/3784/3584 1661/3785/3585 2100/3786/3586
f 2100/3786/3586 1661/3785/3585 1660/3787/3587
f 2100/3786/3586 1660/3787/3587 1659/3788/3588
f 1659/3788/3588 1796/3789/3589 2100/3786/3586
f 2100/3786/3586 1796/3789/3589 1801/3790/3590
f 2100/3786/3586 1801/3790/3590 2101/3791/3591
f 2101/3791/3591 1801/3790/3590 1800/3792/3592
f 2101/3791/3591 1800/3792/3592 2102/3793/3593
f 2102/3793/3593 1800/3792/3592 1799/3794/3594
f 2102/3793/3593 1799/3794/3594 2103/3795/3595
f 2103/3795/3595 1799/3794/3594 1798/3796/3596
f 2103/3795/3595 1798/3796/3596 2104/3797/3597
f 2104/3797/3597 1798/3796/3596 1797/3798/3598
f 2104/3797/3597 1797/3798/3598 1711/3799/3599
f 1711/3799/3599 1710/3800/3600 2104/3797/3597
f 2104/3797/3597 1710/3800/3600 1709/3801/3601
f 2104/3797/3597 1709/3801/3601 1708/3802/3602
f 1808/3803/3603 1807/3804/3604 2109/3805/3605
f 2109/3805/3605 1807/3804/3604 1697/3806/3606
f 2109/3805/3605 1697/3806/3606 1696/3807/3607
f 1696/3807/3607 1695/3808/3608 2109/3805/3605
f 2109/3805/3605 1695/3808/3608 1694/3809/3609
f 2109/3805/3605 2108/3810/3610 1808/3803/3603
f 1808/3803/3603 2108/3810/3610 1809/3811/3611
f 1809/3811/3611 2108/3810/3610 2107/3812/3612
f 1809/3811/3611 2107/3812/3612 1810/3813/3613
f 1810/3813/3613 2107/3812/3612 2106/3814/3614
f 1810/3813/3613 2106/3814/3614 1811/3815/3615
f 1811/3815/3615 2106/3814/3614 2105/3816/3616
f 1811/3815/3615 2105/3816/3616 1795/3817/3617
f 1795/3817/3617 2105/3816/3616 1715/3818/3618
f 1715/3818/3618 2105/3816/3616 1716/3819/3619
f 1716/3819/3619 2105/3816/3616 1717/3820/3620
f 1717/3820/3620 2105/3816/3616 1718/3821/3621
f 1758/3822/3622 1827/3823/3623 1691/3824/3624
f 1691/3824/3624 1827/3823/3623 1826/3825/3625
f 1691/3824/3624 1826/3825/3625 1692/3826/3626
f 1692/3826/3626 1826/3825/3625 1952/3827/3627
f 1692/3826/3626 1952/3827/3627 1951/3828/3628
f 1825/3829/3629 1953/3830/3630 1826/3825/3625
f 1826/3825/3625 1953/3830/3630 1952/3827/3627
f 1951/3828/3628 1950/3831/3631 1692/3826/3626
f 1692/3826/3626 1950/3831/3631 1949/3832/3632
f 1836/3833/3633 1835/3834/3634 1954/3835/3635
f 1954/3835/3635 1835/3834/3634 1955/3836/3636
f 1955/3836/3636 1835/3834/3634 1956/3837/3637
f 1956/3837/3637 1835/3834/3634 1957/3838/3638
f 1957/3838/3638 1835/3834/3634 1958/3839/3639
f 1958/3839/3639 1835/3834/3634 1948/3840/3640
f 1948/3840/3640 1835/3834/3634 1834/3841/3641
f 1948/3840/3640 1834/3841/3641 1756/3842/3642
f 1756/3842/3642 1834/3841/3641 1757/3843/3643
f 1817/3844/3644 1683/3845/3645 1818/3846/3646
f 1818/3846/3646 1683/3845/3645 1682/3847/3647
f 1818/3846/3646 1682/3847/3647 2114/3848/3648
f 2114/3848/3648 1682/3847/3647 1681/3849/3649
f 2114/3848/3648 1681/3849/3649 1680/3850/3650
f 1818/3846/3646 2114/3848/3648 1819/3851/3651
f 1819/3851/3651 2114/3848/3648 2113/3852/3652
f 1819/3851/3651 2113/3852/3652 1820/3853/3653
f 1820/3853/3653 2113/3852/3652 2112/3854/3654
f 1820/3853/3653 2112/3854/3654 1821/3855/3655
f 1821/3855/3655 2112/3854/3654 2111/3856/3656
f 1821/3855/3655 2111/3856/3656 2110/3857/3657
f 1704/3858/3658 1703/3859/3659 2110/3857/3657
f 2110/3857/3657 1703/3859/3659 1702/3860/3660
f 2110/3857/3657 1702/3860/3660 1701/3861/3661
f 1701/3861/3661 1784/3862/3662 2110/3857/3657
f 2110/3857/3657 1784/3862/3662 1821/3855/3655
f 1747/3863/3663 1833/3864/3664 1677/3865/3665
f 1677/3865/3665 1833/3864/3664 1678/3866/3666
f 1678/3866/3666 1833/3864/3664 1832/3867/3667
f 1678/3866/3666 1832/3867/3667 1924/3868/3668
f 1924/3868/3668 1832/3867/3667 1925/3869/3669
f 1925/3869/3669 1832/3867/3667 1926/3870/3670
f 1926/3870/3670 1832/3867/3667 1927/3871/3671
f 1927/3871/3671 1832/3867/3667 1928/3872/3672
f 1928/3872/3672 1832/3867/3667 1831/3873/3673
f 1842/3874/3674 1841/3875/3675 1929/3876/3676
f 1929/3876/3676 1841/3875/3675 1930/3877/3677
f 1930/3877/3677 1841/3875/3675 1931/3878/3678
f 1931/3878/3678 1841/3875/3675 1932/3879/3679
f 1932/3879/3679 1841/3875/3675 1933/3880/3680
f 1933/3880/3680 1841/3875/3675 1923/3881/3681
f 1923/3881/3681 1841/3875/3675 1840/3882/3682
f 1923/3881/3681 1840/3882/3682 1745/3883/3683
f 1745/3883/3683 1840/3882/3682 1746/3884/3684
f 1812/3885/3685 1669/3886/3686 1813/3887/3687
f 1813/3887/3687 1669/3886/3686 1814/3888/3688
f 1814/3888/3688 1669/3886/3686 1668/3889/3689
f 1814/3888/3688 1668/3889/3689 1667/3890/3690
f 1666/3891/3691 2119/3892/3692 1667/3890/3690
f 1667/3890/3690 2119/3892/3692 1814/3888/3688
f 2119/3892/3692 2118/3893/3693 1814/3888/3688
f 1814/3888/3688 2118/3893/3693 2117/3894/3694
f 1814/3888/3688 2117/3894/3694 2116/3895/3695
f 1814/3888/3688 2116/3895/3695 1815/3896/3696
f 1815/3896/3696 2116/3895/3695 2115/3897/3697
f 1815/3896/3696 2115/3897/3697 1689/3898/3698
f 1689/3898/3698 2115/3897/3697 1690/3899/3699
f 1689/3898/3698 1688/3900/3700 1815/3896/3696
f 1815/3896/3696 1688/3900/3700 1687/3901/3701
f 1815/3896/3696 1687/3901/3701 1816/3902/3702
f 1816/3902/3702 1687/3901/3701 1774/3903/3703
f 1736/3904/3704 1839/3905/3705 1663/3906/3706
f 1663/3906/3706 1839/3905/3705 1664/3907/3707
f 1664/3907/3707 1839/3905/3705 1838/3908/3708
f 1664/3907/3707 1838/3908/3708 1908/3909/3709
f 1908/3909/3709 1838/3908/3708 1909/3910/3710
f 1909/3910/3710 1838/3908/3708 1910/3911/3711
f 1910/3911/3711 1838/3908/3708 1911/3912/3712
f 1911/3912/3712 1838/3908/3708 1912/3913/3713
f 1912/3913/3713 1838/3908/3708 1837/3914/3714
f 1848/3915/3715 1847/3916/3716 1913/3917/3717
f 1913/3917/3717 1847/3916/3716 1914/3918/3718
f 1914/3918/3718 1847/3916/3716 1915/3919/3719
f 1915/3919/3719 1847/3916/3716 1916/3920/3720
f 1916/3920/3720 1847/3916/3716 1917/3921/3721
f 1917/3921/3721 1847/3916/3716 1907/3922/3722
f 1907/3922/3722 1847/3916/3716 1846/3923/3723
f 1907/3922/3722 1846/3923/3723 1734/3924/3724
f 1734/3924/3724 1846/3923/3723 1735/3925/3725
f 1803/3926/3726 1802/3927/3727 2124/3928/3728
f 2124/3928/3728 1802/3927/3727 1655/3929/3729
f 2124/3928/3728 1655/3929/3729 1654/3930/3730
f 1654/3930/3730 1653/3931/3731 2124/3928/3728
f 2124/3928/3728 1653/3931/3731 1652/3932/3732
f 2124/3928/3728 2123/3933/3733 1803/3926/3726
f 1803/3926/3726 2123/3933/3733 2122/3934/3734
f 1803/3926/3726 2122/3934/3734 1804/3935/3735
f 1804/3935/3735 2122/3934/3734 2121/3936/3736
f 1804/3935/3735 2121/3936/3736 1805/3937/3737
f 1805/3937/3737 2121/3936/3736 2120/3938/3738
f 1805/3937/3737 2120/3938/3738 1806/3939/3739
f 1806/3939/3739 2120/3938/3738 1674/3940/3740
f 1806/3939/3739 1674/3940/3740 1673/3941/3741
f 1676/3942/3742 1675/3943/3743 2120/3938/3738
f 2120/3938/3738 1675/3943/3743 1674/3940/3740
f 1673/3941/3741 1785/3944/3744 1806/3939/3739
f 1725/3945/3745 1845/3946/3746 1649/3947/3747
f 1649/3947/3747 1845/3946/3746 1650/3948/3748
f 1650/3948/3748 1845/3946/3746 1844/3949/3749
f 1650/3948/3748 1844/3949/3749 1891/3950/3750
f 1891/3950/3750 1844/3949/3749 1892/3951/3751
f 1892/3951/3751 1844/3949/3749 1893/3952/3752
f 1893/3952/3752 1844/3949/3749 1894/3953/3753
f 1894/3953/3753 1844/3949/3749 1895/3954/3754
f 1895/3954/3754 1844/3949/3749 1843/3955/3755
f 153/3956/3756 2165/3957/3757 154/3958/3758
f 154/3958/3758 2165/3957/3757 1767/3959/3759
f 206/3960/3760 205/3961/3761 2170/3962/3762
f 2170/3962/3762 205/3961/3761 2169/3963/3763
f 2169/3963/3763 205/3961/3761 204/3964/3764
f 2169/3963/3763 204/3964/3764 2168/3965/3765
f 2168/3965/3765 204/3964/3764 203/3966/3766
f 2168/3965/3765 203/3966/3766 202/3967/3767
f 2168/3965/3765 202/3967/3767 2167/3968/3768
f 2167/3968/3768 202/3967/3767 201/3969/3769
f 2167/3968/3768 201/3969/3769 200/3970/3770
f 2167/3968/3768 200/3970/3770 2166/3971/3771
f 2166/3971/3771 200/3970/3770 199/3972/3772
f 2166/3971/3771 199/3972/3772 1706/3973/1991
f 1706/3973/1991 199/3972/3772 198/3974/1989
f 207/3975/3773 1140/3976/3774 208/3977/3775
f 208/3977/3775 1140/3976/3774 1139/3978/3776
f 208/3977/3775 1139/3978/3776 1138/3979/3777
f 206/3980/3760 1822/3981/3778 207/3975/3773
f 207/3975/3773 1822/3981/3778 1141/3982/3779
f 207/3975/3773 1141/3982/3779 1140/3976/3774
f 206/3980/3760 2170/3983/3762 1822/3981/3778
f 229/3984/3780 2171/3985/3781 230/3986/3782
f 230/3986/3782 2171/3985/3781 2172/3987/3783
f 230/3986/3782 2172/3987/3783 2173/3988/3784
f 228/3989/3785 1970/3990/3786 229/3984/3780
f 229/3984/3780 1970/3990/3786 2171/3985/3781
f 230/3986/3782 2173/3988/3784 231/3991/3787
f 231/3991/3787 2173/3988/3784 1976/3992/3788
f 231/3991/3787 1976/3992/3788 232/3993/3789
f 153/3994/3756 181/3995/3790 2165/3996/3757
f 2165/3996/3757 181/3995/3790 2178/3997/3791
f 2178/3997/3791 181/3995/3790 180/3998/3792
f 2178/3997/3791 180/3998/3792 2177/3999/3793
f 2177/3999/3793 180/3998/3792 179/4000/3794
f 2177/3999/3793 179/4000/3794 178/4001/3795
f 2177/3999/3793 178/4001/3795 2176/4002/3796
f 2176/4002/3796 178/4001/3795 177/4003/3797
f 2176/4002/3796 177/4003/3797 176/4004/3798
f 2176/4002/3796 176/4004/3798 2175/4005/3799
f 2175/4005/3799 176/4004/3798 175/4006/3800
f 2175/4005/3799 175/4006/3800 2174/4007/3801
f 2174/4007/3801 175/4006/3800 174/4008/3802
f 2174/4009/3801 174/4010/3802 1830/4011/3803
f 1830/4011/3803 174/4010/3802 173/4012/3804
f 1830/4011/3803 173/4012/3804 1156/4013/3805
f 1156/4013/3805 173/4012/3804 1157/4014/3806
f 1157/4014/3806 173/4012/3804 172/4015/3807
f 1157/4014/3806 172/4015/3807 1158/4016/3808
f 1158/4016/3808 172/4015/3807 1159/4017/3809
f 172/4018/3807 171/4019/3810 1159/4020/3809
f 1159/4020/3809 171/4019/3810 1160/4021/3811
f 1160/4021/3811 171/4019/3810 170/4022/3812
f 1160/4021/3811 170/4022/3812 1161/4023/3813
f 1161/4023/3813 170/4022/3812 169/4024/3814
f 1161/4023/3813 169/4024/3814 1162/4025/3815
f 1162/4025/3815 169/4024/3814 168/4026/2339
f 1162/4025/3815 168/4026/2339 1163/4027/2341
f 183/4028/3816 1133/4029/3817 184/4030/2393
f 184/4030/2393 1133/4029/3817 1132/4031/3818
f 184/4030/2393 1132/4031/3818 1131/4032/2392
f 182/4033/3819 1134/4034/3820 183/4028/3816
f 183/4028/3816 1134/4034/3820 1133/4029/3817
f 1134/4035/3820 182/4036/3819 1135/4037/3821
f 1135/4037/3821 182/4036/3819 211/4038/3822
f 1135/4037/3821 211/4038/3822 1136/4039/3823
f 1136/4039/3823 211/4038/3822 210/4040/3824
f 1136/4039/3823 210/4040/3824 1137/4041/3825
f 1137/4041/3825 210/4040/3824 209/4042/3826
f 1137/4041/3825 209/4042/3826 1138/4043/3777
f 1138/4043/3777 209/4042/3826 208/4044/3775
f 239/4045/2501 238/4046/3827 1124/4047/2502
f 1124/4047/2502 238/4046/3827 1125/4048/3828
f 1125/4048/3828 238/4046/3827 237/4049/3829
f 1125/4048/3828 237/4049/3829 236/4050/3830
f 235/4051/3831 1127/4052/3832 236/4050/3830
f 236/4050/3830 1127/4052/3832 1126/4053/3833
f 236/4050/3830 1126/4053/3833 1125/4048/3828
f 1129/4054/3834 1128/4055/3835 235/4051/3831
f 235/4051/3831 1128/4055/3835 1127/4052/3832
f 1129/4056/3834 235/4057/3831 1130/4058/3836
f 1130/4058/3836 235/4057/3831 234/4059/3837
f 1130/4058/3836 234/4059/3837 832/4060/3838
f 832/4060/3838 234/4059/3837 233/4061/3839
f 832/4060/3838 233/4061/3839 2180/4062/3840
f 2180/4062/3840 233/4061/3839 2179/4063/3841
f 2179/4063/3841 233/4061/3839 232/4064/3842
f 2179/4063/3841 232/4064/3842 1976/4065/3843
f 1976/4065/3843 1975/4066/3844 2179/4063/3841
f 1970/4067/3845 228/4068/3846 2182/4069/3847
f 2182/4069/3847 228/4068/3846 227/4070/3848
f 2182/4069/3847 227/4070/3848 2181/4071/3849
f 2181/4071/3849 227/4070/3848 935/4072/3850
f 935/4072/3850 227/4070/3848 226/4073/3851
f 935/4072/3850 226/4073/3851 936/4074/3852
f 936/4074/3852 226/4073/3851 225/4075/3853
f 936/4074/3852 225/4075/3853 937/4076/3854
f 2182/4069/3847 1971/4077/3855 1970/4067/3845
f 224/4078/3856 939/4079/3857 225/4080/3853
f 225/4080/3853 939/4079/3857 938/4081/3858
f 225/4080/3853 938/4081/3858 937/4082/3854
f 223/4083/3859 941/4084/3860 224/4078/3856
f 224/4078/3856 941/4084/3860 940/4085/3861
f 224/4078/3856 940/4085/3861 939/4079/3857
f 223/4083/3859 222/4086/3862 941/4084/3860
f 941/4084/3860 222/4086/3862 942/4087/3863
f 942/4087/3863 222/4086/3862 221/4088/3864
f 942/4089/3863 221/4090/3864 943/4091/3865
f 943/4091/3865 221/4090/3864 220/4092/3866
f 943/4091/3865 220/4092/3866 944/4093/3867
f 944/4093/3867 220/4092/3866 219/4094/3868
f 944/4093/3867 219/4094/3868 945/4095/3869
f 945/4095/3869 219/4094/3868 218/4096/3870
f 945/4095/3869 218/4096/3870 946/4097/3871
f 946/4097/3871 218/4096/3870 217/4098/3872
f 216/4099/3873 948/4100/3874 217/4101/3872
f 217/4101/3872 948/4100/3874 947/4102/3875
f 217/4101/3872 947/4102/3875 946/4103/3871
f 948/4100/3874 216/4099/3873 949/4104/3876
f 949/4104/3876 216/4099/3873 215/4105/3877
f 949/4104/3876 215/4105/3877 1797/4106/3878
f 1797/4106/3878 215/4105/3877 214/4107/3879
f 1797/4106/3878 214/4107/3879 1711/4108/1993
f 1711/4108/1993 214/4107/3879 213/4109/1994
f 934/4110/3880 834/4111/3881 1973/4112/3882
f 1973/4112/3882 834/4111/3881 833/4113/3883
f 1973/4112/3882 833/4113/3883 1974/4114/3884
f 1974/4114/3884 833/4113/3883 832/4115/3885
f 1974/4114/3884 832/4115/3885 2180/4116/3886
f 2180/4116/3886 2179/4117/3887 1974/4114/3884
f 1974/4114/3884 2179/4117/3887 1975/4118/3888
f 1973/4112/3882 1972/4119/3889 934/4110/3880
f 934/4110/3880 1972/4119/3889 935/4120/3890
f 935/4120/3890 1972/4119/3889 2181/4121/3891
f 2181/4121/3891 1972/4119/3889 2182/4122/3892
f 2182/4122/3892 1972/4119/3889 1971/4123/3893
f 10/4124/37 32/4125/39 88/4126/3894
f 88/4126/3894 32/4125/39 2183/4127/3895
f 32/4128/59 46/4129/61 2183/4130/3896
f 2183/4130/3896 46/4129/61 2184/4131/3897
f 46/4132/81 60/4133/83 2184/4134/3898
f 2184/4134/3898 60/4133/83 86/4135/3899
f 2186/4136/3900 2232/4137/3901 2185/4138/3902
f 2185/4138/3902 2232/4137/3901 2209/4139/3903
f 2185/4140/3902 2209/4141/3903 2208/4142/3904
f 2208/4142/3904 2209/4141/3903 2210/4143/3905
f 2208/4142/3904 2210/4143/3905 2207/4144/3906
f 2207/4144/3906 2210/4143/3905 2211/4145/3907
f 2207/4144/3906 2211/4145/3907 2206/4146/3908
f 2206/4146/3908 2211/4145/3907 2212/4147/3909
f 2206/4146/3908 2212/4147/3909 2205/4148/3910
f 2205/4148/3910 2212/4147/3909 2213/4149/3911
f 2205/4148/3910 2213/4149/3911 2204/4150/3912
f 2204/4150/3912 2213/4149/3911 2214/4151/3913
f 2204/4150/3912 2214/4151/3913 2203/4152/3914
f 2203/4152/3914 2214/4151/3913 2215/4153/3915
f 2203/4152/3914 2215/4153/3915 2202/4154/3916
f 2202/4154/3916 2215/4153/3915 2216/4155/3917
f 2202/4154/3916 2216/4155/3917 2201/4156/3918
f 2201/4156/3918 2216/4155/3917 2217/4157/3919
f 2201/4156/3918 2217/4157/3919 2200/4158/3920
f 2200/4158/3920 2217/4157/3919 2218/4159/3921
f 2200/4158/3920 2218/4159/3921 2199/4160/3922
f 2199/4160/3922 2218/4159/3921 2219/4161/3923
f 2199/4160/3922 2219/4161/3923 2198/4162/3924
f 2198/4162/3924 2219/4161/3923 2220/4163/3925
f 2198/4162/3924 2220/4163/3925 2197/4164/3926
f 2197/4164/3926 2220/4163/3925 2221/4165/3927
f 2197/4164/3926 2221/4165/3927 2196/4166/3928
f 2196/4166/3928 2221/4165/3927 2222/4167/3929
f 2196/4166/3928 2222/4167/3929 2195/4168/3930
f 2195/4168/3930 2222/4167/3929 2223/4169/3931
f 2195/4168/3930 2223/4169/3931 2194/4170/3932
f 2194/4170/3932 2223/4169/3931 2224/4171/3933
f 2194/4170/3932 2224/4171/3933 2193/4172/3934
f 2193/4172/3934 2224/4171/3933 2225/4173/3935
f 2193/4172/3934 2225/4173/3935 2192/4174/3936
f 2192/4174/3936 2225/4173/3935 2226/4175/3937
f 2192/4174/3936 2226/4175/3937 2191/4176/3938
f 2191/4176/3938 2226/4175/3937 2227/4177/3939
f 2191/4176/3938 2227/4177/3939 2190/4178/3940
f 2190/4178/3940 2227/4177/3939 2228/4179/3941
f 2190/4178/3940 2228/4179/3941 2189/4180/3942
f 2189/4180/3942 2228/4179/3941 2229/4181/3943
f 2189/4180/3942 2229/4181/3943 2188/4182/3944
f 2188/4182/3944 2229/4181/3943 2230/4183/3945
f 2188/4182/3944 2230/4183/3945 2187/4184/3946
f 2187/4184/3946 2230/4183/3945 2231/4185/3947
f 2187/4184/3946 2231/4185/3947 2186/4136/3900
f 2186/4136/3900 2231/4185/3947 2232/4137/3901
f 87/4186/3948 2225/4187/3949 85/4188/3950
f 85/4188/3950 2225/4187/3949 2224/4189/3951
f 85/4188/3950 2224/4189/3951 2223/4190/3952
f 88/4191/3953 2229/4192/3954 87/4186/3948
f 87/4186/3948 2229/4192/3954 2228/4193/3955
f 87/4186/3948 2228/4193/3955 2227/4194/3956
f 2183/4195/3957 2209/4196/3958 88/4191/3953
f 88/4191/3953 2209/4196/3958 2232/4197/3959
f 88/4191/3953 2232/4197/3959 2231/4198/3960
f 2184/4199/3961 2213/4200/3962 2183/4195/3957
f 2183/4195/3957 2213/4200/3962 2212/4201/3963
f 2183/4195/3957 2212/4201/3963 2211/4202/3964
f 86/4203/3965 2217/4204/3966 2184/4199/3961
f 2184/4199/3961 2217/4204/3966 2216/4205/3967
f 2184/4199/3961 2216/4205/3967 2215/4206/3968
f 85/4188/3950 2221/4207/3969 86/4203/3965
f 86/4203/3965 2221/4207/3969 2220/4208/3970
f 86/4203/3965 2220/4208/3970 2219/4209/3971
f 2231/4198/3960 2230/4210/3972 88/4191/3953
f 88/4191/3953 2230/4210/3972 2229/4192/3954
f 2227/4194/3956 2226/4211/3973 87/4186/3948
f 87/4186/3948 2226/4211/3973 2225/4187/3949
f 2223/4190/3952 2222/4212/3974 85/4188/3950
f 85/4188/3950 2222/4212/3974 2221/4207/3969
f 2219/4209/3971 2218/4213/3975 86/4203/3965
f 86/4203/3965 2218/4213/3975 2217/4204/3966
f 2215/4206/3968 2214/4214/3976 2184/4199/3961
f 2184/4199/3961 2214/4214/3976 2213/4200/3962
f 2211/4202/3964 2210/4215/3977 2183/4195/3957
f 2183/4195/3957 2210/4215/3977 2209/4196/3958
f 2208/4216/3978 1886/4217/3979 2185/4218/3980
f 2185/4218/3980 1886/4217/3979 1885/4219/3981
f 2185/4218/3980 1885/4219/3981 2186/4220/3982
f 2186/4220/3982 1885/4219/3981 1984/4221/3983
f 2186/4220/3982 1984/4221/3983 1983/4222/3984
f 1886/4217/3979 2208/4216/3978 1887/4223/3985
f 1887/4223/3985 2208/4216/3978 2207/4224/3986
f 1887/4223/3985 2207/4224/3986 1888/4225/3987
f 1888/4225/3987 2207/4224/3986 1889/4226/3988
f 1889/4226/3988 2207/4224/3986 2206/4227/3989
f 1889/4226/3988 2206/4227/3989 1968/4228/3990
f 1968/4228/3990 2206/4227/3989 2205/4229/3991
f 1968/4228/3990 2205/4229/3991 1969/4230/3992
f 1969/4230/3992 2205/4229/3991 1970/4231/3993
f 1970/4231/3993 2205/4229/3991 2204/4232/3994
f 1970/4231/3993 2204/4232/3994 2171/4233/3995
f 2171/4233/3995 2204/4232/3994 2203/4234/3996
f 2171/4233/3995 2203/4234/3996 2172/4235/3997
f 2172/4235/3997 2203/4234/3996 2173/4236/3998
f 2173/4236/3998 2203/4234/3996 2202/4237/3999
f 2173/4236/3998 2202/4237/3999 1976/4238/4000
f 1976/4238/4000 2202/4237/3999 2201/4239/4001
f 1976/4238/4000 2201/4239/4001 1977/4240/4002
f 1977/4240/4002 2201/4239/4001 1978/4241/4003
f 1978/4241/4003 2201/4239/4001 2200/4242/4004
f 1978/4241/4003 2200/4242/4004 1943/4243/4005
f 1943/4243/4005 2200/4242/4004 2199/4244/4006
f 1943/4243/4005 2199/4244/4006 1944/4245/4007
f 1944/4245/4007 2199/4244/4006 1945/4246/4008
f 1945/4246/4008 2199/4244/4006 2198/4247/4009
f 1945/4246/4008 2198/4247/4009 1946/4248/4010
f 1946/4248/4010 2198/4247/4009 2197/4249/4011
f 1946/4248/4010 2197/4249/4011 1947/4250/4012
f 1947/4250/4012 2197/4249/4011 2196/4251/4013
f 1947/4250/4012 2196/4251/4013 1979/4252/4014
f 1979/4252/4014 2196/4251/4013 1980/4253/4015
f 1980/4253/4015 2196/4251/4013 2195/4254/4016
f 1980/4253/4015 2195/4254/4016 1918/4255/4017
f 1918/4255/4017 2195/4254/4016 1919/4256/4018
f 1919/4256/4018 2195/4254/4016 2194/4257/4019
f 1919/4256/4018 2194/4257/4019 1920/4258/4020
f 1920/4258/4020 2194/4257/4019 2193/4259/4021
f 1920/4258/4020 2193/4259/4021 1921/4260/4022
f 1921/4260/4022 2193/4259/4021 2192/4261/4023
f 1921/4260/4022 2192/4261/4023 1922/4262/4024
f 1922/4262/4024 2192/4261/4023 1981/4263/4025
f 1981/4263/4025 2192/4261/4023 2191/4264/4026
f 1981/4263/4025 2191/4264/4026 1982/4265/4027
f 1982/4265/4027 2191/4264/4026 2190/4266/4028
f 1982/4265/4027 2190/4266/4028 1902/4267/4029
f 1902/4267/4029 2190/4266/4028 1903/4268/4030
f 1903/4268/4030 2190/4266/4028 2189/4269/4031
f 1903/4268/4030 2189/4269/4031 1904/4270/4032
f 1904/4270/4032 2189/4269/4031 2188/4271/4033
f 1904/4270/4032 2188/4271/4033 1905/4272/4034
f 1905/4272/4034 2188/4271/4033 2187/4273/4035
f 1905/4272/4034 2187/4273/4035 1906/4274/4036
f 1906/4274/4036 2187/4273/4035 1983/4222/3984
f 1983/4222/3984 2187/4273/4035 2186/4220/3982
f 1901/4275/4037 2164/4276/4038 1896/4277/4039
f 1896/4277/4039 2164/4276/4038 1897/4278/4040
f 1897/4278/4040 2164/4276/4038 1890/4279/4041
f 1897/4278/4040 1890/4279/4041 1898/4280/4042
f 1898/4280/4042 1890/4279/4041 1899/4281/4043
f 1899/4281/4043 1890/4279/4041 1900/4282/4044
f 1890/4279/4041 2164/4276/4038 1723/4283/4045
f 1723/4283/4045 2164/4276/4038 2163/4284/4046
f 1723/4283/4045 2163/4284/4046 1724/4285/4047
f 1769/4286/4048 1824/4287/4049 1705/4288/4050
f 1705/4288/4050 1824/4287/4049 1706/4289/4051
f 1706/4289/4051 1824/4287/4049 2167/4290/4052
f 1706/4289/4051 2167/4290/4052 2166/4291/4053
f 1823/4292/4054 2169/4293/4055 1824/4287/4049
f 1824/4287/4049 2169/4293/4055 2168/4294/4056
f 1824/4287/4049 2168/4294/4056 2167/4290/4052
f 1822/4295/4057 2170/4296/4058 1823/4292/4054
f 1823/4292/4054 2170/4296/4058 2169/4293/4055
f 2162/4297/4059 2271/4298/4060 2125/4299/4061
f 2125/4299/4061 2271/4298/4060 2233/4300/4062
f 2125/4299/4061 2233/4300/4062 2234/4301/4063
f 2271/4298/4060 2162/4297/4059 2270/4302/4064
f 2270/4302/4064 2162/4297/4059 2161/4303/4065
f 2270/4302/4064 2161/4303/4065 2269/4304/4066
f 2269/4304/4066 2161/4303/4065 2160/4305/4067
f 2269/4304/4066 2160/4305/4067 2268/4306/4068
f 2268/4306/4068 2160/4305/4067 2159/4307/4069
f 2268/4306/4068 2159/4307/4069 2267/4308/4070
f 2267/4308/4070 2159/4307/4069 2158/4309/4071
f 2267/4308/4070 2158/4309/4071 2266/4310/4072
f 2266/4310/4072 2158/4309/4071 2157/4311/4073
f 2266/4310/4072 2157/4311/4073 2265/4312/4074
f 2265/4312/4074 2157/4311/4073 2156/4313/4075
f 2265/4312/4074 2156/4313/4075 2264/4314/4076
f 2264/4314/4076 2156/4313/4075 2155/4315/4077
f 2264/4314/4076 2155/4315/4077 2263/4316/4078
f 2263/4316/4078 2155/4315/4077 2154/4317/4079
f 2263/4316/4078 2154/4317/4079 2262/4318/4080
f 2262/4318/4080 2154/4317/4079 2153/4319/4081
f 2262/4318/4080 2153/4319/4081 2261/4320/4082
f 2261/4320/4082 2153/4319/4081 2152/4321/4083
f 2261/4320/4082 2152/4321/4083 2260/4322/4084
f 2260/4322/4084 2152/4321/4083 2151/4323/4085
f 2260/4322/4084 2151/4323/4085 2259/4324/4086
f 2259/4324/4086 2151/4323/4085 2150/4325/4087
f 2259/4324/4086 2150/4325/4087 2258/4326/4088
f 2258/4326/4088 2150/4325/4087 2149/4327/4089
f 2258/4326/4088 2149/4327/4089 2257/4328/4090
f 2257/4328/4090 2149/4327/4089 2148/4329/4091
f 2257/4328/4090 2148/4329/4091 2256/4330/4092
f 2256/4330/4092 2148/4329/4091 2147/4331/4093
f 2256/4330/4092 2147/4331/4093 2255/4332/4094
f 2255/4332/4094 2147/4331/4093 2146/4333/4095
f 2255/4332/4094 2146/4333/4095 2254/4334/4096
f 2254/4334/4096 2146/4333/4095 2145/4335/4097
f 2254/4334/4096 2145/4335/4097 2253/4336/4098
f 2253/4336/4098 2145/4335/4097 2144/4337/4099
f 2253/4336/4098 2144/4337/4099 2252/4338/4100
f 2252/4338/4100 2144/4337/4099 2143/4339/4101
f 2252/4338/4100 2143/4339/4101 2251/4340/4102
f 2251/4340/4102 2143/4339/4101 2142/4341/4103
f 2251/4340/4102 2142/4341/4103 2250/4342/4104
f 2250/4342/4104 2142/4341/4103 2141/4343/4105
f 2250/4342/4104 2141/4343/4105 2249/4344/4106
f 2249/4344/4106 2141/4343/4105 2140/4345/4107
f 2249/4344/4106 2140/4345/4107 2248/4346/4108
f 2248/4346/4108 2140/4345/4107 2139/4347/4109
f 2248/4346/4108 2139/4347/4109 2247/4348/4110
f 2247/4348/4110 2139/4347/4109 2138/4349/4111
f 2247/4348/4110 2138/4349/4111 2246/4350/4112
f 2246/4350/4112 2138/4349/4111 2137/4351/4113
f 2246/4350/4112 2137/4351/4113 2245/4352/4114
f 2245/4352/4114 2137/4351/4113 2136/4353/4115
f 2245/4352/4114 2136/4353/4115 2244/4354/4116
f 2244/4354/4116 2136/4353/4115 2135/4355/4117
f 2244/4354/4116 2135/4355/4117 2243/4356/4118
f 2243/4356/4118 2135/4355/4117 2134/4357/4119
f 2243/4356/4118 2134/4357/4119 2242/4358/4120
f 2242/4358/4120 2134/4357/4119 2133/4359/4121
f 2242/4358/4120 2133/4359/4121 2241/4360/4122
f 2241/4360/4122 2133/4359/4121 2132/4361/4123
f 2241/4360/4122 2132/4361/4123 2240/4362/4124
f 2240/4362/4124 2132/4361/4123 2131/4363/4125
f 2240/4362/4124 2131/4363/4125 2239/4364/4126
f 2239/4364/4126 2131/4363/4125 2130/4365/4127
f 2239/4364/4126 2130/4365/4127 2238/4366/4128
f 2238/4366/4128 2130/4365/4127 2129/4367/4129
f 2238/4366/4128 2129/4367/4129 2237/4368/4130
f 2237/4368/4130 2129/4367/4129 2128/4369/4131
f 2237/4368/4130 2128/4369/4131 2236/4370/4132
f 2236/4370/4132 2128/4369/4131 2127/4371/4133
f 2236/4370/4132 2127/4371/4133 2235/4372/4134
f 2235/4372/4134 2127/4371/4133 2126/4373/4135
f 2235/4372/4134 2126/4373/4135 2234/4301/4063
f 2234/4301/4063 2126/4373/4135 2125/4299/4061
f 2271/4374/4136 1985/4375/4137 2233/4376/4138
f 2233/4376/4138 1985/4375/4137 2023/4377/4139
f 2233/4376/4138 2023/4377/4139 2234/4378/4140
f 2234/4378/4140 2023/4377/4139 2022/4379/4141
f 2234/4378/4140 2022/4379/4141 2235/4380/4142
f 2235/4380/4142 2022/4379/4141 2021/4381/4143
f 2235/4380/4142 2021/4381/4143 2236/4382/4144
f 2236/4382/4144 2021/4381/4143 2020/4383/4145
f 2236/4382/4144 2020/4383/4145 2237/4384/4146
f 2237/4384/4146 2020/4383/4145 2019/4385/4147
f 2237/4384/4146 2019/4385/4147 2238/4386/4148
f 2238/4386/4148 2019/4385/4147 2018/4387/4149
f 2238/4386/4148 2018/4387/4149 2239/4388/4150
f 2239/4388/4150 2018/4387/4149 2017/4389/4151
f 2239/4388/4150 2017/4389/4151 2240/4390/4152
f 2240/4390/4152 2017/4389/4151 2016/4391/4153
f 2240/4390/4152 2016/4391/4153 2241/4392/4154
f 2241/4392/4154 2016/4391/4153 2015/4393/4155
f 2241/4392/4154 2015/4393/4155 2242/4394/4156
f 2242/4394/4156 2015/4393/4155 2014/4395/4157
f 2242/4394/4156 2014/4395/4157 2243/4396/4158
f 2243/4396/4158 2014/4395/4157 2013/4397/4159
f 2243/4396/4158 2013/4397/4159 2244/4398/4160
f 2244/4398/4160 2013/4397/4159 2012/4399/4161
f 2244/4398/4160 2012/4399/4161 2245/4400/4162
f 2245/4400/4162 2012/4399/4161 2011/4401/4163
f 2245/4400/4162 2011/4401/4163 2246/4402/4164
f 2246/4402/4164 2011/4401/4163 2010/4403/4165
f 2246/4402/4164 2010/4403/4165 2247/4404/4166
f 2247/4404/4166 2010/4403/4165 2009/4405/4167
f 2247/4404/4166 2009/4405/4167 2248/4406/4168
f 2248/4406/4168 2009/4405/4167 2008/4407/4169
f 2248/4406/4168 2008/4407/4169 2249/4408/4170
f 2249/4408/4170 2008/4407/4169 2007/4409/4171
f 2249/4408/4170 2007/4409/4171 2250/4410/4172
f 2250/4410/4172 2007/4409/4171 2006/4411/4173
f 2250/4410/4172 2006/4411/4173 2251/4412/4174
f 2251/4412/4174 2006/4411/4173 2005/4413/4175
f 2251/4412/4174 2005/4413/4175 2252/4414/4176
f 2252/4415/4176 2005/4416/4175 2004/4417/4177
f 2252/4415/4176 2004/4417/4177 2253/4418/4178
f 2253/4418/4178 2004/4417/4177 2003/4419/4179
f 2253/4418/4178 2003/4419/4179 2254/4420/4180
f 2254/4420/4180 2003/4419/4179 2002/4421/4181
f 2254/4420/4180 2002/4421/4181 2255/4422/4182
f 2255/4422/4182 2002/4421/4181 2001/4423/4183
f 2255/4422/4182 2001/4423/4183 2256/4424/4184
f 2256/4424/4184 2001/4423/4183 2000/4425/4185
f 2256/4424/4184 2000/4425/4185 2257/4426/4186
f 2257/4426/4186 2000/4425/4185 1999/4427/4187
f 2257/4426/4186 1999/4427/4187 2258/4428/4188
f 2258/4428/4188 1999/4427/4187 1998/4429/4189
f 2258/4428/4188 1998/4429/4189 2259/4430/4190
f 2259/4430/4190 1998/4429/4189 1997/4431/4191
f 2259/4430/4190 1997/4431/4191 2260/4432/4192
f 2260/4432/4192 1997/4431/4191 1996/4433/4193
f 2260/4432/4192 1996/4433/4193 2261/4434/4194
f 2261/4434/4194 1996/4433/4193 1995/4435/4195
f 2261/4434/4194 1995/4435/4195 2262/4436/4196
f 2262/4436/4196 1995/4435/4195 1994/4437/4197
f 2262/4436/4196 1994/4437/4197 2263/4438/4198
f 2263/4438/4198 1994/4437/4197 1993/4439/4199
f 2263/4438/4198 1993/4439/4199 2264/4440/4200
f 2264/4440/4200 1993/4439/4199 1992/4441/4201
f 2264/4440/4200 1992/4441/4201 2265/4442/4202
f 2265/4442/4202 1992/4441/4201 1991/4443/4203
f 2265/4442/4202 1991/4443/4203 2266/4444/4204
f 2266/4444/4204 1991/4443/4203 1990/4445/4205
f 2266/4444/4204 1990/4445/4205 2267/4446/4206
f 2267/4446/4206 1990/4445/4205 1989/4447/4207
f 2267/4446/4206 1989/4447/4207 2268/4448/4208
f 2268/4448/4208 1989/4447/4207 1988/4449/4209
f 2268/4448/4208 1988/4449/4209 2269/4450/4210
f 2269/4450/4210 1988/4449/4209 1987/4451/4211
f 2269/4450/4210 1987/4451/4211 2270/4452/4212
f 2270/4452/4212 1987/4451/4211 1986/4453/4213
f 2270/4452/4212 1986/4453/4213 2271/4374/4136
f 2271/4374/4136 1986/4453/4213 1985/4375/4137
f 2099/4454/4214 2290/4455/4215 2062/4456/4216
f 2062/4456/4216 2290/4455/4215 2291/4457/4217
f 2062/4456/4216 2291/4457/4217 2063/4458/4218
f 2063/4458/4218 2291/4457/4217 2292/4459/4219
f 2063/4458/4218 2292/4459/4219 2064/4460/4220
f 2064/4460/4220 2292/4459/4219 2293/4461/4221
f 2064/4460/4220 2293/4461/4221 2065/4462/4222
f 2065/4462/4222 2293/4461/4221 2294/4463/4223
f 2065/4462/4222 2294/4463/4223 2066/4464/4224
f 2066/4464/4224 2294/4463/4223 2295/4465/4225
f 2066/4464/4224 2295/4465/4225 2067/4466/4226
f 2067/4466/4226 2295/4465/4225 2296/4467/4227
f 2067/4466/4226 2296/4467/4227 2068/4468/4228
f 2068/4468/4228 2296/4467/4227 2297/4469/4229
f 2068/4468/4228 2297/4469/4229 2069/4470/4230
f 2069/4470/4230 2297/4469/4229 2298/4471/4231
f 2069/4470/4230 2298/4471/4231 2070/4472/4232
f 2070/4472/4232 2298/4471/4231 2299/4473/4233
f 2070/4472/4232 2299/4473/4233 2300/4474/4234
f 2098/4475/4235 2288/4476/4236 2099/4454/4214
f 2099/4454/4214 2288/4476/4236 2289/4477/4237
f 2099/4454/4214 2289/4477/4237 2290/4455/4215
f 2288/4476/4236 2098/4475/4235 2287/4478/4238
f 2287/4478/4238 2098/4475/4235 2097/4479/4239
f 2287/4478/4238 2097/4479/4239 2286/4480/4240
f 2286/4480/4240 2097/4479/4239 2096/4481/4241
f 2286/4480/4240 2096/4481/4241 2285/4482/4242
f 2285/4482/4242 2096/4481/4241 2095/4483/4243
f 2285/4482/4242 2095/4483/4243 2284/4484/4244
f 2284/4484/4244 2095/4483/4243 2094/4485/4245
f 2284/4484/4244 2094/4485/4245 2283/4486/4246
f 2283/4486/4246 2094/4485/4245 2093/4487/4247
f 2283/4486/4246 2093/4487/4247 2282/4488/4248
f 2282/4488/4248 2093/4487/4247 2092/4489/4249
f 2282/4488/4248 2092/4489/4249 2281/4490/4250
f 2281/4490/4250 2092/4489/4249 2091/4491/4251
f 2281/4490/4250 2091/4491/4251 2280/4492/4252
f 2280/4492/4252 2091/4491/4251 2090/4493/4253
f 2280/4492/4252 2090/4493/4253 2279/4494/4254
f 2279/4494/4254 2090/4493/4253 2089/4495/4255
f 2279/4494/4254 2089/4495/4255 2278/4496/4256
f 2278/4496/4256 2089/4495/4255 2277/4497/4257
f 2277/4497/4257 2089/4495/4255 2088/4498/4258
f 2277/4497/4257 2088/4498/4258 2276/4499/4259
f 2276/4499/4259 2088/4498/4258 2087/4500/4260
f 2276/4499/4259 2087/4500/4260 2275/4501/4261
f 2275/4501/4261 2087/4500/4260 2086/4502/4262
f 2275/4501/4261 2086/4502/4262 2274/4503/4263
f 2274/4503/4263 2086/4502/4262 2085/4504/4264
f 2274/4503/4263 2085/4504/4264 2273/4505/4265
f 2273/4505/4265 2085/4504/4264 2084/4506/4266
f 2273/4505/4265 2084/4506/4266 2272/4507/4267
f 2272/4507/4267 2084/4506/4266 2083/4508/4268
f 2272/4507/4267 2083/4508/4268 2313/4509/4269
f 2313/4509/4269 2083/4508/4268 2082/4510/4270
f 2313/4509/4269 2082/4510/4270 2312/4511/4271
f 2312/4511/4271 2082/4510/4270 2081/4512/4272
f 2312/4511/4271 2081/4512/4272 2311/4513/4273
f 2311/4513/4273 2081/4512/4272 2080/4514/4274
f 2311/4513/4273 2080/4514/4274 2310/4515/4275
f 2310/4515/4275 2080/4514/4274 2309/4516/4276
f 2309/4516/4276 2080/4514/4274 2079/4517/4277
f 2309/4516/4276 2079/4517/4277 2308/4518/4278
f 2308/4518/4278 2079/4517/4277 2078/4519/4279
f 2308/4518/4278 2078/4519/4279 2307/4520/4280
f 2307/4520/4280 2078/4519/4279 2077/4521/4281
f 2307/4520/4280 2077/4521/4281 2306/4522/4282
f 2306/4522/4282 2077/4521/4281 2076/4523/4283
f 2306/4522/4282 2076/4523/4283 2305/4524/4284
f 2305/4524/4284 2076/4523/4283 2075/4525/4285
f 2305/4524/4284 2075/4525/4285 2304/4526/4286
f 2304/4526/4286 2075/4525/4285 2074/4527/4287
f 2304/4526/4286 2074/4527/4287 2303/4528/4288
f 2303/4528/4288 2074/4527/4287 2073/4529/4289
f 2303/4528/4288 2073/4529/4289 2302/4530/4290
f 2302/4530/4290 2073/4529/4289 2072/4531/4291
f 2302/4530/4290 2072/4531/4291 2301/4532/4292
f 2301/4532/4292 2072/4531/4291 2071/4533/4293
f 2301/4532/4292 2071/4533/4293 2300/4474/4234
f 2300/4474/4234 2071/4533/4293 2070/4472/4232
f 2313/4534/4294 2314/4535/4295 2272/4536/4296
f 2272/4536/4296 2314/4535/4295 2315/4537/4297
f 2272/4536/4296 2315/4537/4297 2273/4538/4298
f 2273/4538/4298 2315/4537/4297 2316/4539/4299
f 2273/4538/4298 2316/4539/4299 2274/4540/4300
f 2274/4540/4300 2316/4539/4299 2317/4541/4301
f 2274/4540/4300 2317/4541/4301 2275/4542/4302
f 2275/4542/4302 2317/4541/4301 2318/4543/4303
f 2275/4542/4302 2318/4543/4303 2276/4544/4304
f 2276/4544/4304 2318/4543/4303 2319/4545/4305
f 2276/4544/4304 2319/4545/4305 2277/4546/4306
f 2277/4546/4306 2319/4545/4305 2320/4547/4307
f 2277/4546/4306 2320/4547/4307 2278/4548/4308
f 2278/4548/4308 2320/4547/4307 2321/4549/4309
f 2278/4548/4308 2321/4549/4309 2279/4550/4310
f 2279/4550/4310 2321/4549/4309 2322/4551/4311
f 2279/4550/4310 2322/4551/4311 2280/4552/4312
f 2280/4552/4312 2322/4551/4311 2323/4553/4313
f 2280/4552/4312 2323/4553/4313 2281/4554/4314
f 2281/4554/4314 2323/4553/4313 2324/4555/4315
f 2281/4554/4314 2324/4555/4315 2282/4556/4316
f 2282/4556/4316 2324/4555/4315 2325/4557/4317
f 2282/4556/4316 2325/4557/4317 2283/4558/4318
f 2283/4558/4318 2325/4557/4317 2326/4559/4319
f 2283/4558/4318 2326/4559/4319 2284/4560/4320
f 2284/4560/4320 2326/4559/4319 2327/4561/4321
f 2284/4560/4320 2327/4561/4321 2285/4562/4322
f 2285/4562/4322 2327/4561/4321 2328/4563/4323
f 2285/4562/4322 2328/4563/4323 2286/4564/4324
f 2286/4564/4324 2328/4563/4323 2329/4565/4325
f 2286/4564/4324 2329/4565/4325 2287/4566/4326
f 2287/4566/4326 2329/4565/4325 2330/4567/4327
f 2287/4566/4326 2330/4567/4327 2288/4568/4328
f 2288/4568/4328 2330/4567/4327 2331/4569/4329
f 2288/4568/4328 2331/4569/4329 2289/4570/4330
f 2289/4570/4330 2331/4569/4329 2332/4571/4331
f 2289/4570/4330 2332/4571/4331 2290/4572/4332
f 2290/4572/4332 2332/4571/4331 2333/4573/4333
f 2290/4572/4332 2333/4573/4333 2291/4574/4334
f 2291/4574/4334 2333/4573/4333 2334/4575/4335
f 2291/4574/4334 2334/4575/4335 2292/4576/4336
f 2292/4576/4336 2334/4575/4335 2293/4577/4337
f 2293/4577/4337 2334/4575/4335 2335/4578/4338
f 2293/4579/4337 2335/4580/4338 2294/4581/4339
f 2294/4581/4339 2335/4580/4338 2336/4582/4340
f 2294/4581/4339 2336/4582/4340 2337/4583/4341
f 2314/4535/4295 2313/4534/4294 2355/4584/4342
f 2355/4584/4342 2313/4534/4294 2312/4585/4343
f 2355/4584/4342 2312/4585/4343 2354/4586/4344
f 2354/4586/4344 2312/4585/4343 2311/4587/4345
f 2354/4586/4344 2311/4587/4345 2353/4588/4346
f 2353/4588/4346 2311/4587/4345 2310/4589/4347
f 2353/4588/4346 2310/4589/4347 2352/4590/4348
f 2352/4590/4348 2310/4589/4347 2309/4591/4349
f 2352/4590/4348 2309/4591/4349 2351/4592/4350
f 2351/4592/4350 2309/4591/4349 2308/4593/4351
f 2351/4592/4350 2308/4593/4351 2350/4594/4352
f 2350/4594/4352 2308/4593/4351 2307/4595/4353
f 2350/4594/4352 2307/4595/4353 2349/4596/4354
f 2349/4596/4354 2307/4595/4353 2306/4597/4355
f 2349/4596/4354 2306/4597/4355 2348/4598/4356
f 2348/4598/4356 2306/4597/4355 2305/4599/4357
f 2348/4598/4356 2305/4599/4357 2347/4600/4358
f 2347/4600/4358 2305/4599/4357 2304/4601/4359
f 2347/4600/4358 2304/4601/4359 2346/4602/4360
f 2346/4602/4360 2304/4601/4359 2303/4603/4361
f 2346/4602/4360 2303/4603/4361 2345/4604/4362
f 2345/4604/4362 2303/4603/4361 2302/4605/4363
f 2345/4604/4362 2302/4605/4363 2344/4606/4364
f 2344/4606/4364 2302/4605/4363 2301/4607/4365
f 2344/4606/4364 2301/4607/4365 2343/4608/4366
f 2343/4608/4366 2301/4607/4365 2300/4609/4367
f 2343/4608/4366 2300/4609/4367 2342/4610/4368
f 2342/4610/4368 2300/4609/4367 2299/4611/4369
f 2342/4610/4368 2299/4611/4369 2341/4612/4370
f 2341/4612/4370 2299/4611/4369 2298/4613/4371
f 2341/4612/4370 2298/4613/4371 2340/4614/4372
f 2340/4614/4372 2298/4613/4371 2297/4615/4373
f 2340/4614/4372 2297/4615/4373 2339/4616/4374
f 2339/4616/4374 2297/4615/4373 2296/4617/4375
f 2339/4616/4374 2296/4617/4375 2338/4618/4376
f 2338/4618/4376 2296/4617/4375 2295/4619/4377
f 2338/4618/4376 2295/4619/4377 2337/4583/4341
f 2337/4583/4341 2295/4619/4377 2294/4581/4339
f 2315/4620/4378 2314/4621/4379 2356/4622/4380
f 2356/4622/4380 2314/4621/4379 2355/4623/4381
f 2356/4622/4380 2355/4623/4381 2393/4624/4382
f 2393/4624/4382 2355/4623/4381 2354/4625/4383
f 2393/4624/4382 2354/4625/4383 2392/4626/4384
f 2392/4626/4384 2354/4625/4383 2353/4627/4385
f 2392/4626/4384 2353/4627/4385 2391/4628/4386
f 2391/4628/4386 2353/4627/4385 2352/4629/4387
f 2391/4628/4386 2352/4629/4387 2390/4630/4388
f 2390/4630/4388 2352/4629/4387 2351/4631/4389
f 2390/4630/4388 2351/4631/4389 2389/4632/4390
f 2389/4632/4390 2351/4631/4389 2350/4633/4391
f 2389/4632/4390 2350/4633/4391 2388/4634/4392
f 2388/4634/4392 2350/4633/4391 2349/4635/4393
f 2388/4634/4392 2349/4635/4393 2387/4636/4394
f 2387/4636/4394 2349/4635/4393 2348/4637/4395
f 2387/4636/4394 2348/4637/4395 2386/4638/4396
f 2386/4638/4396 2348/4637/4395 2347/4639/4397
f 2386/4638/4396 2347/4639/4397 2385/4640/4398
f 2385/4640/4398 2347/4639/4397 2346/4641/4399
f 2385/4640/4398 2346/4641/4399 2345/4642/4400
f 2385/4640/4398 2345/4642/4400 2384/4643/4401
f 2384/4643/4401 2345/4642/4400 2344/4644/4402
f 2384/4643/4401 2344/4644/4402 2383/4645/4403
f 2383/4645/4403 2344/4644/4402 2343/4646/4404
f 2383/4645/4403 2343/4646/4404 2382/4647/4405
f 2382/4647/4405 2343/4646/4404 2342/4648/4406
f 2382/4647/4405 2342/4648/4406 2381/4649/4407
f 2381/4649/4407 2342/4648/4406 2341/4650/4408
f 2381/4649/4407 2341/4650/4408 2380/4651/4409
f 2380/4651/4409 2341/4650/4408 2340/4652/4410
f 2380/4651/4409 2340/4652/4410 2379/4653/4411
f 2379/4653/4411 2340/4652/4410 2339/4654/4412
f 2379/4653/4411 2339/4654/4412 2378/4655/4413
f 2378/4655/4413 2339/4654/4412 2338/4656/4414
f 2378/4655/4413 2338/4656/4414 2377/4657/4415
f 2377/4657/4415 2338/4656/4414 2337/4658/4416
f 2377/4657/4415 2337/4658/4416 2376/4659/4417
f 2376/4659/4417 2337/4658/4416 2336/4660/4418
f 2376/4659/4417 2336/4660/4418 2375/4661/4419
f 2375/4661/4419 2336/4660/4418 2335/4662/4420
f 2375/4661/4419 2335/4662/4420 2334/4663/4421
f 2375/4661/4419 2334/4663/4421 2374/4664/4422
f 2374/4664/4422 2334/4663/4421 2333/4665/4423
f 2374/4664/4422 2333/4665/4423 2373/4666/4424
f 2373/4666/4424 2333/4665/4423 2332/4667/4425
f 2373/4666/4424 2332/4667/4425 2372/4668/4426
f 2372/4668/4426 2332/4667/4425 2331/4669/4427
f 2372/4668/4426 2331/4669/4427 2371/4670/4428
f 2371/4670/4428 2331/4669/4427 2330/4671/4429
f 2371/4670/4428 2330/4671/4429 2370/4672/4430
f 2370/4672/4430 2330/4671/4429 2329/4673/4431
f 2370/4672/4430 2329/4673/4431 2369/4674/4432
f 2369/4674/4432 2329/4673/4431 2328/4675/4433
f 2369/4674/4432 2328/4675/4433 2368/4676/4434
f 2368/4676/4434 2328/4675/4433 2327/4677/4435
f 2368/4676/4434 2327/4677/4435 2367/4678/4436
f 2367/4678/4436 2327/4677/4435 2326/4679/4437
f 2367/4678/4436 2326/4679/4437 2366/4680/4438
f 2366/4680/4438 2326/4679/4437 2325/4681/4439
f 2366/4680/4438 2325/4681/4439 2324/4682/4440
f 2366/4680/4438 2324/4682/4440 2365/4683/4441
f 2365/4683/4441 2324/4682/4440 2323/4684/4442
f 2365/4683/4441 2323/4684/4442 2364/4685/4443
f 2364/4685/4443 2323/4684/4442 2322/4686/4444
f 2364/4685/4443 2322/4686/4444 2363/4687/4445
f 2363/4687/4445 2322/4686/4444 2321/4688/4446
f 2363/4687/4445 2321/4688/4446 2362/4689/4447
f 2362/4689/4447 2321/4688/4446 2320/4690/4448
f 2362/4689/4447 2320/4690/4448 2361/4691/4449
f 2361/4691/4449 2320/4690/4448 2319/4692/4450
f 2361/4691/4449 2319/4692/4450 2360/4693/4451
f 2360/4693/4451 2319/4692/4450 2318/4694/4452
f 2360/4693/4451 2318/4694/4452 2359/4695/4453
f 2359/4695/4453 2318/4694/4452 2317/4696/4454
f 2359/4695/4453 2317/4696/4454 2358/4697/4455
f 2358/4697/4455 2317/4696/4454 2316/4698/4456
f 2358/4697/4455 2316/4698/4456 2357/4699/4457
f 2357/4699/4457 2316/4698/4456 2315/4620/4378
f 2357/4699/4457 2315/4620/4378 2356/4622/4380
f 2393/4700/4458 2431/4701/4459 2356/4702/4460
f 2356/4702/4460 2431/4701/4459 2394/4703/4461
f 2356/4702/4460 2394/4703/4461 2357/4704/4462
f 2357/4704/4462 2394/4703/4461 2395/4705/4463
f 2357/4704/4462 2395/4705/4463 2358/4706/4464
f 2358/4706/4464 2395/4705/4463 2396/4707/4465
f 2358/4706/4464 2396/4707/4465 2359/4708/4466
f 2359/4708/4466 2396/4707/4465 2397/4709/4467
f 2359/4708/4466 2397/4709/4467 2360/4710/4468
f 2360/4710/4468 2397/4709/4467 2398/4711/4469
f 2360/4710/4468 2398/4711/4469 2361/4712/4470
f 2361/4712/4470 2398/4711/4469 2399/4713/4471
f 2361/4712/4470 2399/4713/4471 2362/4714/4472
f 2362/4714/4472 2399/4713/4471 2400/4715/4473
f 2362/4714/4472 2400/4715/4473 2363/4716/4474
f 2363/4716/4474 2400/4715/4473 2401/4717/4475
f 2363/4716/4474 2401/4717/4475 2364/4718/4476
f 2364/4718/4476 2401/4717/4475 2402/4719/4477
f 2364/4718/4476 2402/4719/4477 2365/4720/4478
f 2365/4720/4478 2402/4719/4477 2403/4721/4479
f 2365/4720/4478 2403/4721/4479 2366/4722/4480
f 2366/4722/4480 2403/4721/4479 2404/4723/4481
f 2366/4722/4480 2404/4723/4481 2367/4724/4482
f 2367/4724/4482 2404/4723/4481 2405/4725/4483
f 2367/4724/4482 2405/4725/4483 2368/4726/4484
f 2368/4726/4484 2405/4725/4483 2406/4727/4485
f 2368/4726/4484 2406/4727/4485 2369/4728/4486
f 2369/4728/4486 2406/4727/4485 2407/4729/4487
f 2369/4728/4486 2407/4729/4487 2370/4730/4488
f 2370/4730/4488 2407/4729/4487 2408/4731/4489
f 2370/4730/4488 2408/4731/4489 2371/4732/4490
f 2371/4732/4490 2408/4731/4489 2409/4733/4491
f 2371/4732/4490 2409/4733/4491 2372/4734/4492
f 2372/4734/4492 2409/4733/4491 2410/4735/4493
f 2372/4734/4492 2410/4735/4493 2373/4736/4494
f 2373/4736/4494 2410/4735/4493 2411/4737/4495
f 2373/4736/4494 2411/4737/4495 2374/4738/4496
f 2374/4738/4496 2411/4737/4495 2412/4739/4497
f 2374/4738/4496 2412/4739/4497 2375/4740/4498
f 2375/4740/4498 2412/4739/4497 2413/4741/4499
f 2375/4742/4498 2413/4743/4499 2376/4744/4500
f 2376/4744/4500 2413/4743/4499 2414/4745/4501
f 2376/4744/4500 2414/4745/4501 2377/4746/4502
f 2377/4746/4502 2414/4745/4501 2415/4747/4503
f 2377/4746/4502 2415/4747/4503 2378/4748/4504
f 2378/4748/4504 2415/4747/4503 2416/4749/4505
f 2378/4748/4504 2416/4749/4505 2379/4750/4506
f 2379/4750/4506 2416/4749/4505 2417/4751/4507
f 2379/4750/4506 2417/4751/4507 2380/4752/4508
f 2380/4752/4508 2417/4751/4507 2418/4753/4509
f 2380/4752/4508 2418/4753/4509 2381/4754/4510
f 2381/4754/4510 2418/4753/4509 2419/4755/4511
f 2381/4754/4510 2419/4755/4511 2382/4756/4512
f 2382/4756/4512 2419/4755/4511 2420/4757/4513
f 2382/4756/4512 2420/4757/4513 2383/4758/4514
f 2383/4758/4514 2420/4757/4513 2421/4759/4515
f 2383/4758/4514 2421/4759/4515 2384/4760/4516
f 2384/4760/4516 2421/4759/4515 2422/4761/4517
f 2384/4760/4516 2422/4761/4517 2385/4762/4518
f 2385/4762/4518 2422/4761/4517 2423/4763/4519
f 2385/4762/4518 2423/4763/4519 2386/4764/4520
f 2386/4764/4520 2423/4763/4519 2424/4765/4521
f 2386/4764/4520 2424/4765/4521 2387/4766/4522
f 2387/4766/4522 2424/4765/4521 2425/4767/4523
f 2387/4766/4522 2425/4767/4523 2388/4768/4524
f 2388/4768/4524 2425/4767/4523 2426/4769/4525
f 2388/4768/4524 2426/4769/4525 2389/4770/4526
f 2389/4770/4526 2426/4769/4525 2427/4771/4527
f 2389/4770/4526 2427/4771/4527 2390/4772/4528
f 2390/4772/4528 2427/4771/4527 2428/4773/4529
f 2390/4772/4528 2428/4773/4529 2391/4774/4530
f 2391/4774/4530 2428/4773/4529 2429/4775/4531
f 2391/4774/4530 2429/4775/4531 2392/4776/4532
f 2392/4776/4532 2429/4775/4531 2430/4777/4533
f 2392/4776/4532 2430/4777/4533 2393/4700/4458
f 2393/4700/4458 2430/4777/4533 2431/4701/4459
f 2431/4778/4534 2470/4779/4535 2394/4780/4536
f 2394/4780/4536 2470/4779/4535 2432/4781/4537
f 2394/4780/4536 2432/4781/4537 2433/4782/4538
f 2470/4779/4535 2431/4778/4534 2469/4783/4539
f 2469/4783/4539 2431/4778/4534 2430/4784/4540
f 2469/4783/4539 2430/4784/4540 2468/4785/4541
f 2468/4785/4541 2430/4784/4540 2429/4786/4542
f 2468/4785/4541 2429/4786/4542 2467/4787/4543
f 2467/4787/4543 2429/4786/4542 2428/4788/4544
f 2467/4787/4543 2428/4788/4544 2466/4789/4545
f 2466/4789/4545 2428/4788/4544 2427/4790/4546
f 2466/4789/4545 2427/4790/4546 2465/4791/4547
f 2465/4791/4547 2427/4790/4546 2426/4792/4548
f 2465/4791/4547 2426/4792/4548 2464/4793/4549
f 2464/4793/4549 2426/4792/4548 2425/4794/4550
f 2464/4793/4549 2425/4794/4550 2463/4795/4551
f 2463/4795/4551 2425/4794/4550 2424/4796/4552
f 2463/4795/4551 2424/4796/4552 2462/4797/4553
f 2462/4797/4553 2424/4796/4552 2423/4798/4554
f 2462/4797/4553 2423/4798/4554 2461/4799/4555
f 2461/4799/4555 2423/4798/4554 2422/4800/4556
f 2461/4799/4555 2422/4800/4556 2460/4801/4557
f 2460/4801/4557 2422/4800/4556 2421/4802/4558
f 2460/4801/4557 2421/4802/4558 2459/4803/4559
f 2459/4803/4559 2421/4802/4558 2420/4804/4560
f 2459/4803/4559 2420/4804/4560 2458/4805/4561
f 2458/4805/4561 2420/4804/4560 2419/4806/4562
f 2458/4805/4561 2419/4806/4562 2457/4807/4563
f 2457/4807/4563 2419/4806/4562 2418/4808/4564
f 2457/4807/4563 2418/4808/4564 2456/4809/4565
f 2456/4809/4565 2418/4808/4564 2417/4810/4566
f 2456/4809/4565 2417/4810/4566 2455/4811/4567
f 2455/4811/4567 2417/4810/4566 2416/4812/4568
f 2455/4811/4567 2416/4812/4568 2454/4813/4569
f 2454/4813/4569 2416/4812/4568 2415/4814/4570
f 2454/4813/4569 2415/4814/4570 2453/4815/4571
f 2453/4815/4571 2415/4814/4570 2414/4816/4572
f 2453/4815/4571 2414/4816/4572 2452/4817/4573
f 2452/4817/4573 2414/4816/4572 2413/4818/4574
f 2452/4817/4573 2413/4818/4574 2451/4819/4575
f 2451/4819/4575 2413/4818/4574 2412/4820/4576
f 2451/4819/4575 2412/4820/4576 2450/4821/4577
f 2450/4821/4577 2412/4820/4576 2411/4822/4578
f 2450/4821/4577 2411/4822/4578 2449/4823/4579
f 2449/4823/4579 2411/4822/4578 2410/4824/4580
f 2449/4823/4579 2410/4824/4580 2448/4825/4581
f 2448/4825/4581 2410/4824/4580 2409/4826/4582
f 2448/4825/4581 2409/4826/4582 2447/4827/4583
f 2447/4827/4583 2409/4826/4582 2408/4828/4584
f 2447/4827/4583 2408/4828/4584 2446/4829/4585
f 2446/4829/4585 2408/4828/4584 2407/4830/4586
f 2446/4829/4585 2407/4830/4586 2445/4831/4587
f 2445/4831/4587 2407/4830/4586 2406/4832/4588
f 2445/4831/4587 2406/4832/4588 2444/4833/4589
f 2444/4833/4589 2406/4832/4588 2405/4834/4590
f 2444/4833/4589 2405/4834/4590 2443/4835/4591
f 2443/4835/4591 2405/4834/4590 2404/4836/4592
f 2443/4835/4591 2404/4836/4592 2442/4837/4593
f 2442/4837/4593 2404/4836/4592 2403/4838/4594
f 2442/4837/4593 2403/4838/4594 2441/4839/4595
f 2441/4839/4595 2403/4838/4594 2402/4840/4596
f 2441/4839/4595 2402/4840/4596 2440/4841/4597
f 2440/4841/4597 2402/4840/4596 2401/4842/4598
f 2440/4841/4597 2401/4842/4598 2439/4843/4599
f 2439/4843/4599 2401/4842/4598 2400/4844/4600
f 2439/4843/4599 2400/4844/4600 2438/4845/4601
f 2438/4845/4601 2400/4844/4600 2399/4846/4602
f 2438/4845/4601 2399/4846/4602 2437/4847/4603
f 2437/4847/4603 2399/4846/4602 2398/4848/4604
f 2437/4847/4603 2398/4848/4604 2436/4849/4605
f 2436/4849/4605 2398/4848/4604 2397/4850/4606
f 2436/4849/4605 2397/4850/4606 2435/4851/4607
f 2435/4851/4607 2397/4850/4606 2396/4852/4608
f 2435/4851/4607 2396/4852/4608 2434/4853/4609
f 2434/4853/4609 2396/4852/4608 2395/4854/4610
f 2434/4853/4609 2395/4854/4610 2433/4782/4538
f 2433/4782/4538 2395/4854/4610 2394/4780/4536
f 2470/4855/4611 2471/4856/4612 2432/4857/4613
f 2432/4857/4613 2471/4856/4612 2472/4858/4614
f 2432/4857/4613 2472/4858/4614 2433/4859/4615
f 2433/4859/4615 2472/4858/4614 2473/4860/4616
f 2433/4859/4615 2473/4860/4616 2434/4861/4617
f 2434/4861/4617 2473/4860/4616 2474/4862/4618
f 2434/4861/4617 2474/4862/4618 2435/4863/4619
f 2435/4863/4619 2474/4862/4618 2475/4864/4620
f 2435/4863/4619 2475/4864/4620 2436/4865/4621
f 2436/4865/4621 2475/4864/4620 2476/4866/4622
f 2436/4865/4621 2476/4866/4622 2437/4867/4623
f 2437/4867/4623 2476/4866/4622 2477/4868/4624
f 2437/4867/4623 2477/4868/4624 2438/4869/4625
f 2438/4869/4625 2477/4868/4624 2478/4870/4626
f 2438/4869/4625 2478/4870/4626 2439/4871/4627
f 2439/4871/4627 2478/4870/4626 2479/4872/4628
f 2439/4871/4627 2479/4872/4628 2440/4873/4629
f 2440/4873/4629 2479/4872/4628 2480/4874/4630
f 2440/4873/4629 2480/4874/4630 2441/4875/4631
f 2441/4875/4631 2480/4874/4630 2481/4876/4632
f 2441/4875/4631 2481/4876/4632 2442/4877/4633
f 2442/4877/4633 2481/4876/4632 2482/4878/4634
f 2442/4877/4633 2482/4878/4634 2443/4879/4635
f 2443/4879/4635 2482/4878/4634 2483/4880/4636
f 2443/4879/4635 2483/4880/4636 2444/4881/4637
f 2444/4881/4637 2483/4880/4636 2484/4882/4638
f 2444/4881/4637 2484/4882/4638 2445/4883/4639
f 2445/4883/4639 2484/4882/4638 2485/4884/4640
f 2445/4883/4639 2485/4884/4640 2446/4885/4641
f 2446/4885/4641 2485/4884/4640 2486/4886/4642
f 2446/4885/4641 2486/4886/4642 2447/4887/4643
f 2447/4887/4643 2486/4886/4642 2487/4888/4644
f 2447/4887/4643 2487/4888/4644 2448/4889/4645
f 2448/4889/4645 2487/4888/4644 2488/4890/4646
f 2448/4889/4645 2488/4890/4646 2449/4891/4647
f 2449/4891/4647 2488/4890/4646 2489/4892/4648
f 2449/4891/4647 2489/4892/4648 2450/4893/4649
f 2450/4893/4649 2489/4892/4648 2490/4894/4650
f 2450/4893/4649 2490/4894/4650 2451/4895/4651
f 2451/4896/4651 2490/4897/4650 2491/4898/4652
f 2451/4896/4651 2491/4898/4652 2452/4899/4653
f 2452/4899/4653 2491/4898/4652 2492/4900/4654
f 2452/4899/4653 2492/4900/4654 2453/4901/4655
f 2453/4901/4655 2492/4900/4654 2493/4902/4656
f 2453/4901/4655 2493/4902/4656 2454/4903/4657
f 2454/4903/4657 2493/4902/4656 2494/4904/4658
f 2454/4903/4657 2494/4904/4658 2455/4905/4659
f 2455/4905/4659 2494/4904/4658 2495/4906/4660
f 2455/4905/4659 2495/4906/4660 2456/4907/4661
f 2456/4907/4661 2495/4906/4660 2496/4908/4662
f 2456/4907/4661 2496/4908/4662 2457/4909/4663
f 2457/4909/4663 2496/4908/4662 2497/4910/4664
f 2457/4909/4663 2497/4910/4664 2458/4911/4665
f 2458/4911/4665 2497/4910/4664 2498/4912/4666
f 2458/4911/4665 2498/4912/4666 2459/4913/4667
f 2459/4913/4667 2498/4912/4666 2499/4914/4668
f 2459/4913/4667 2499/4914/4668 2460/4915/4669
f 2460/4915/4669 2499/4914/4668 2500/4916/4670
f 2460/4915/4669 2500/4916/4670 2461/4917/4671
f 2461/4917/4671 2500/4916/4670 2501/4918/4672
f 2461/4917/4671 2501/4918/4672 2462/4919/4673
f 2462/4919/4673 2501/4918/4672 2502/4920/4674
f 2462/4919/4673 2502/4920/4674 2463/4921/4675
f 2463/4921/4675 2502/4920/4674 2503/4922/4676
f 2463/4921/4675 2503/4922/4676 2464/4923/4677
f 2464/4923/4677 2503/4922/4676 2504/4924/4678
f 2464/4923/4677 2504/4924/4678 2465/4925/4679
f 2465/4925/4679 2504/4924/4678 2505/4926/4680
f 2465/4925/4679 2505/4926/4680 2466/4927/4681
f 2466/4927/4681 2505/4926/4680 2506/4928/4682
f 2466/4927/4681 2506/4928/4682 2467/4929/4683
f 2467/4929/4683 2506/4928/4682 2507/4930/4684
f 2467/4929/4683 2507/4930/4684 2468/4931/4685
f 2468/4931/4685 2507/4930/4684 2508/4932/4686
f 2468/4931/4685 2508/4932/4686 2469/4933/4687
f 2469/4933/4687 2508/4932/4686 2509/4934/4688
f 2469/4933/4687 2509/4934/4688 2470/4855/4611
f 2470/4855/4611 2509/4934/4688 2471/4856/4612
f 2472/4935/4689 2471/4936/4690 1849/4937/4691
f 1849/4937/4691 2471/4936/4690 2509/4938/4692
f 1849/4937/4691 2509/4938/4692 1850/4939/4693
f 1850/4939/4693 2509/4938/4692 2508/4940/4694
f 1850/4939/4693 2508/4940/4694 1851/4941/4695
f 1851/4941/4695 2508/4940/4694 2507/4942/4696
f 1851/4941/4695 2507/4942/4696 1852/4943/4697
f 1852/4943/4697 2507/4942/4696 2506/4944/4698
f 1852/4943/4697 2506/4944/4698 1853/4945/4699
f 1853/4945/4699 2506/4944/4698 2505/4946/4700
f 1853/4945/4699 2505/4946/4700 1854/4947/4701
f 1854/4947/4701 2505/4946/4700 2504/4948/4702
f 1854/4947/4701 2504/4948/4702 1855/4949/4703
f 1855/4949/4703 2504/4948/4702 2503/4950/4704
f 1855/4949/4703 2503/4950/4704 1856/4951/4705
f 1856/4951/4705 2503/4950/4704 2502/4952/4706
f 1856/4951/4705 2502/4952/4706 1857/4953/4707
f 1857/4953/4707 2502/4952/4706 2501/4954/4708
f 1857/4953/4707 2501/4954/4708 1858/4955/4709
f 1858/4955/4709 2501/4954/4708 2500/4956/4710
f 1858/4955/4709 2500/4956/4710 1859/4957/4711
f 1859/4957/4711 2500/4956/4710 2499/4958/4712
f 1859/4957/4711 2499/4958/4712 1860/4959/4713
f 1860/4959/4713 2499/4958/4712 2498/4960/4714
f 1860/4959/4713 2498/4960/4714 1861/4961/4715
f 1861/4961/4715 2498/4960/4714 2497/4962/4716
f 1861/4961/4715 2497/4962/4716 2496/4963/4717
f 1861/4961/4715 2496/4963/4717 1862/4964/4718
f 1862/4964/4718 2496/4963/4717 2495/4965/4719
f 1862/4964/4718 2495/4965/4719 1863/4966/4720
f 1863/4966/4720 2495/4965/4719 2494/4967/4721
f 1863/4966/4720 2494/4967/4721 1864/4968/4722
f 1864/4968/4722 2494/4967/4721 2493/4969/4723
f 1864/4968/4722 2493/4969/4723 1865/4970/4724
f 1865/4970/4724 2493/4969/4723 2492/4971/4725
f 1865/4970/4724 2492/4971/4725 1866/4972/4726
f 1866/4972/4726 2492/4971/4725 2491/4973/4727
f 1866/4972/4726 2491/4973/4727 1867/4974/4728
f 1867/4974/4728 2491/4973/4727 2490/4975/4729
f 1867/4974/4728 2490/4975/4729 1868/4976/4730
f 1868/4976/4730 2490/4975/4729 2489/4977/4731
f 1868/4976/4730 2489/4977/4731 1869/4978/4732
f 1869/4978/4732 2489/4977/4731 2488/4979/4733
f 1869/4978/4732 2488/4979/4733 1870/4980/4734
f 1870/4980/4734 2488/4979/4733 2487/4981/4735
f 1870/4980/4734 2487/4981/4735 1871/4982/4736
f 1871/4982/4736 2487/4981/4735 2486/4983/4737
f 1871/4982/4736 2486/4983/4737 1872/4984/4738
f 1872/4984/4738 2486/4983/4737 2485/4985/4739
f 1872/4984/4738 2485/4985/4739 1873/4986/4740
f 1873/4986/4740 2485/4985/4739 2484/4987/4741
f 1873/4986/4740 2484/4987/4741 2483/4988/4742
f 1873/4986/4740 2483/4988/4742 1874/4989/4743
f 1874/4989/4743 2483/4988/4742 2482/4990/4744
f 1874/4989/4743 2482/4990/4744 1875/4991/4745
f 1875/4991/4745 2482/4990/4744 2481/4992/4746
f 1875/4991/4745 2481/4992/4746 1876/4993/4747
f 1876/4993/4747 2481/4992/4746 2480/4994/4748
f 1876/4993/4747 2480/4994/4748 1877/4995/4749
f 1877/4995/4749 2480/4994/4748 2479/4996/4750
f 1877/4995/4749 2479/4996/4750 1878/4997/4751
f 1878/4997/4751 2479/4996/4750 2478/4998/4752
f 1878/4997/4751 2478/4998/4752 1879/4999/4753
f 1879/4999/4753 2478/4998/4752 2477/5000/4754
f 1879/4999/4753 2477/5000/4754 1880/5001/4755
f 1880/5001/4755 2477/5000/4754 2476/5002/4756
f 1880/5001/4755 2476/5002/4756 1881/5003/4757
f 1881/5003/4757 2476/5002/4756 2475/5004/4758
f 1881/5003/4757 2475/5004/4758 1882/5005/4759
f 1882/5005/4759 2475/5004/4758 2474/5006/4760
f 1882/5005/4759 2474/5006/4760 1883/5007/4761
f 1883/5007/4761 2474/5006/4760 2473/5008/4762
f 1883/5007/4761 2473/5008/4762 1884/5009/4763
f 1884/5009/4763 2473/5008/4762 2472/4935/4689
f 1884/5009/4763 2472/4935/4689 1849/4937/4691
f 1830/5010/4764 1829/5011/4765 2174/5012/4766
f 2174/5012/4766 1829/5011/4765 2175/5013/4767
f 2175/5013/4767 1829/5011/4765 1828/5014/4768
f 2175/5013/4767 1828/5014/4768 2176/5015/4769
f 2176/5015/4769 1828/5014/4768 2177/5016/4770
f 2177/5016/4770 1828/5014/4768 2165/5017/4771
f 2177/5016/4770 2165/5017/4771 2178/5018/4772
f 1768/5019/4773 1767/5020/4774 1828/5014/4768
f 1828/5014/4768 1767/5020/4774 2165/5017/4771
# 2509 vertices
# 5020 texture params
# 4774 normals
# 5078 facets

# 1 groups
